PM2.5,PM10,NO2,SO2,CO,O3,Temperature,Humidity,WindSpeed,AQI,Category
42.96,138.99,23.71,20.44,1.03,58.24,15.6,43.4,0.91,121,Unhealthy for Sensitive Groups
39.0,51.13,40.49,21.95,1.405,49.88,15.8,45.1,4.15,110,Unhealthy for Sensitive Groups
26.5,61.92,59.62,5.02,0.138,42.19,18.9,60.6,0.15,81,Moderate
26.5,47.22,55.47,16.41,0.555,61.67,24.4,85.0,12.34,77,Moderate
97.59,234.56,41.12,12.04,1.566,71.69,13.1,35.2,0.96,176,Unhealthy
81.99,142.57,26.56,16.08,1.14,59.76,22.5,55.1,1.16,159,Unhealthy
27.84,35.6,70.33,1.0,4.085,107.32,17.8,57.4,0.85,75,Moderate
55.21,71.73,71.97,24.32,0.539,62.52,23.8,89.8,2.77,158,Unhealthy
36.61,87.71,14.44,4.93,3.06,72.92,34.2,60.2,0.1,111,Unhealthy for Sensitive Groups
7.1,15.58,38.52,3.77,1.515,82.08,27.1,78.6,0.29,38,Good
14.28,41.09,18.74,51.45,2.174,69.91,18.9,26.6,0.31,57,Moderate
62.31,50.01,54.8,42.32,0.411,35.82,24.5,44.5,3.28,153,Unhealthy
92.15,122.42,16.92,1.0,1.154,39.34,31.0,65.9,1.2,167,Unhealthy
26.65,62.41,46.4,6.43,1.011,32.39,32.0,70.8,1.73,72,Moderate
28.91,36.48,46.59,9.93,0.584,27.01,27.1,86.4,8.99,81,Moderate
42.01,99.53,16.96,38.49,1.932,66.83,43.0,64.3,0.67,112,Unhealthy for Sensitive Groups
20.12,30.89,43.65,25.94,0.815,91.01,16.2,41.7,0.22,68,Moderate
34.95,44.08,22.33,2.48,1.486,77.95,30.3,60.4,1.75,107,Unhealthy for Sensitive Groups
38.64,103.04,5.72,14.73,0.226,77.61,24.3,73.4,0.54,101,Unhealthy for Sensitive Groups
13.72,18.72,11.09,9.99,1.036,34.36,35.2,78.8,0.47,57,Moderate
52.08,143.81,49.95,10.32,1.632,72.33,25.1,90.8,1.58,145,Unhealthy for Sensitive Groups
11.82,18.51,76.24,7.03,0.497,73.24,45.0,34.3,3.32,66,Moderate
10.67,26.18,77.48,10.06,0.774,101.89,25.9,69.6,0.83,68,Moderate
57.79,92.67,27.75,23.65,0.836,68.43,32.3,35.0,6.26,153,Unhealthy
68.22,107.49,31.57,11.32,0.835,103.47,23.0,43.8,1.35,159,Unhealthy
48.09,93.42,26.18,12.41,0.333,63.12,28.4,30.7,8.16,138,Unhealthy for Sensitive Groups
46.82,71.53,42.84,26.08,1.659,71.2,18.9,78.0,2.03,131,Unhealthy for Sensitive Groups
41.02,56.46,12.92,19.44,0.647,89.12,29.3,88.5,3.89,108,Unhealthy for Sensitive Groups
30.83,45.89,24.02,26.28,1.377,66.26,5.4,22.2,5.67,90,Moderate
81.67,140.17,42.48,5.1,0.949,22.14,19.6,81.0,2.26,160,Unhealthy
53.06,67.52,68.92,13.73,0.377,35.18,18.1,38.1,5.7,133,Unhealthy for Sensitive Groups
38.56,46.69,53.44,13.31,1.122,126.62,44.0,56.5,1.42,112,Unhealthy for Sensitive Groups
18.94,34.9,22.16,11.48,0.482,62.5,17.7,76.1,1.35,68,Moderate
74.82,97.31,18.44,9.54,0.631,77.37,20.2,58.0,4.74,160,Unhealthy
80.51,163.49,71.74,41.22,0.151,33.37,17.4,37.3,0.83,172,Unhealthy
90.02,124.82,11.23,8.54,1.632,68.5,29.1,88.0,3.79,162,Unhealthy
22.79,55.59,11.63,33.54,0.213,93.25,21.7,64.5,0.24,78,Moderate
31.37,44.63,50.64,56.98,1.655,13.29,20.4,89.8,3.03,87,Moderate
22.11,41.83,44.49,3.9,0.804,65.22,45.0,83.5,8.54,74,Moderate
37.71,85.85,5.5,2.39,0.966,65.02,26.5,85.7,1.83,111,Unhealthy for Sensitive Groups
64.73,120.34,27.89,1.0,0.569,68.08,31.8,47.1,1.61,151,Unhealthy
95.81,159.91,5.5,33.16,0.226,112.92,29.1,94.0,2.33,168,Unhealthy
64.2,53.98,38.0,33.86,2.046,53.44,16.6,83.9,3.81,157,Unhealthy
31.57,47.1,32.04,4.2,0.413,48.22,19.2,45.3,1.33,86,Moderate
49.48,57.36,106.87,26.63,2.445,55.64,13.8,87.2,0.1,138,Unhealthy for Sensitive Groups
106.57,240.85,50.09,5.9,2.921,119.19,12.7,76.6,2.09,177,Unhealthy
45.49,65.4,51.26,14.2,1.325,63.96,25.3,74.4,1.63,127,Unhealthy for Sensitive Groups
41.08,79.32,95.39,31.43,0.742,74.47,26.0,20.5,2.28,111,Unhealthy for Sensitive Groups
26.77,68.68,60.17,19.59,0.244,5.0,23.7,21.7,3.77,77,Moderate
39.4,92.64,29.57,5.25,1.499,62.81,28.8,72.1,1.0,103,Unhealthy for Sensitive Groups
27.64,41.21,25.75,15.07,2.067,55.68,23.3,40.9,2.11,85,Moderate
29.88,67.58,66.36,9.36,0.883,62.32,37.4,24.4,0.88,82,Moderate
54.9,165.19,46.63,26.36,0.863,51.95,20.0,41.4,1.84,147,Unhealthy for Sensitive Groups
62.89,67.95,65.38,19.11,1.219,27.68,34.8,82.8,1.27,158,Unhealthy
54.12,65.4,47.9,18.97,0.462,53.19,32.6,55.3,1.38,156,Unhealthy
70.71,117.32,29.01,4.87,0.149,97.72,-0.6,66.2,2.6,160,Unhealthy
30.16,31.66,97.98,4.69,1.075,63.1,9.9,80.0,3.51,98,Moderate
34.04,58.34,27.04,16.02,0.187,15.09,7.8,44.3,0.1,90,Moderate
47.38,110.35,19.04,29.36,0.774,30.64,28.0,20.8,6.28,127,Unhealthy for Sensitive Groups
46.33,84.77,27.6,47.81,0.497,67.02,14.1,44.2,1.36,125,Unhealthy for Sensitive Groups
9.79,36.8,13.27,1.29,0.625,33.46,35.4,91.8,3.1,42,Good
28.88,62.5,58.47,14.34,0.673,65.84,14.1,56.2,0.39,84,Moderate
38.37,68.2,40.56,31.58,1.255,91.25,26.8,62.7,2.54,118,Unhealthy for Sensitive Groups
40.57,67.01,5.0,24.33,0.542,71.81,14.9,77.0,3.4,115,Unhealthy for Sensitive Groups
36.98,101.61,36.54,18.45,0.926,35.47,30.7,28.6,0.51,108,Unhealthy for Sensitive Groups
48.18,92.34,36.83,31.16,0.304,64.27,21.8,75.0,7.3,134,Unhealthy for Sensitive Groups
7.76,10.27,37.06,4.34,0.389,78.55,20.5,42.3,4.25,29,Good
42.13,44.42,44.29,25.01,1.318,41.84,18.1,49.1,2.29,114,Unhealthy for Sensitive Groups
40.62,68.85,22.28,32.85,0.545,33.0,13.9,40.2,0.54,111,Unhealthy for Sensitive Groups
162.18,185.37,20.76,3.48,0.328,57.76,28.6,31.5,6.02,218,Very Unhealthy
27.3,59.54,40.33,19.13,0.927,98.76,18.2,47.1,0.21,87,Moderate
38.04,111.46,9.46,26.6,0.792,35.38,45.0,27.1,0.37,108,Unhealthy for Sensitive Groups
85.57,110.52,16.48,28.56,2.252,49.08,40.9,83.4,3.59,167,Unhealthy
62.51,145.29,17.89,1.09,1.177,30.23,22.3,42.9,0.88,157,Unhealthy
115.99,171.28,83.93,7.22,0.336,41.17,20.9,69.0,1.84,174,Unhealthy
13.64,23.81,85.12,1.0,0.163,56.74,23.1,42.3,2.32,84,Moderate
18.2,46.24,17.76,40.92,0.797,56.31,40.0,35.8,1.84,56,Moderate
25.84,41.72,15.23,9.88,1.606,5.0,45.0,73.5,0.26,78,Moderate
10.65,26.46,36.56,4.37,0.788,54.23,5.3,66.8,4.01,48,Good
53.1,66.54,36.79,3.83,0.816,104.12,38.4,36.4,0.82,139,Unhealthy for Sensitive Groups
25.17,28.63,76.97,7.64,0.234,63.56,22.1,65.9,4.02,85,Moderate
125.02,221.74,61.92,32.89,0.482,53.88,16.8,20.4,6.01,190,Unhealthy
21.71,49.77,100.53,5.09,0.113,45.79,36.2,33.3,2.31,71,Moderate
40.4,52.32,20.61,45.26,1.206,36.9,25.8,74.6,3.68,113,Unhealthy for Sensitive Groups
64.77,126.98,58.59,2.45,1.033,62.67,38.7,50.8,0.11,150,Unhealthy for Sensitive Groups
16.1,33.12,27.1,69.26,0.865,71.29,34.5,35.3,0.11,53,Moderate
10.03,25.52,14.43,7.82,0.385,103.47,28.3,57.9,0.66,37,Good
48.51,70.74,26.74,46.11,0.292,41.46,41.2,54.9,1.33,130,Unhealthy for Sensitive Groups
50.93,106.64,29.02,40.98,1.03,92.42,23.5,67.5,0.61,140,Unhealthy for Sensitive Groups
82.68,121.86,94.54,40.85,1.004,91.46,14.0,25.4,3.02,160,Unhealthy
70.89,97.71,10.48,12.97,1.425,49.89,44.2,81.5,0.97,156,Unhealthy
47.41,91.41,18.2,3.0,0.999,41.74,22.6,24.4,5.61,134,Unhealthy for Sensitive Groups
25.98,55.96,38.83,17.34,1.338,24.12,26.7,54.0,2.47,73,Moderate
50.03,113.11,14.95,5.83,1.015,60.82,19.4,73.3,1.42,130,Unhealthy for Sensitive Groups
37.83,85.49,75.27,41.14,1.83,52.81,26.0,45.9,6.71,105,Unhealthy for Sensitive Groups
25.27,53.28,114.25,16.51,0.589,86.79,28.2,88.3,5.29,103,Unhealthy for Sensitive Groups
145.94,162.44,43.19,14.38,1.005,68.82,13.9,76.6,5.14,197,Unhealthy
68.83,115.67,65.69,6.26,1.278,10.45,14.1,52.0,3.91,164,Unhealthy
20.3,45.13,92.53,8.94,0.842,58.39,16.2,33.8,2.86,87,Moderate
70.17,135.17,32.8,22.92,0.1,67.67,23.7,23.3,1.37,152,Unhealthy
70.5,140.26,48.45,19.72,1.223,54.24,29.3,80.1,1.65,148,Unhealthy for Sensitive Groups
40.79,95.45,9.69,26.63,0.473,82.27,38.0,34.6,3.12,112,Unhealthy for Sensitive Groups
26.28,78.2,5.0,28.44,0.352,45.89,45.0,40.2,0.57,82,Moderate
22.24,59.73,63.41,30.59,0.253,85.94,26.8,20.8,5.28,74,Moderate
36.99,55.37,31.26,3.66,1.457,46.13,20.5,21.4,8.37,103,Unhealthy for Sensitive Groups
39.0,114.96,81.48,20.56,0.885,51.75,1.2,37.3,0.31,107,Unhealthy for Sensitive Groups
31.48,73.54,16.55,19.34,0.279,108.71,27.6,85.5,0.1,92,Moderate
91.58,138.24,11.19,2.31,0.321,27.05,23.3,78.6,0.46,170,Unhealthy
63.84,132.73,65.09,21.65,0.808,62.35,21.4,77.7,4.28,150,Unhealthy for Sensitive Groups
22.45,32.22,106.12,40.58,0.28,68.7,18.4,82.0,0.34,104,Unhealthy for Sensitive Groups
22.04,37.53,15.9,22.12,0.892,44.59,18.7,34.0,1.4,74,Moderate
42.58,79.99,12.55,2.65,1.655,71.72,28.3,93.4,0.2,110,Unhealthy for Sensitive Groups
26.7,46.26,65.56,5.85,1.883,78.41,31.4,37.4,1.7,79,Moderate
48.91,110.37,98.39,18.15,1.463,66.98,24.7,31.2,2.78,128,Unhealthy for Sensitive Groups
42.34,66.4,38.99,4.78,2.361,64.88,32.9,42.1,2.97,117,Unhealthy for Sensitive Groups
37.1,90.62,19.2,23.66,0.936,73.08,37.9,59.8,2.2,101,Unhealthy for Sensitive Groups
22.65,29.84,84.85,14.58,3.197,41.19,24.1,29.3,8.35,84,Moderate
12.16,20.41,29.47,30.0,2.773,44.23,37.2,75.4,2.27,45,Good
58.44,61.28,25.63,10.72,0.978,71.56,15.5,47.9,5.88,154,Unhealthy
11.54,17.01,17.75,18.53,0.581,50.78,27.9,62.6,14.9,59,Moderate
25.94,50.4,70.15,6.87,0.63,58.74,21.2,75.1,0.78,81,Moderate
47.54,63.56,38.07,14.05,0.13,5.0,29.9,87.6,0.93,136,Unhealthy for Sensitive Groups
40.56,90.59,46.79,3.42,0.587,76.78,3.4,81.5,2.21,112,Unhealthy for Sensitive Groups
17.47,34.6,66.37,33.57,0.199,93.13,36.8,60.3,0.6,58,Moderate
82.84,157.42,30.71,10.33,1.58,75.3,24.5,94.3,2.49,163,Unhealthy
74.11,167.27,65.71,32.22,0.163,79.14,29.3,59.7,3.46,163,Unhealthy
54.3,74.17,33.65,10.53,1.197,83.14,17.1,60.2,0.19,147,Unhealthy for Sensitive Groups
59.68,75.52,24.71,4.68,0.574,55.38,41.7,31.9,3.43,151,Unhealthy
59.73,128.86,9.85,13.79,1.56,37.74,28.4,31.2,0.52,156,Unhealthy
91.17,142.22,35.1,3.13,0.641,73.02,21.2,32.7,1.07,168,Unhealthy
47.14,121.5,70.16,10.09,1.243,86.66,4.0,64.4,4.03,121,Unhealthy for Sensitive Groups
21.9,34.53,58.22,28.98,1.181,32.9,21.5,51.1,0.54,74,Moderate
26.44,48.21,37.26,21.14,0.558,77.96,1.8,48.9,2.28,82,Moderate
179.52,177.8,17.2,15.96,1.011,67.2,26.3,29.6,2.67,235,Very Unhealthy
7.5,13.91,21.87,10.38,1.28,57.23,30.9,48.6,0.54,33,Good
27.78,52.92,52.72,42.79,1.565,53.41,32.1,48.3,0.96,80,Moderate
60.44,143.45,49.69,16.38,0.1,66.82,16.4,66.6,2.8,155,Unhealthy
22.95,56.03,59.15,7.0,0.193,43.93,18.7,49.1,1.86,73,Moderate
65.91,102.45,44.33,28.21,1.351,135.65,24.1,51.4,3.24,157,Unhealthy
52.29,62.82,22.7,22.64,0.546,26.79,19.5,40.4,5.79,147,Unhealthy for Sensitive Groups
31.41,69.8,80.88,5.82,0.876,5.0,8.4,29.9,0.44,89,Moderate
6.19,10.82,21.74,36.7,0.113,67.29,18.8,42.5,0.22,24,Good
44.15,91.26,62.8,16.8,3.212,62.23,29.0,23.2,3.3,110,Unhealthy for Sensitive Groups
17.24,29.21,21.63,18.8,0.323,73.34,20.4,35.3,4.42,70,Moderate
46.85,45.05,128.01,38.6,1.039,5.0,22.6,44.4,1.79,128,Unhealthy for Sensitive Groups
59.36,113.22,27.33,2.72,0.396,14.16,19.8,30.9,1.5,149,Unhealthy for Sensitive Groups
73.4,115.05,26.91,6.24,1.919,48.87,45.0,69.9,2.72,164,Unhealthy
22.18,58.15,25.2,39.08,1.577,81.96,26.3,41.1,2.41,78,Moderate
31.36,54.13,22.99,5.71,1.723,14.59,27.2,66.2,2.02,83,Moderate
18.49,31.84,19.57,14.4,1.203,71.21,19.3,68.3,5.12,61,Moderate
75.6,117.95,18.89,43.45,1.451,53.86,29.7,53.5,0.57,162,Unhealthy
164.55,269.32,103.95,4.15,0.525,63.97,26.0,53.7,3.43,209,Very Unhealthy
95.22,126.63,20.69,1.0,2.05,59.34,7.6,63.6,4.06,168,Unhealthy
108.05,115.33,32.04,3.52,0.737,59.55,40.0,39.7,6.95,171,Unhealthy
25.4,22.06,143.34,14.22,0.338,59.44,23.9,21.6,8.71,109,Unhealthy for Sensitive Groups
51.98,93.15,64.12,11.41,0.736,87.61,30.4,68.4,2.13,136,Unhealthy for Sensitive Groups
82.34,150.28,82.37,10.2,0.618,60.87,18.7,65.6,1.71,177,Unhealthy
1.0,7.59,117.66,9.25,0.792,85.44,29.5,55.7,2.1,112,Unhealthy for Sensitive Groups
17.67,28.13,30.82,5.61,0.332,48.99,31.7,85.7,3.96,57,Moderate
80.17,246.59,5.0,9.59,1.513,87.95,10.4,58.1,0.1,154,Unhealthy
12.06,14.09,59.37,20.34,0.413,54.1,30.2,42.8,0.57,49,Good
72.81,204.59,22.65,26.24,1.008,54.39,23.9,73.5,7.15,157,Unhealthy
15.58,17.32,170.39,22.19,1.172,15.59,14.7,92.2,0.65,114,Unhealthy for Sensitive Groups
20.18,18.65,5.5,9.36,1.134,37.43,41.7,75.3,0.78,61,Moderate
52.57,128.86,15.06,11.54,1.203,42.46,15.7,88.2,8.41,141,Unhealthy for Sensitive Groups
40.88,55.75,21.06,29.04,0.325,14.77,27.3,28.5,1.05,113,Unhealthy for Sensitive Groups
32.62,57.03,34.41,28.71,1.344,38.42,12.6,29.1,1.03,88,Moderate
78.34,157.84,8.19,56.08,0.26,77.17,14.0,31.6,7.72,169,Unhealthy
11.63,18.11,34.75,10.29,0.171,79.91,35.6,72.7,1.41,50,Good
28.09,44.49,16.09,3.2,0.844,17.87,21.5,49.2,2.04,86,Moderate
56.76,73.64,67.06,15.21,0.572,101.56,39.4,55.8,2.47,163,Unhealthy
61.01,62.82,108.78,23.27,1.281,80.98,20.9,39.6,6.08,148,Unhealthy for Sensitive Groups
19.77,55.85,20.66,30.62,2.029,112.01,20.4,75.2,0.24,71,Moderate
20.3,50.97,38.94,8.29,1.343,87.66,17.4,83.4,0.91,76,Moderate
72.73,105.92,36.79,17.56,0.352,107.3,20.1,32.0,2.65,167,Unhealthy
88.43,116.33,41.05,25.39,0.397,70.47,31.2,34.5,1.71,171,Unhealthy
62.04,118.86,12.32,14.06,0.376,40.59,25.9,45.5,0.98,145,Unhealthy for Sensitive Groups
27.17,51.09,39.34,11.42,1.387,66.53,21.9,41.0,1.58,84,Moderate
33.75,50.78,81.22,20.64,0.771,5.0,31.9,59.9,10.17,93,Moderate
49.98,96.89,57.53,1.0,1.073,55.98,30.5,76.4,0.1,137,Unhealthy for Sensitive Groups
33.75,59.67,12.33,10.6,0.275,58.87,22.2,79.5,0.48,101,Unhealthy for Sensitive Groups
60.9,97.79,10.51,62.88,1.068,84.14,40.2,35.6,0.1,155,Unhealthy
27.11,61.37,23.55,19.57,0.576,65.18,9.6,33.2,2.7,76,Moderate
84.78,140.55,23.42,64.15,2.498,48.97,29.1,47.3,0.1,159,Unhealthy
71.25,110.56,21.82,16.33,0.271,25.06,23.8,31.1,1.82,155,Unhealthy
84.82,151.73,18.28,36.52,0.216,41.19,30.0,26.9,5.88,165,Unhealthy
39.56,97.78,33.79,9.21,0.681,54.4,26.0,38.2,0.31,117,Unhealthy for Sensitive Groups
62.71,107.54,66.44,10.63,0.639,42.41,27.6,49.5,1.36,156,Unhealthy
28.52,63.87,13.95,7.26,1.965,5.0,7.1,64.1,1.42,84,Moderate
23.2,48.41,18.47,34.4,0.528,59.71,27.3,74.2,1.35,73,Moderate
137.34,189.06,12.3,5.42,3.109,48.35,35.4,36.7,3.9,192,Unhealthy
62.75,100.26,30.46,1.41,0.748,47.88,19.0,81.4,0.1,158,Unhealthy
83.15,109.3,79.86,31.24,0.377,64.1,35.0,22.5,4.54,160,Unhealthy
38.68,58.14,30.61,4.82,0.565,48.6,21.5,53.3,5.48,114,Unhealthy for Sensitive Groups
19.73,21.18,51.28,27.63,1.297,86.93,19.1,67.5,1.69,70,Moderate
92.25,175.52,95.36,11.22,1.16,41.56,19.3,41.8,6.55,168,Unhealthy
38.76,53.89,43.92,89.09,2.326,39.44,14.8,71.3,1.44,122,Unhealthy for Sensitive Groups
40.8,105.41,12.6,55.83,0.196,41.05,25.7,85.0,3.56,119,Unhealthy for Sensitive Groups
33.66,30.63,18.54,4.16,0.575,64.43,18.8,26.7,1.48,95,Moderate
50.44,68.01,18.26,13.97,4.168,64.04,19.5,58.4,0.12,141,Unhealthy for Sensitive Groups
21.64,67.02,85.16,1.39,0.436,46.01,18.2,21.4,0.26,82,Moderate
30.58,61.01,139.42,21.47,1.784,59.67,28.3,41.0,1.75,104,Unhealthy for Sensitive Groups
50.02,109.75,27.51,4.81,0.1,69.52,12.3,30.3,13.84,134,Unhealthy for Sensitive Groups
11.84,39.52,70.89,14.78,0.426,74.98,30.9,66.8,0.59,68,Moderate
16.03,17.81,103.59,1.0,1.148,57.09,30.0,38.7,6.78,93,Moderate
25.18,37.54,10.67,1.0,1.174,40.29,30.1,41.2,7.55,71,Moderate
33.61,79.07,102.46,5.7,1.031,40.32,15.2,35.4,1.58,103,Unhealthy for Sensitive Groups
86.35,160.33,35.73,6.76,1.124,66.57,27.4,38.3,1.86,164,Unhealthy
45.39,69.05,34.34,42.89,1.758,78.12,38.0,36.9,2.1,135,Unhealthy for Sensitive Groups
30.81,86.83,9.29,9.63,0.773,63.77,12.9,72.3,4.41,93,Moderate
41.39,68.41,138.99,23.42,2.267,50.33,26.8,91.7,0.4,117,Unhealthy for Sensitive Groups
48.19,92.29,35.25,1.18,0.851,45.76,13.9,56.8,1.2,134,Unhealthy for Sensitive Groups
20.93,36.55,99.89,18.82,0.779,80.17,22.3,65.0,0.56,98,Moderate
47.05,88.52,99.29,17.68,0.13,29.31,24.7,81.4,6.32,133,Unhealthy for Sensitive Groups
50.64,110.35,25.37,26.69,1.976,48.11,18.7,55.7,0.22,138,Unhealthy for Sensitive Groups
49.77,55.47,39.74,16.97,0.179,96.0,17.5,42.7,4.13,137,Unhealthy for Sensitive Groups
43.27,60.09,21.47,60.11,1.625,89.24,27.6,91.3,1.74,118,Unhealthy for Sensitive Groups
31.72,51.19,17.23,10.21,1.321,65.0,14.9,88.0,3.76,98,Moderate
59.11,78.17,50.69,5.22,2.214,47.85,30.2,36.5,6.62,148,Unhealthy for Sensitive Groups
166.9,296.27,74.09,27.79,0.122,53.67,42.4,72.7,1.25,206,Very Unhealthy
24.2,22.43,6.0,19.09,2.59,62.16,12.2,68.5,0.77,73,Moderate
104.44,186.55,5.0,5.47,0.562,112.69,11.6,68.7,3.15,183,Unhealthy
21.26,40.8,22.04,23.77,0.458,85.61,9.8,82.3,18.01,74,Moderate
7.09,14.01,53.69,34.96,0.279,82.3,20.2,70.6,3.92,35,Good
21.33,54.44,64.48,19.81,0.697,56.12,33.6,58.9,4.76,71,Moderate
53.65,75.31,38.33,16.97,1.003,47.59,34.5,83.5,2.98,146,Unhealthy for Sensitive Groups
146.67,160.31,35.57,2.53,1.198,55.08,29.2,39.9,1.38,195,Unhealthy
25.62,37.02,65.84,9.89,0.51,84.89,27.0,70.9,3.19,76,Moderate
53.54,96.17,15.52,5.06,0.441,100.65,37.8,72.6,0.41,145,Unhealthy for Sensitive Groups
14.78,21.39,39.06,24.32,2.732,38.67,20.1,85.3,2.01,56,Moderate
121.48,272.29,33.1,2.66,1.027,5.0,30.6,94.9,2.55,184,Unhealthy
87.27,136.44,41.36,3.0,1.222,53.73,44.9,61.8,7.12,168,Unhealthy
30.63,51.02,81.21,4.46,1.618,86.53,37.3,56.3,7.57,87,Moderate
69.59,187.01,5.35,6.34,1.121,45.73,13.8,65.1,0.19,160,Unhealthy
36.04,59.37,31.41,3.85,0.487,71.32,19.2,69.4,3.0,108,Unhealthy for Sensitive Groups
106.4,174.04,73.88,9.44,0.276,31.88,45.0,73.5,4.77,187,Unhealthy
43.05,65.77,53.07,10.41,1.374,52.65,19.2,41.1,2.31,116,Unhealthy for Sensitive Groups
40.26,78.37,7.38,31.6,1.262,40.28,41.0,56.5,0.3,118,Unhealthy for Sensitive Groups
36.72,62.91,7.29,5.27,1.17,56.18,20.7,47.8,0.79,107,Unhealthy for Sensitive Groups
63.73,131.91,59.38,6.59,0.863,65.08,23.0,22.9,1.13,161,Unhealthy
54.96,62.3,9.14,22.97,0.829,77.27,15.8,65.7,3.26,158,Unhealthy
59.71,91.35,39.61,27.17,0.304,49.51,17.5,85.6,0.2,160,Unhealthy
11.92,21.77,77.58,15.76,0.102,31.59,23.0,89.1,2.39,69,Moderate
108.67,207.17,11.75,22.85,1.696,21.98,26.8,58.8,0.35,178,Unhealthy
105.85,227.62,110.28,29.07,2.441,87.06,21.0,77.4,1.51,173,Unhealthy
33.72,48.56,42.17,13.4,1.296,39.63,32.0,73.4,1.66,97,Moderate
98.44,174.04,139.3,23.57,0.247,72.89,21.0,37.2,1.8,183,Unhealthy
138.38,203.48,29.46,17.26,0.846,20.21,4.4,24.7,3.72,197,Unhealthy
64.59,83.09,91.4,9.11,0.395,99.25,22.9,76.1,0.25,156,Unhealthy
113.96,143.76,32.17,19.81,0.639,129.59,20.3,41.2,0.94,177,Unhealthy
74.3,108.72,34.36,7.76,0.308,68.24,39.9,61.2,3.07,159,Unhealthy
8.5,34.37,19.17,68.72,0.93,52.77,34.0,59.3,8.62,41,Good
32.29,79.18,33.14,2.21,1.561,95.97,34.9,81.3,2.91,89,Moderate
67.39,146.35,70.52,28.45,1.154,47.6,32.0,68.3,6.45,164,Unhealthy
130.03,165.89,133.37,18.61,0.578,61.26,29.4,83.5,10.36,193,Unhealthy
12.67,28.2,16.0,13.91,0.997,5.0,29.4,76.4,6.46,46,Good
9.94,12.88,42.24,6.22,1.513,58.07,34.2,95.0,10.75,48,Good
41.3,51.64,23.4,19.42,1.324,88.91,30.8,84.8,4.5,108,Unhealthy for Sensitive Groups
5.87,14.2,39.92,13.48,1.135,48.49,19.7,35.8,6.55,29,Good
29.35,71.2,56.58,1.81,2.007,48.9,10.8,92.1,2.03,90,Moderate
39.63,79.28,18.25,24.27,1.101,49.09,6.1,45.5,1.27,116,Unhealthy for Sensitive Groups
15.22,37.11,37.35,19.96,0.623,109.07,16.5,65.6,20.0,56,Moderate
29.89,37.71,12.1,5.19,0.597,65.68,17.6,90.6,0.31,84,Moderate
91.23,152.26,97.17,32.76,0.647,60.97,24.1,36.1,9.52,168,Unhealthy
34.54,44.14,75.78,31.25,1.136,49.88,23.8,84.3,1.69,99,Moderate
21.54,35.85,17.55,3.53,0.369,85.71,42.4,91.5,0.1,71,Moderate
39.86,40.53,18.9,20.04,0.44,39.86,30.6,84.0,4.87,108,Unhealthy for Sensitive Groups
14.0,36.78,69.06,26.88,0.278,91.44,17.5,81.4,1.76,60,Moderate
129.42,210.82,134.45,2.48,0.357,57.07,38.7,39.8,4.81,187,Unhealthy
43.94,67.56,20.04,1.0,0.758,89.29,22.7,50.5,0.14,116,Unhealthy for Sensitive Groups
30.22,45.08,83.75,10.96,2.684,50.78,30.7,77.0,10.97,91,Moderate
49.44,73.94,28.12,8.04,0.265,80.46,29.7,28.9,3.34,141,Unhealthy for Sensitive Groups
39.71,65.48,95.08,13.16,1.914,73.49,25.4,86.6,0.15,108,Unhealthy for Sensitive Groups
26.75,71.66,21.31,49.43,0.469,58.51,39.1,35.8,0.1,86,Moderate
26.57,42.73,55.07,27.45,1.776,94.22,19.2,62.4,2.7,89,Moderate
33.34,26.39,48.77,6.65,0.64,92.4,26.3,27.9,11.25,92,Moderate
8.84,20.82,5.0,16.54,1.065,43.88,16.0,33.9,2.23,38,Good
87.58,129.36,16.15,14.9,1.092,42.08,28.5,63.9,1.31,167,Unhealthy
45.09,85.56,43.48,30.67,0.717,53.96,29.1,67.6,8.39,118,Unhealthy for Sensitive Groups
47.84,84.86,49.8,28.31,0.698,52.56,25.9,40.2,12.4,131,Unhealthy for Sensitive Groups
28.57,62.62,33.03,13.07,2.37,85.99,25.7,28.9,4.6,83,Moderate
15.01,38.64,84.0,23.48,0.911,68.97,23.3,61.2,3.8,80,Moderate
22.2,53.9,61.38,35.11,0.639,37.51,28.8,83.0,0.1,71,Moderate
9.72,26.65,44.93,24.68,3.434,38.67,31.2,35.1,1.13,39,Good
24.25,54.02,5.0,6.5,3.634,62.82,12.9,71.9,7.78,83,Moderate
18.47,29.23,69.9,6.7,4.738,81.66,22.2,48.9,1.38,57,Moderate
113.25,169.75,8.62,1.87,0.203,99.12,21.4,90.7,1.22,176,Unhealthy
67.33,118.73,33.19,6.23,0.1,64.29,31.6,26.2,2.31,156,Unhealthy
32.87,64.12,6.34,7.07,1.06,56.89,37.1,23.0,1.78,90,Moderate
22.38,51.29,52.3,4.04,2.472,54.4,29.3,29.3,5.87,76,Moderate
17.47,45.23,72.75,3.03,0.846,41.78,26.4,78.7,0.26,72,Moderate
44.42,53.95,40.5,8.93,2.196,58.05,17.3,89.2,3.23,122,Unhealthy for Sensitive Groups
75.95,82.16,35.14,15.43,2.312,47.83,43.6,81.7,3.58,161,Unhealthy
12.44,19.46,14.82,5.98,0.464,49.78,15.8,73.8,6.36,51,Moderate
55.9,83.84,71.91,44.67,0.729,74.87,12.4,24.3,1.61,146,Unhealthy for Sensitive Groups
26.59,32.77,9.63,3.93,0.127,24.01,32.2,36.0,1.05,84,Moderate
21.97,49.63,30.01,1.0,0.285,12.09,19.9,90.2,2.96,65,Moderate
52.39,92.4,40.06,12.53,0.367,36.22,32.6,66.7,3.87,143,Unhealthy for Sensitive Groups
20.87,51.73,44.18,26.19,0.201,79.79,39.3,55.1,0.56,70,Moderate
26.4,49.32,47.39,8.57,1.035,68.75,22.3,68.9,0.52,78,Moderate
15.65,34.3,23.55,9.58,0.193,83.52,29.6,33.4,0.92,55,Moderate
25.63,40.44,63.84,55.62,1.864,18.74,20.5,87.0,0.85,76,Moderate
81.42,139.58,42.14,27.97,2.473,72.81,25.7,69.2,4.17,156,Unhealthy
45.86,94.3,47.37,16.78,2.215,24.05,23.7,55.3,2.27,135,Unhealthy for Sensitive Groups
81.23,144.74,16.32,13.23,1.397,32.97,34.6,54.3,2.38,167,Unhealthy
19.16,44.7,19.04,37.53,0.1,27.57,19.5,81.7,0.1,66,Moderate
56.16,115.92,6.98,13.36,1.666,31.76,18.3,43.1,15.48,147,Unhealthy for Sensitive Groups
9.82,13.61,34.99,2.51,1.793,126.05,23.0,30.3,5.31,40,Good
52.37,78.56,74.01,22.62,0.353,73.27,31.6,33.9,1.76,140,Unhealthy for Sensitive Groups
76.03,84.31,36.82,28.82,1.482,13.8,17.0,26.1,0.21,169,Unhealthy
12.3,14.67,40.26,9.29,1.152,20.7,13.2,58.1,3.56,42,Good
24.15,49.28,44.75,7.36,0.633,62.02,36.8,70.8,2.3,69,Moderate
40.27,67.7,48.33,11.46,1.151,64.2,2.8,90.0,3.4,104,Unhealthy for Sensitive Groups
57.76,92.82,5.32,5.8,2.185,44.1,12.0,76.3,3.4,156,Unhealthy
33.31,27.78,26.39,3.79,0.475,102.23,45.0,63.7,0.5,92,Moderate
43.83,69.32,6.29,12.64,0.468,37.75,7.5,84.8,1.2,124,Unhealthy for Sensitive Groups
72.82,118.75,19.45,27.76,1.135,83.23,20.6,86.9,0.1,159,Unhealthy
73.29,80.32,120.23,51.82,0.627,80.32,18.5,73.4,12.1,165,Unhealthy
37.25,53.92,63.23,13.36,0.289,120.08,2.1,24.2,4.93,109,Unhealthy for Sensitive Groups
49.68,77.54,33.12,44.96,1.821,121.15,15.0,41.9,7.93,136,Unhealthy for Sensitive Groups
27.59,69.48,120.89,3.63,1.178,77.35,27.7,45.2,0.14,109,Unhealthy for Sensitive Groups
41.34,71.43,41.71,26.79,0.1,60.9,32.5,94.8,2.08,109,Unhealthy for Sensitive Groups
35.02,50.66,149.9,9.13,1.566,68.93,36.0,54.8,4.13,99,Moderate
48.65,98.22,36.94,67.32,1.449,75.37,21.3,77.1,0.33,135,Unhealthy for Sensitive Groups
37.8,61.91,26.29,6.59,1.055,13.5,6.5,81.0,4.5,106,Unhealthy for Sensitive Groups
65.54,97.42,15.14,16.68,0.7,22.55,25.5,69.0,3.13,152,Unhealthy
37.54,46.55,69.23,1.63,0.65,84.37,38.7,21.4,12.59,104,Unhealthy for Sensitive Groups
66.93,129.53,24.1,8.33,1.403,94.16,40.3,21.5,0.46,147,Unhealthy for Sensitive Groups
40.28,63.26,47.95,31.18,0.222,97.18,34.8,81.4,2.98,109,Unhealthy for Sensitive Groups
4.87,17.2,37.9,25.96,1.223,54.68,11.4,75.4,8.82,42,Good
19.72,27.73,17.66,16.83,1.437,68.19,23.1,60.2,4.08,71,Moderate
31.59,89.42,32.96,26.99,1.77,48.54,27.3,38.7,1.23,96,Moderate
102.41,236.32,28.7,12.2,0.456,105.98,28.9,26.5,0.38,173,Unhealthy
84.97,119.44,10.89,48.49,0.549,50.29,7.2,32.3,9.95,169,Unhealthy
3.88,16.01,39.38,1.46,1.372,40.45,45.0,63.5,0.22,44,Good
12.63,16.55,59.28,16.36,0.447,56.01,38.2,60.9,11.09,61,Moderate
77.83,173.24,81.03,1.94,0.226,50.22,25.0,90.6,1.09,166,Unhealthy
58.28,74.91,12.01,4.1,0.751,58.2,26.3,91.8,5.91,140,Unhealthy for Sensitive Groups
108.32,340.33,99.19,7.66,2.94,82.56,20.0,63.2,2.42,181,Unhealthy
28.05,34.79,17.56,9.43,0.928,63.18,37.4,83.1,7.31,83,Moderate
16.43,40.61,5.0,12.4,0.112,45.21,13.4,80.9,1.67,55,Moderate
53.21,96.96,44.47,12.56,1.033,43.66,26.1,76.4,5.69,147,Unhealthy for Sensitive Groups
27.66,52.96,44.2,7.13,0.706,46.6,16.6,52.8,0.82,84,Moderate
58.76,135.7,23.72,13.61,0.313,11.39,24.8,49.2,1.89,154,Unhealthy
35.08,36.33,15.4,2.92,0.554,82.6,36.7,39.8,5.62,96,Moderate
35.51,51.03,24.87,28.47,2.469,75.43,18.6,90.3,0.38,94,Moderate
14.71,22.58,33.85,23.3,0.34,98.95,26.8,82.6,3.91,66,Moderate
68.96,100.74,149.72,47.93,2.682,69.52,23.7,33.3,1.72,152,Unhealthy
21.25,39.41,13.66,19.93,0.876,22.34,17.7,38.9,2.16,67,Moderate
51.01,127.17,20.06,22.13,0.64,63.8,18.8,63.6,2.6,143,Unhealthy for Sensitive Groups
90.28,284.2,7.63,21.77,0.678,64.61,18.9,51.0,0.97,175,Unhealthy
10.8,18.78,31.54,5.2,0.716,78.54,6.9,36.0,0.3,46,Good
74.87,188.83,25.03,16.24,2.599,104.95,23.4,79.3,0.1,165,Unhealthy
37.52,65.83,53.45,8.69,0.1,29.12,25.8,20.1,1.69,108,Unhealthy for Sensitive Groups
16.13,20.27,42.93,17.79,0.636,74.17,9.8,45.7,0.94,54,Moderate
41.97,58.29,89.61,20.44,0.708,55.79,20.5,89.7,3.01,111,Unhealthy for Sensitive Groups
80.03,147.0,42.11,25.65,1.424,124.22,22.7,77.1,3.78,168,Unhealthy
21.58,48.52,5.0,21.67,0.84,82.05,33.1,50.1,2.1,74,Moderate
68.73,79.22,57.71,22.19,0.905,53.43,42.3,89.7,2.89,171,Unhealthy
127.75,150.5,7.88,9.28,2.779,93.98,28.9,87.6,2.47,184,Unhealthy
35.05,45.8,85.0,20.9,0.924,53.86,11.2,23.9,0.1,99,Moderate
14.57,40.4,25.94,14.31,0.6,77.01,15.8,29.6,5.53,56,Moderate
39.34,68.44,21.24,35.15,0.9,50.35,25.7,49.0,0.18,103,Unhealthy for Sensitive Groups
44.54,57.26,12.05,10.27,0.951,61.87,20.5,89.7,1.58,120,Unhealthy for Sensitive Groups
75.77,161.54,21.8,2.09,0.222,91.84,24.6,83.3,0.35,163,Unhealthy
27.97,53.58,25.01,6.45,1.942,50.83,33.3,23.6,3.26,86,Moderate
23.0,58.7,90.04,3.87,1.204,5.0,23.3,58.4,1.18,86,Moderate
19.65,33.06,32.15,18.25,0.367,41.1,45.0,74.0,0.22,66,Moderate
10.49,14.05,43.28,28.03,1.169,97.08,9.2,40.7,0.14,53,Moderate
11.07,29.93,24.45,3.25,0.176,99.63,30.4,74.2,0.81,45,Good
11.01,31.82,31.53,23.07,1.289,42.09,8.3,47.7,3.3,42,Good
26.01,53.11,30.12,21.65,1.496,20.16,16.5,40.6,3.8,90,Moderate
11.19,18.3,32.87,46.13,3.3,48.31,33.4,49.4,0.41,48,Good
41.34,87.91,20.63,32.29,0.366,84.15,4.4,91.3,0.45,111,Unhealthy for Sensitive Groups
111.36,147.67,54.66,6.45,0.918,54.52,28.0,87.9,2.7,185,Unhealthy
100.24,93.88,16.14,9.37,0.792,10.26,12.6,88.5,9.46,168,Unhealthy
35.53,52.96,52.47,10.29,0.506,74.18,24.3,88.8,2.41,96,Moderate
154.63,348.95,55.41,41.2,0.384,85.8,18.7,33.4,3.73,202,Very Unhealthy
32.47,93.97,5.0,48.49,0.763,99.57,25.1,87.2,2.57,89,Moderate
48.94,111.26,12.43,20.95,0.961,8.46,29.0,35.9,0.33,130,Unhealthy for Sensitive Groups
28.24,70.61,5.0,2.43,0.561,88.62,35.6,82.9,8.78,79,Moderate
41.95,50.06,86.47,11.71,1.159,64.66,26.4,60.6,0.22,117,Unhealthy for Sensitive Groups
34.19,49.08,27.44,64.69,0.857,43.5,31.2,38.0,4.28,91,Moderate
32.63,68.43,75.74,14.73,0.35,18.81,24.3,49.9,11.64,87,Moderate
93.96,116.62,25.08,13.37,1.625,13.62,11.6,52.5,1.15,173,Unhealthy
106.87,122.06,17.43,36.84,1.533,40.8,13.6,75.0,0.56,176,Unhealthy
4.66,6.21,14.34,2.63,0.763,39.62,39.9,65.5,2.51,19,Good
9.86,18.08,29.7,39.97,0.1,57.34,12.8,81.3,4.76,39,Good
23.99,47.18,60.48,24.02,0.174,97.02,26.9,49.8,8.96,87,Moderate
76.36,139.48,37.09,23.32,2.001,58.24,26.7,75.8,3.55,161,Unhealthy
91.65,206.58,70.17,1.05,2.839,21.45,26.2,79.5,1.23,168,Unhealthy
67.56,84.07,31.57,7.11,1.861,34.54,35.2,24.7,2.05,159,Unhealthy
12.87,36.44,25.07,21.51,0.437,68.38,18.5,48.2,4.3,54,Moderate
21.35,49.01,13.54,3.76,1.557,41.19,22.9,86.4,4.65,75,Moderate
42.76,85.04,12.27,20.13,1.433,57.09,21.6,72.9,0.23,119,Unhealthy for Sensitive Groups
32.97,80.52,57.64,3.9,1.451,88.84,2.3,51.4,2.85,96,Moderate
38.85,45.93,16.2,2.15,0.819,76.24,17.4,33.7,10.27,113,Unhealthy for Sensitive Groups
39.26,68.01,32.54,20.82,0.942,46.28,35.7,27.2,4.61,115,Unhealthy for Sensitive Groups
78.49,185.14,59.64,14.77,0.19,35.46,45.0,37.2,0.1,160,Unhealthy
56.92,124.7,6.78,11.88,4.016,109.23,34.5,38.4,0.76,144,Unhealthy for Sensitive Groups
31.36,60.48,80.01,13.0,0.175,42.49,28.9,47.8,1.77,83,Moderate
38.64,67.55,10.89,13.01,0.558,119.78,11.2,33.3,3.68,111,Unhealthy for Sensitive Groups
15.79,25.01,88.25,1.39,3.581,100.48,26.9,31.0,2.43,88,Moderate
29.4,42.03,13.68,27.89,0.677,57.76,26.0,83.3,0.24,80,Moderate
81.31,171.73,63.3,38.16,0.76,29.5,45.0,38.7,4.02,164,Unhealthy
13.76,25.94,26.79,52.05,0.86,60.96,7.5,62.1,5.47,52,Moderate
63.1,140.87,127.04,17.84,0.97,92.93,12.5,34.9,0.69,150,Unhealthy for Sensitive Groups
5.76,13.15,27.21,2.14,0.311,50.5,37.1,56.9,0.21,16,Good
103.43,235.53,10.91,27.19,1.392,27.06,40.4,40.8,4.7,173,Unhealthy
34.15,68.22,62.06,15.56,1.339,46.02,28.3,26.5,3.07,99,Moderate
50.56,104.65,22.6,16.67,0.788,69.76,21.4,93.7,4.88,147,Unhealthy for Sensitive Groups
33.68,58.67,41.03,5.16,1.246,71.78,30.7,54.3,2.51,89,Moderate
43.12,55.39,79.39,20.06,0.404,62.04,45.0,49.5,1.68,117,Unhealthy for Sensitive Groups
47.74,66.97,58.67,27.92,2.474,48.35,18.5,34.9,9.9,139,Unhealthy for Sensitive Groups
8.97,22.74,6.34,15.72,4.84,56.94,29.7,57.2,4.54,42,Good
56.82,85.07,15.85,8.34,0.583,48.49,23.0,67.6,1.59,155,Unhealthy
27.46,87.09,32.14,9.07,0.911,63.38,28.7,42.8,7.14,83,Moderate
26.38,46.14,43.33,17.06,0.307,66.57,32.8,56.0,15.11,85,Moderate
17.44,37.84,7.88,8.65,1.459,53.91,19.1,37.8,1.11,58,Moderate
35.54,84.27,10.69,3.4,0.59,38.94,34.8,59.6,6.69,96,Moderate
20.24,43.62,91.84,26.81,0.593,91.28,20.1,79.0,0.14,83,Moderate
58.49,175.64,14.9,14.1,1.405,67.45,30.7,24.5,0.72,152,Unhealthy
42.33,120.14,43.76,15.94,1.046,77.91,5.6,58.8,0.53,121,Unhealthy for Sensitive Groups
36.95,77.42,57.39,6.75,0.416,41.45,32.6,50.0,1.32,106,Unhealthy for Sensitive Groups
92.64,141.41,23.44,3.39,0.1,57.75,16.1,25.6,2.48,178,Unhealthy
8.51,23.76,33.52,5.54,0.623,40.92,20.0,90.5,3.82,31,Good
18.16,20.42,71.26,7.83,0.175,95.36,2.4,39.5,6.99,74,Moderate
43.51,75.69,5.02,8.54,1.639,32.94,22.8,62.3,0.52,121,Unhealthy for Sensitive Groups
29.59,32.07,33.81,12.01,0.74,34.8,38.3,47.9,2.59,92,Moderate
24.94,26.07,76.87,30.85,0.552,61.7,9.3,40.3,2.43,77,Moderate
16.04,21.91,55.3,24.62,0.424,30.82,26.9,59.5,1.84,59,Moderate
23.97,25.31,55.76,23.02,1.068,95.31,4.6,71.7,3.56,77,Moderate
96.34,104.89,83.23,3.58,0.688,24.75,23.5,78.9,2.16,172,Unhealthy
69.66,80.01,26.41,21.83,1.621,54.06,33.6,67.5,2.4,165,Unhealthy
44.11,95.33,12.91,30.23,0.733,49.57,23.9,59.5,7.01,111,Unhealthy for Sensitive Groups
25.65,46.35,40.78,8.46,1.584,67.52,32.8,78.3,5.9,76,Moderate
46.56,84.17,23.83,3.29,0.557,39.94,20.0,58.8,2.58,125,Unhealthy for Sensitive Groups
101.48,101.41,26.64,20.49,1.046,66.44,45.0,93.1,0.51,179,Unhealthy
30.13,34.39,16.28,24.24,0.246,38.48,36.0,59.5,9.56,86,Moderate
41.89,75.38,52.15,13.18,0.79,34.77,27.1,43.8,2.92,116,Unhealthy for Sensitive Groups
117.97,175.04,30.65,27.57,2.561,54.35,42.1,53.5,4.94,181,Unhealthy
67.01,101.41,14.07,14.06,0.267,57.39,38.9,56.7,0.17,160,Unhealthy
25.91,23.16,66.77,4.75,1.307,52.98,19.6,41.3,6.81,79,Moderate
46.32,131.63,19.75,13.87,2.594,50.31,30.0,31.9,3.55,131,Unhealthy for Sensitive Groups
8.35,22.73,38.6,15.42,0.468,94.11,22.0,52.4,3.47,41,Good
37.06,51.98,97.33,12.96,0.647,67.54,34.2,87.3,0.35,114,Unhealthy for Sensitive Groups
63.65,69.77,72.58,2.44,0.45,66.1,40.7,39.2,3.74,159,Unhealthy
64.96,124.58,117.34,44.79,1.556,86.85,10.2,47.1,0.24,158,Unhealthy
74.77,116.84,84.6,64.48,1.648,26.0,26.2,76.8,0.17,170,Unhealthy
65.53,112.81,26.11,10.6,2.149,111.97,39.6,26.2,1.18,161,Unhealthy
68.22,115.96,20.87,11.68,2.757,18.02,32.6,81.9,0.1,158,Unhealthy
51.53,117.04,25.04,14.0,0.225,90.79,29.3,74.0,0.52,138,Unhealthy for Sensitive Groups
49.24,94.12,29.19,12.34,1.623,18.01,35.8,61.2,3.89,140,Unhealthy for Sensitive Groups
13.44,25.31,63.22,4.89,2.257,58.39,11.6,35.7,5.4,58,Moderate
81.5,128.25,24.33,25.96,2.002,44.54,30.7,27.0,0.59,166,Unhealthy
49.35,45.96,12.94,26.98,0.395,98.18,37.3,37.4,5.2,127,Unhealthy for Sensitive Groups
47.99,140.95,31.29,12.06,1.574,79.28,30.7,77.1,1.96,130,Unhealthy for Sensitive Groups
90.37,143.14,44.48,11.32,1.588,52.82,12.8,90.0,9.5,176,Unhealthy
26.86,41.07,16.78,11.02,0.652,73.29,21.2,75.3,0.45,76,Moderate
37.16,70.5,30.92,25.43,1.054,67.05,25.1,59.6,0.17,108,Unhealthy for Sensitive Groups
40.78,68.62,119.8,13.71,0.1,77.54,16.8,91.3,5.59,103,Unhealthy for Sensitive Groups
66.1,211.25,37.81,10.48,1.279,55.08,16.0,82.1,1.35,162,Unhealthy
15.82,32.1,20.28,3.39,0.794,42.64,29.9,69.2,1.83,54,Moderate
118.65,232.09,21.68,28.77,0.935,5.72,41.5,22.8,2.15,181,Unhealthy
35.55,72.14,100.35,6.21,0.832,51.39,6.1,41.6,5.23,108,Unhealthy for Sensitive Groups
51.16,104.58,115.61,3.3,0.764,63.36,20.2,43.1,0.24,137,Unhealthy for Sensitive Groups
74.4,159.9,68.33,21.92,0.264,34.98,17.8,46.0,2.4,165,Unhealthy
41.22,61.53,27.54,13.56,0.539,58.11,40.0,49.2,1.69,118,Unhealthy for Sensitive Groups
96.97,99.36,20.77,67.0,1.261,87.85,32.2,90.5,1.25,178,Unhealthy
21.47,68.07,13.22,2.74,2.09,62.23,38.9,75.6,1.28,75,Moderate
98.48,157.82,30.0,7.45,0.396,41.54,33.9,71.9,7.99,172,Unhealthy
31.18,72.83,24.26,21.87,1.117,83.08,36.8,52.0,0.94,97,Moderate
73.26,113.88,25.97,12.94,0.893,65.48,27.9,45.3,1.82,161,Unhealthy
37.56,30.9,40.63,15.64,1.992,64.76,29.8,29.0,2.04,107,Unhealthy for Sensitive Groups
25.6,58.5,11.08,15.59,0.796,49.28,30.2,54.0,3.82,87,Moderate
17.99,23.1,14.29,1.5,2.53,28.5,25.3,35.4,2.2,65,Moderate
21.99,50.22,25.55,16.53,0.723,66.08,25.1,49.3,2.91,71,Moderate
41.9,74.41,33.68,24.68,0.693,69.19,29.7,31.7,1.53,125,Unhealthy for Sensitive Groups
45.54,53.61,86.98,5.29,0.445,42.08,29.5,45.8,3.8,125,Unhealthy for Sensitive Groups
92.72,101.08,53.02,5.67,1.489,63.9,27.1,23.2,1.88,164,Unhealthy
36.96,53.02,43.64,8.7,2.353,83.37,26.8,20.5,0.76,96,Moderate
12.94,24.07,33.59,3.17,0.594,34.59,32.1,85.2,5.09,52,Moderate
50.03,107.28,73.25,4.6,0.709,70.56,23.7,68.1,4.35,134,Unhealthy for Sensitive Groups
56.65,76.0,200.0,14.25,0.435,57.5,12.8,64.1,2.96,156,Unhealthy
69.62,74.53,26.85,35.68,0.19,84.0,27.1,58.5,2.21,155,Unhealthy
26.87,44.43,130.99,7.73,0.482,86.93,16.0,74.5,0.7,100,Moderate
21.24,33.05,6.88,47.83,0.67,61.54,35.4,75.2,6.08,70,Moderate
19.55,34.43,20.61,7.6,1.926,59.94,19.1,90.1,0.31,58,Moderate
87.72,124.02,13.79,26.56,0.451,54.41,20.0,38.3,1.45,167,Unhealthy
99.05,203.13,58.92,6.05,0.706,33.54,29.1,78.9,5.74,173,Unhealthy
28.32,63.15,71.18,18.62,0.983,69.85,24.9,94.3,2.72,83,Moderate
20.9,65.99,7.98,43.08,0.322,61.53,36.8,22.2,1.73,63,Moderate
75.77,98.13,91.51,22.36,1.379,41.11,22.9,48.0,4.7,158,Unhealthy
76.84,149.57,34.19,11.73,0.687,10.84,22.1,52.7,13.67,161,Unhealthy
108.56,210.97,59.43,11.02,0.554,73.77,17.4,81.6,0.63,172,Unhealthy
19.93,55.54,62.11,18.84,2.245,51.1,13.1,21.0,0.16,69,Moderate
23.68,77.52,43.73,24.08,2.433,77.11,19.7,64.9,1.87,77,Moderate
47.07,54.42,8.18,26.35,0.38,25.91,29.1,86.9,1.02,129,Unhealthy for Sensitive Groups
53.4,53.6,26.09,14.44,1.58,61.79,37.8,31.1,3.3,141,Unhealthy for Sensitive Groups
34.5,77.56,9.37,18.23,2.994,59.21,33.5,28.7,2.05,96,Moderate
23.59,41.4,5.5,5.77,0.767,54.76,19.3,95.0,2.07,82,Moderate
38.13,89.71,11.77,20.36,1.084,99.51,26.6,81.9,1.32,110,Unhealthy for Sensitive Groups
108.49,224.11,25.3,6.16,0.895,64.02,25.3,72.3,0.71,177,Unhealthy
29.51,60.49,124.4,15.8,1.609,16.73,36.6,49.9,0.72,108,Unhealthy for Sensitive Groups
45.23,86.08,32.08,9.65,0.473,49.98,38.2,84.0,1.47,114,Unhealthy for Sensitive Groups
197.04,362.95,55.88,39.73,0.472,19.66,5.5,89.2,3.44,259,Very Unhealthy
26.56,75.83,21.22,14.31,0.507,95.38,38.9,74.9,1.23,75,Moderate
48.0,134.96,22.23,42.99,0.38,66.16,9.3,49.9,1.18,133,Unhealthy for Sensitive Groups
122.37,185.49,38.04,13.08,0.379,56.0,27.7,63.8,1.66,180,Unhealthy
62.52,84.46,29.23,48.67,0.791,24.73,4.1,27.4,14.09,149,Unhealthy for Sensitive Groups
84.0,142.75,54.72,21.16,0.63,64.32,35.2,31.9,0.29,170,Unhealthy
84.54,120.33,25.13,9.85,1.163,86.22,21.6,78.7,1.05,165,Unhealthy
43.23,129.35,6.93,6.8,0.486,74.79,31.8,22.2,1.04,120,Unhealthy for Sensitive Groups
88.28,117.59,6.82,3.49,1.131,73.8,22.1,23.7,11.01,169,Unhealthy
47.07,91.65,49.01,6.41,0.869,95.86,34.7,58.1,1.57,132,Unhealthy for Sensitive Groups
38.21,72.65,5.5,7.99,2.975,98.21,8.3,32.8,2.51,110,Unhealthy for Sensitive Groups
34.41,52.8,21.92,1.88,0.831,62.7,31.1,42.0,0.66,102,Unhealthy for Sensitive Groups
54.57,84.01,13.43,11.54,1.218,74.71,29.2,49.9,0.1,138,Unhealthy for Sensitive Groups
32.43,49.09,56.18,20.35,0.335,102.84,28.7,59.2,1.24,89,Moderate
57.57,88.59,42.69,68.25,0.396,34.89,30.1,41.3,3.06,147,Unhealthy for Sensitive Groups
44.27,57.96,36.83,36.83,2.627,71.95,36.3,56.3,3.53,127,Unhealthy for Sensitive Groups
46.98,137.49,28.57,11.14,1.364,34.45,34.9,47.8,4.21,133,Unhealthy for Sensitive Groups
167.67,222.67,45.25,13.98,1.218,50.66,10.9,26.1,5.91,221,Very Unhealthy
36.79,116.44,6.91,21.98,0.825,93.45,26.1,85.0,0.37,99,Moderate
78.0,176.91,17.8,11.94,0.93,38.9,28.6,41.1,0.26,156,Unhealthy
57.43,88.43,15.41,14.58,0.775,87.26,24.3,65.7,4.65,143,Unhealthy for Sensitive Groups
35.32,63.28,14.39,6.41,1.352,44.82,26.5,62.7,1.72,101,Unhealthy for Sensitive Groups
36.83,35.31,45.75,13.49,0.886,87.48,29.8,34.9,8.82,96,Moderate
44.37,87.78,61.54,15.18,1.561,96.58,32.6,22.2,8.62,126,Unhealthy for Sensitive Groups
46.89,59.78,66.04,3.62,0.417,37.34,30.7,84.3,0.46,125,Unhealthy for Sensitive Groups
23.24,43.3,39.88,21.51,0.849,75.95,33.6,57.3,3.53,71,Moderate
25.99,57.85,23.35,22.39,0.285,87.74,44.7,51.1,0.21,78,Moderate
49.87,82.14,33.45,23.14,1.892,49.18,22.9,77.2,1.55,130,Unhealthy for Sensitive Groups
96.92,137.58,54.78,6.55,1.281,74.22,23.7,22.5,5.53,176,Unhealthy
29.83,76.68,14.31,43.04,0.199,30.12,32.0,77.4,1.85,82,Moderate
11.84,37.12,32.38,9.92,1.203,114.79,25.0,50.7,0.1,47,Good
3.95,5.38,16.85,4.04,0.779,41.38,21.6,61.4,0.82,21,Good
14.17,22.48,14.12,40.84,1.93,52.79,20.5,76.4,0.27,45,Good
67.03,140.5,33.99,5.04,1.783,56.67,31.3,61.0,1.57,150,Unhealthy for Sensitive Groups
11.17,19.13,18.76,17.81,2.294,62.04,29.5,24.6,3.58,43,Good
87.08,166.26,52.71,7.66,1.593,71.2,43.7,74.6,3.24,167,Unhealthy
64.78,63.45,26.11,2.33,0.817,70.79,14.8,79.0,3.81,158,Unhealthy
40.07,87.36,31.61,4.86,1.073,32.25,15.0,54.6,1.45,112,Unhealthy for Sensitive Groups
18.71,34.92,6.9,37.33,0.554,28.78,25.7,52.9,0.92,67,Moderate
26.36,93.2,45.24,14.09,0.701,102.46,17.2,38.9,0.18,82,Moderate
49.09,76.29,57.3,8.43,1.434,88.94,7.2,68.3,8.52,137,Unhealthy for Sensitive Groups
11.48,27.25,12.31,10.59,0.263,27.44,20.8,86.1,0.38,40,Good
91.12,114.45,16.64,4.18,1.201,69.9,45.0,69.2,0.59,166,Unhealthy
63.44,80.33,47.58,5.88,1.345,80.31,45.0,77.8,0.1,154,Unhealthy
57.64,113.71,23.88,26.47,1.49,111.58,30.4,82.8,1.14,152,Unhealthy
64.49,107.02,43.56,16.54,0.521,48.13,13.9,37.0,5.13,154,Unhealthy
68.7,210.19,65.48,13.42,2.555,85.54,17.2,50.2,1.21,156,Unhealthy
48.89,71.2,17.67,11.46,1.337,78.17,25.9,52.7,3.29,131,Unhealthy for Sensitive Groups
67.06,145.21,65.62,1.91,1.827,42.79,20.0,61.9,10.1,156,Unhealthy
30.79,51.15,17.81,12.36,0.262,51.39,26.6,23.7,6.69,101,Unhealthy for Sensitive Groups
119.7,271.95,19.7,26.49,0.172,41.22,25.4,64.1,0.6,184,Unhealthy
42.49,107.2,36.82,7.48,0.255,69.02,12.8,26.6,1.34,112,Unhealthy for Sensitive Groups
25.95,42.76,54.28,12.54,0.941,21.37,24.5,80.5,4.17,84,Moderate
28.33,75.18,80.18,34.82,1.529,54.55,29.6,92.2,11.4,76,Moderate
7.3,22.86,99.07,43.46,0.673,51.06,21.3,41.7,3.78,100,Moderate
28.2,43.76,25.56,43.26,0.704,8.91,34.5,58.0,0.87,84,Moderate
3.58,11.72,32.12,2.19,0.1,67.71,25.6,81.7,0.43,38,Good
82.87,78.09,53.47,28.27,0.707,76.94,23.7,43.6,2.05,166,Unhealthy
66.81,121.46,40.36,29.55,0.683,23.77,25.6,31.8,0.64,164,Unhealthy
20.44,21.48,27.88,13.23,0.411,60.07,19.6,75.4,0.77,68,Moderate
49.07,46.94,26.73,9.58,0.57,25.6,29.1,72.4,3.02,136,Unhealthy for Sensitive Groups
38.9,51.51,49.82,28.11,2.289,63.05,16.4,62.7,2.17,106,Unhealthy for Sensitive Groups
20.35,32.54,104.78,14.81,1.009,89.23,45.0,90.8,0.39,99,Moderate
26.75,74.06,6.09,5.84,0.898,47.31,45.0,91.6,0.5,84,Moderate
31.77,103.52,21.61,23.65,0.549,52.65,24.2,84.6,0.1,98,Moderate
42.65,60.07,10.14,33.95,1.155,112.84,30.7,42.0,0.74,109,Unhealthy for Sensitive Groups
18.86,35.77,38.19,26.49,1.452,41.38,31.0,36.9,6.55,75,Moderate
19.83,33.77,19.3,27.81,0.667,36.61,30.9,82.7,4.73,69,Moderate
25.61,67.13,58.56,4.12,0.753,59.87,31.8,68.9,1.61,77,Moderate
28.31,56.4,31.54,8.22,1.717,120.41,32.6,49.7,4.06,87,Moderate
73.09,93.89,62.65,16.79,3.475,66.33,31.9,50.7,1.57,157,Unhealthy
89.07,169.0,15.75,40.06,0.239,43.55,17.1,84.0,4.71,172,Unhealthy
89.68,114.0,46.43,6.06,0.832,74.9,29.4,32.2,0.6,172,Unhealthy
44.66,86.05,38.96,38.5,0.747,78.63,17.6,90.8,0.5,124,Unhealthy for Sensitive Groups
19.4,50.05,34.44,1.49,1.709,75.17,30.2,67.5,0.24,61,Moderate
88.21,151.24,25.22,34.89,0.861,79.57,34.4,79.4,0.83,168,Unhealthy
75.88,109.19,89.6,32.51,1.866,83.4,28.8,47.8,0.47,162,Unhealthy
110.96,120.01,53.62,56.55,0.177,56.79,32.5,64.0,4.81,184,Unhealthy
48.92,99.06,85.8,29.38,1.274,56.79,27.2,76.2,0.82,131,Unhealthy for Sensitive Groups
84.36,206.13,7.06,18.1,1.71,81.03,43.5,52.6,2.18,164,Unhealthy
57.83,67.87,46.72,9.7,0.148,5.0,29.1,56.6,4.23,158,Unhealthy
24.16,48.83,27.83,8.6,1.249,5.0,15.8,63.7,3.39,84,Moderate
30.29,46.7,110.58,12.84,0.299,45.06,20.1,24.8,0.69,103,Unhealthy for Sensitive Groups
60.01,115.93,55.69,9.06,0.756,51.42,29.3,84.7,0.24,159,Unhealthy
20.55,44.1,25.14,23.64,0.699,77.36,38.1,85.0,7.28,68,Moderate
105.01,221.78,48.47,28.82,0.313,47.99,29.0,41.1,2.92,170,Unhealthy
67.26,65.22,29.61,5.59,0.949,89.3,27.3,86.0,3.68,153,Unhealthy
32.01,71.62,35.43,29.99,0.695,63.6,13.8,75.9,1.46,89,Moderate
46.49,100.45,152.45,19.18,0.56,40.5,44.0,56.2,0.83,126,Unhealthy for Sensitive Groups
32.57,70.29,20.39,10.38,2.822,91.58,11.7,46.1,2.27,92,Moderate
12.21,5.0,46.15,34.3,1.726,66.93,9.5,50.0,0.24,61,Moderate
30.3,41.53,18.67,6.54,1.161,27.54,20.3,60.1,4.83,85,Moderate
126.53,153.09,18.91,3.41,0.658,79.12,30.9,50.9,3.19,182,Unhealthy
36.2,92.96,48.07,6.21,0.194,79.09,21.0,51.5,4.3,108,Unhealthy for Sensitive Groups
73.84,156.52,11.61,8.22,0.463,28.07,18.8,35.2,2.53,152,Unhealthy
60.1,163.88,35.03,33.25,0.485,62.68,16.8,73.1,2.59,154,Unhealthy
49.39,70.04,74.82,32.0,2.605,75.12,42.7,65.7,2.75,135,Unhealthy for Sensitive Groups
76.65,141.27,30.62,14.2,0.168,18.37,28.4,94.4,4.6,160,Unhealthy
11.41,20.82,83.78,1.14,0.634,86.39,34.0,30.6,0.77,78,Moderate
92.66,116.92,71.68,6.93,1.274,42.79,45.0,28.5,3.43,164,Unhealthy
88.18,164.2,23.45,52.49,0.977,38.37,45.0,58.7,2.41,170,Unhealthy
69.69,130.97,12.96,27.39,0.679,52.9,16.0,31.4,2.05,163,Unhealthy
60.22,98.69,60.11,1.01,0.406,77.48,27.5,65.8,2.34,150,Unhealthy for Sensitive Groups
49.82,59.98,39.9,1.0,1.236,84.93,32.9,34.7,0.95,135,Unhealthy for Sensitive Groups
86.96,168.08,40.8,26.45,0.735,101.63,26.1,56.2,0.11,161,Unhealthy
82.2,155.96,59.65,39.19,2.618,37.67,18.2,65.8,4.27,165,Unhealthy
30.16,55.6,8.29,4.58,0.872,69.17,-1.7,54.4,7.44,86,Moderate
16.22,23.42,22.4,6.62,2.879,77.05,38.5,44.0,1.97,60,Moderate
15.15,36.16,103.06,31.14,1.047,72.12,43.5,78.7,5.46,100,Moderate
78.55,178.91,37.93,10.4,0.596,35.51,32.4,84.1,2.43,156,Unhealthy
41.55,62.21,52.92,11.79,0.55,66.42,24.8,40.9,7.99,116,Unhealthy for Sensitive Groups
42.44,91.05,28.47,11.27,0.845,68.04,19.5,81.0,2.13,117,Unhealthy for Sensitive Groups
53.39,79.03,61.24,15.53,0.426,44.3,26.3,49.4,0.69,142,Unhealthy for Sensitive Groups
18.1,11.56,91.86,18.47,0.38,72.08,38.4,56.6,6.12,95,Moderate
10.59,32.05,5.0,55.82,1.668,65.22,30.5,37.4,4.83,43,Good
37.34,49.76,71.45,9.62,1.193,26.18,3.2,66.9,1.52,107,Unhealthy for Sensitive Groups
30.47,68.8,31.03,11.75,0.364,75.83,41.0,27.6,5.53,98,Moderate
39.6,44.88,80.12,4.08,1.391,62.86,31.8,64.4,0.1,120,Unhealthy for Sensitive Groups
34.19,63.11,26.64,15.39,0.707,12.72,14.3,94.2,4.82,91,Moderate
161.15,159.44,30.49,33.02,1.203,52.5,30.9,76.5,3.49,215,Very Unhealthy
80.48,162.05,12.31,6.54,1.28,63.09,27.1,87.1,1.43,162,Unhealthy
59.38,84.85,41.15,5.55,0.499,42.02,27.0,54.8,4.7,154,Unhealthy
40.85,75.04,11.56,30.74,3.107,67.81,14.9,30.7,0.41,119,Unhealthy for Sensitive Groups
41.82,57.27,32.53,18.39,0.514,52.81,22.4,41.6,0.68,120,Unhealthy for Sensitive Groups
49.45,97.87,29.65,5.61,1.269,85.64,8.9,23.7,2.29,134,Unhealthy for Sensitive Groups
36.9,52.39,18.15,16.12,0.457,66.78,37.3,57.6,6.39,109,Unhealthy for Sensitive Groups
89.26,112.17,9.55,5.04,0.741,107.6,16.4,68.7,0.42,166,Unhealthy
63.6,102.1,7.22,10.04,0.787,23.95,36.2,51.8,2.49,156,Unhealthy
124.63,247.07,13.94,10.97,1.653,68.0,31.1,62.2,4.2,190,Unhealthy
38.96,68.4,5.62,30.38,1.025,60.42,21.0,44.1,4.08,113,Unhealthy for Sensitive Groups
61.08,139.35,29.06,22.49,1.459,70.51,17.5,26.4,2.97,145,Unhealthy for Sensitive Groups
17.43,27.44,141.08,31.84,0.964,92.71,27.1,52.4,8.49,104,Unhealthy for Sensitive Groups
32.11,33.4,14.29,9.87,1.982,24.18,35.8,61.1,1.97,89,Moderate
114.87,153.04,163.44,20.74,1.3,75.2,33.1,93.7,6.37,180,Unhealthy
53.51,150.51,28.24,5.38,1.055,68.42,30.7,46.0,2.9,148,Unhealthy for Sensitive Groups
42.93,119.83,32.72,3.34,1.202,37.26,23.4,70.8,4.01,120,Unhealthy for Sensitive Groups
157.99,207.86,8.63,26.87,0.226,89.72,33.2,81.7,1.88,212,Very Unhealthy
48.74,55.44,48.82,48.8,0.338,61.52,9.6,45.2,0.55,142,Unhealthy for Sensitive Groups
99.11,171.9,27.65,11.45,1.081,41.43,27.5,89.7,0.35,173,Unhealthy
87.63,163.29,98.73,22.08,0.915,70.72,25.1,45.4,3.44,168,Unhealthy
110.29,202.16,6.12,21.63,1.838,83.9,12.8,92.7,1.42,185,Unhealthy
15.83,34.56,21.59,45.34,0.1,67.94,21.5,20.2,2.51,53,Moderate
37.33,59.17,16.2,10.03,0.875,49.32,41.9,67.6,4.11,107,Unhealthy for Sensitive Groups
48.38,122.64,42.16,15.0,0.256,40.15,30.7,79.2,4.63,132,Unhealthy for Sensitive Groups
99.28,225.73,5.0,5.59,1.057,39.66,34.4,41.0,2.14,166,Unhealthy
57.52,80.31,96.69,3.73,1.145,79.87,20.5,28.8,1.13,156,Unhealthy
63.81,190.55,32.76,24.48,1.423,83.58,8.2,21.8,4.49,161,Unhealthy
11.74,28.93,31.12,6.91,0.362,53.71,40.0,25.6,1.61,53,Moderate
31.64,57.21,11.52,7.31,0.196,118.37,17.7,60.7,8.28,88,Moderate
87.98,156.58,57.06,20.27,1.326,54.04,21.7,82.9,5.22,178,Unhealthy
38.05,40.93,58.35,10.8,0.483,58.13,11.5,24.7,4.12,112,Unhealthy for Sensitive Groups
39.41,49.25,75.08,24.91,0.448,50.11,38.9,28.5,0.83,114,Unhealthy for Sensitive Groups
127.84,201.48,33.34,25.31,0.879,57.07,28.3,20.4,1.35,193,Unhealthy
16.47,37.68,5.82,16.26,0.274,59.04,23.7,41.2,5.67,63,Moderate
24.4,55.17,18.82,14.68,1.294,74.51,31.1,89.1,0.1,75,Moderate
13.4,22.28,63.22,48.09,0.319,55.14,21.3,40.7,4.56,63,Moderate
80.55,132.73,17.38,12.28,0.406,75.16,19.0,53.1,1.55,167,Unhealthy
57.87,128.61,91.97,26.18,0.615,20.08,13.2,33.4,4.82,152,Unhealthy
92.59,152.31,75.44,5.05,0.353,44.4,11.9,28.7,2.41,166,Unhealthy
40.31,77.41,136.01,14.37,1.596,51.99,35.7,33.7,2.24,113,Unhealthy for Sensitive Groups
13.81,28.0,25.01,26.32,1.506,53.63,37.7,35.8,3.63,59,Moderate
12.52,14.46,58.4,5.85,0.94,14.16,8.0,29.8,4.92,55,Moderate
114.89,156.2,18.26,12.96,0.474,82.37,24.5,79.4,3.55,187,Unhealthy
55.93,102.81,60.22,13.99,0.379,23.28,26.1,55.8,1.8,149,Unhealthy for Sensitive Groups
62.76,148.26,47.39,6.24,1.055,44.21,18.5,60.5,1.16,154,Unhealthy
61.02,82.73,72.47,7.36,0.381,59.3,16.8,48.1,5.61,145,Unhealthy for Sensitive Groups
24.46,51.01,26.9,4.9,0.513,111.05,26.0,35.8,2.21,79,Moderate
35.23,49.76,40.06,1.0,0.223,58.68,18.0,27.0,4.59,89,Moderate
14.59,35.1,27.99,5.18,0.878,71.21,25.3,25.7,16.36,56,Moderate
21.4,27.5,31.92,16.14,0.385,22.9,14.2,33.9,3.1,72,Moderate
54.99,126.96,30.46,7.67,0.748,39.12,19.2,83.8,0.98,149,Unhealthy for Sensitive Groups
13.56,22.73,56.06,13.08,0.438,42.61,22.2,36.2,6.02,47,Good
23.83,37.26,63.69,14.82,1.543,46.66,21.7,46.6,0.96,79,Moderate
33.35,58.62,24.07,11.28,1.087,85.42,36.5,63.0,0.9,103,Unhealthy for Sensitive Groups
54.42,55.26,75.35,26.0,0.26,46.28,19.5,58.4,0.23,157,Unhealthy
13.26,20.24,55.33,60.76,1.645,75.21,34.4,69.9,0.25,53,Moderate
57.06,84.11,54.64,5.24,0.649,40.73,-4.8,34.6,5.95,150,Unhealthy for Sensitive Groups
49.76,109.42,67.26,30.34,1.69,53.01,25.0,59.3,0.79,129,Unhealthy for Sensitive Groups
113.7,179.82,37.47,6.28,0.959,5.0,4.1,77.6,0.35,183,Unhealthy
46.56,57.29,13.55,19.03,0.656,58.23,37.3,49.1,1.3,135,Unhealthy for Sensitive Groups
71.81,128.49,72.14,3.32,0.202,59.65,45.0,92.9,3.75,158,Unhealthy
18.56,53.2,16.63,17.84,0.252,55.15,24.6,63.3,1.24,68,Moderate
26.34,61.53,8.46,9.47,1.966,109.14,42.2,70.6,1.11,67,Moderate
18.79,37.73,27.64,9.24,1.603,58.37,17.0,54.4,2.01,60,Moderate
18.7,22.4,29.96,16.1,1.726,5.0,34.8,84.3,0.1,67,Moderate
25.36,59.86,66.63,4.61,1.254,29.51,33.5,53.9,2.03,71,Moderate
106.96,165.53,56.42,4.58,0.219,58.92,23.5,90.7,13.82,173,Unhealthy
22.87,34.49,66.99,9.85,0.483,58.01,24.9,43.1,4.82,70,Moderate
140.71,163.71,60.1,29.72,2.71,39.68,28.3,84.9,0.22,197,Unhealthy
75.81,79.96,54.46,10.1,2.305,34.47,27.1,68.0,3.19,162,Unhealthy
51.02,85.6,27.07,61.68,0.36,94.64,28.4,79.9,1.85,136,Unhealthy for Sensitive Groups
44.19,79.56,15.4,74.9,0.638,84.74,45.0,22.8,5.25,119,Unhealthy for Sensitive Groups
38.76,64.98,136.78,12.84,1.568,88.13,45.0,40.8,0.31,103,Unhealthy for Sensitive Groups
28.62,48.25,23.92,5.42,0.157,44.29,33.5,83.5,0.79,85,Moderate
16.64,26.41,34.65,14.27,1.516,77.5,45.0,43.9,4.7,63,Moderate
27.75,41.09,39.55,16.74,0.954,5.0,14.0,73.4,5.68,87,Moderate
130.71,163.47,27.67,22.47,4.725,49.61,33.2,94.4,2.26,198,Unhealthy
44.88,66.55,38.37,2.64,1.784,46.21,33.6,33.3,0.1,126,Unhealthy for Sensitive Groups
110.01,130.53,23.75,15.81,0.14,53.72,20.9,51.3,6.72,174,Unhealthy
25.53,50.68,26.19,36.96,1.387,62.88,45.0,32.4,1.45,81,Moderate
19.6,25.05,22.29,1.0,2.099,55.72,41.2,31.6,0.12,59,Moderate
31.93,58.97,20.59,5.82,1.16,31.81,30.4,67.5,5.12,91,Moderate
24.14,46.1,12.97,37.62,1.109,41.39,17.9,34.4,1.62,76,Moderate
59.19,83.54,12.18,7.48,1.102,72.96,9.6,56.2,0.63,156,Unhealthy
11.65,20.22,104.95,15.35,1.745,68.86,14.7,93.3,4.85,105,Unhealthy for Sensitive Groups
6.44,14.08,61.13,19.55,1.057,99.82,41.4,45.0,1.84,57,Moderate
54.75,106.82,94.13,5.85,0.851,67.81,22.3,85.5,2.81,148,Unhealthy for Sensitive Groups
132.89,241.6,118.0,3.83,1.129,97.2,36.5,49.7,5.2,195,Unhealthy
56.31,117.0,17.2,11.23,0.202,23.81,28.7,39.7,2.22,145,Unhealthy for Sensitive Groups
72.46,103.65,108.01,32.21,0.866,74.77,4.8,45.2,0.35,165,Unhealthy
32.84,72.61,54.88,15.92,0.579,78.94,22.4,29.6,9.95,97,Moderate
34.93,82.96,20.46,3.95,1.788,72.12,15.4,70.9,1.01,89,Moderate
9.8,25.27,34.47,26.34,0.391,29.98,33.3,58.2,15.48,42,Good
24.84,37.24,65.66,4.21,0.841,67.94,33.9,66.0,0.1,83,Moderate
89.95,200.41,56.16,19.11,0.435,50.97,23.2,42.7,1.98,178,Unhealthy
24.96,60.13,24.48,11.8,1.098,74.46,40.4,69.0,3.66,75,Moderate
64.62,169.95,30.29,8.86,2.584,57.83,35.8,32.3,7.1,158,Unhealthy
55.74,57.15,60.81,10.69,1.4,45.78,20.7,68.9,4.55,154,Unhealthy
57.61,92.62,32.44,12.12,1.415,117.04,30.5,26.1,0.89,155,Unhealthy
31.37,52.6,50.48,13.19,0.303,41.42,17.1,50.0,0.84,90,Moderate
79.21,83.67,24.49,16.76,1.083,66.99,21.6,65.7,1.32,163,Unhealthy
77.26,106.23,93.37,29.6,0.528,73.8,31.1,84.1,0.35,160,Unhealthy
17.33,43.62,53.15,51.57,0.733,52.67,25.6,80.9,3.32,63,Moderate
13.29,20.81,60.54,13.63,0.632,88.48,10.8,59.5,8.5,60,Moderate
6.22,9.75,35.62,27.05,0.401,81.58,29.2,86.3,3.08,29,Good
43.25,72.6,31.9,15.09,0.989,17.83,21.8,57.9,2.29,122,Unhealthy for Sensitive Groups
40.18,112.66,54.53,10.08,1.102,75.47,17.0,58.8,2.1,114,Unhealthy for Sensitive Groups
164.3,308.34,14.19,17.48,1.612,104.32,14.1,74.0,2.69,215,Very Unhealthy
53.57,84.1,22.07,2.6,1.885,40.95,23.1,85.8,3.72,142,Unhealthy for Sensitive Groups
47.37,62.01,66.76,5.02,1.318,25.57,27.5,65.2,4.75,124,Unhealthy for Sensitive Groups
60.48,85.21,42.62,3.58,0.298,52.45,22.7,90.8,3.6,145,Unhealthy for Sensitive Groups
52.98,91.82,23.49,16.65,0.53,59.2,28.1,37.4,3.66,137,Unhealthy for Sensitive Groups
44.91,46.68,93.21,1.14,0.889,60.79,22.4,89.3,9.09,117,Unhealthy for Sensitive Groups
17.77,57.82,29.68,3.11,1.815,86.18,30.9,36.6,6.89,66,Moderate
43.73,75.19,47.3,1.64,1.152,42.65,23.5,59.5,5.21,108,Unhealthy for Sensitive Groups
38.76,60.61,72.9,13.86,1.68,73.27,8.6,79.7,0.13,109,Unhealthy for Sensitive Groups
49.84,57.32,39.33,8.71,2.145,79.27,13.0,80.1,3.32,129,Unhealthy for Sensitive Groups
71.42,150.65,127.72,10.76,2.017,62.56,19.7,40.9,1.82,162,Unhealthy
39.27,59.49,13.97,19.13,0.431,44.4,37.6,93.9,2.88,118,Unhealthy for Sensitive Groups
10.84,21.44,57.12,12.64,0.339,31.08,15.4,26.0,3.48,56,Moderate
19.98,44.4,17.96,9.67,1.294,21.6,28.9,22.6,3.76,71,Moderate
34.25,61.2,63.86,1.09,1.738,23.25,29.1,83.1,6.11,100,Moderate
32.42,87.04,15.29,19.16,0.226,19.76,12.8,81.4,7.22,86,Moderate
60.26,72.77,10.19,1.0,0.777,98.12,22.3,73.5,2.8,157,Unhealthy
52.95,100.83,83.76,16.02,1.698,55.47,26.5,83.8,6.74,146,Unhealthy for Sensitive Groups
5.27,5.0,20.55,100.66,0.383,111.07,22.2,30.3,4.34,24,Good
16.42,21.87,10.59,21.94,1.002,69.21,30.7,27.2,0.68,60,Moderate
74.3,138.13,86.48,6.92,1.183,21.59,30.3,92.7,0.11,157,Unhealthy
36.98,67.69,43.65,28.68,0.184,55.05,27.1,66.8,0.1,106,Unhealthy for Sensitive Groups
34.46,72.8,20.49,57.9,1.486,75.65,34.2,89.0,2.65,103,Unhealthy for Sensitive Groups
33.81,48.05,49.1,32.53,1.665,67.77,25.0,88.0,2.21,92,Moderate
32.37,51.21,39.1,41.03,0.947,49.09,26.1,69.0,3.58,92,Moderate
31.52,58.43,27.36,5.39,0.166,82.21,27.8,67.1,5.55,90,Moderate
34.73,115.61,47.38,8.91,0.573,33.68,14.0,47.0,0.54,99,Moderate
31.26,90.29,32.01,24.71,1.798,64.29,30.8,31.2,5.82,95,Moderate
90.94,146.81,23.54,12.36,0.442,79.72,18.9,71.5,0.31,170,Unhealthy
12.54,24.36,36.85,4.92,2.034,50.61,22.9,81.3,6.44,59,Moderate
16.69,27.09,76.2,22.24,0.808,72.32,30.5,60.8,5.7,72,Moderate
33.34,75.18,13.52,24.63,1.515,56.74,29.5,23.8,3.58,99,Moderate
71.73,73.04,98.91,10.1,0.351,64.9,10.8,30.9,1.07,157,Unhealthy
62.77,92.77,38.99,4.06,2.586,70.34,10.9,27.6,0.29,149,Unhealthy for Sensitive Groups
20.51,32.91,29.44,8.5,0.518,52.53,15.0,69.3,4.52,76,Moderate
3.58,5.0,49.64,9.19,0.742,94.64,27.0,62.4,0.74,45,Good
34.12,34.51,128.03,15.17,0.697,66.35,38.1,55.0,1.74,102,Unhealthy for Sensitive Groups
40.26,85.93,26.94,3.26,0.1,73.76,20.2,60.8,2.27,110,Unhealthy for Sensitive Groups
38.6,83.3,25.88,11.45,0.781,88.32,15.6,40.7,3.47,113,Unhealthy for Sensitive Groups
56.45,100.39,30.53,7.87,0.422,74.71,15.6,80.4,2.01,157,Unhealthy
88.08,119.12,70.85,22.45,0.963,36.19,29.4,44.6,3.56,175,Unhealthy
45.43,49.18,68.7,137.06,1.133,78.02,35.8,68.3,5.05,123,Unhealthy for Sensitive Groups
31.23,65.49,37.47,15.93,0.447,66.32,35.2,49.3,3.75,90,Moderate
15.95,33.99,105.17,12.84,0.461,42.42,18.3,25.4,1.07,102,Unhealthy for Sensitive Groups
16.61,24.53,64.84,18.82,0.508,88.51,9.8,39.3,6.74,56,Moderate
9.97,24.35,16.16,25.21,1.001,34.26,25.8,92.4,2.4,42,Good
23.82,29.93,5.0,1.0,0.671,46.19,39.8,34.3,1.88,74,Moderate
73.55,108.99,53.33,12.74,0.46,49.49,29.3,27.9,2.57,168,Unhealthy
47.89,108.46,21.87,27.71,0.641,28.11,11.4,41.8,1.98,129,Unhealthy for Sensitive Groups
21.96,63.3,7.16,1.9,1.775,59.55,24.3,85.8,4.22,71,Moderate
141.49,291.83,34.49,15.81,0.953,43.41,14.9,43.0,1.64,204,Very Unhealthy
20.04,51.88,44.69,29.93,0.59,65.66,28.3,51.3,4.5,64,Moderate
67.72,141.91,23.71,56.47,2.086,103.16,24.6,43.3,4.28,158,Unhealthy
106.4,240.31,36.12,17.3,1.246,59.02,22.3,94.2,0.97,180,Unhealthy
68.25,79.52,6.5,22.31,0.188,72.05,18.7,95.0,0.3,155,Unhealthy
26.02,31.72,58.75,20.47,1.478,59.52,29.3,56.2,5.71,84,Moderate
30.1,67.8,7.09,2.61,2.732,52.11,36.9,78.9,0.56,87,Moderate
44.1,104.84,21.19,73.15,1.544,78.26,41.2,36.5,0.1,121,Unhealthy for Sensitive Groups
17.02,17.45,53.99,18.61,0.54,36.53,29.1,48.1,1.54,52,Moderate
24.06,19.22,23.11,11.05,0.809,84.92,37.7,71.0,0.88,76,Moderate
22.51,17.69,27.2,37.59,0.168,40.65,14.9,41.5,0.75,69,Moderate
71.52,64.57,52.21,6.36,1.416,93.71,21.6,36.9,0.57,154,Unhealthy
103.49,112.58,55.29,20.85,0.74,50.82,15.4,89.2,4.15,179,Unhealthy
49.05,151.38,27.87,10.08,0.502,39.38,20.1,38.3,4.59,136,Unhealthy for Sensitive Groups
93.33,149.98,6.5,6.1,0.763,62.55,14.7,24.4,0.14,165,Unhealthy
17.75,39.19,5.0,13.96,0.193,20.68,41.3,76.3,2.37,56,Moderate
34.17,67.92,70.82,15.83,0.218,33.15,21.3,38.2,0.44,87,Moderate
36.0,64.85,27.7,12.41,0.296,71.85,23.6,53.8,2.08,108,Unhealthy for Sensitive Groups
68.08,116.32,189.99,78.61,0.1,89.43,9.5,28.4,1.28,142,Unhealthy for Sensitive Groups
31.61,44.84,52.4,15.71,0.556,45.31,4.9,25.1,0.68,93,Moderate
76.02,109.13,126.15,9.64,0.375,91.88,42.0,54.5,8.87,154,Unhealthy
76.11,180.85,23.43,15.35,1.83,49.68,22.6,45.3,9.42,166,Unhealthy
70.28,99.19,29.58,24.88,0.342,64.55,45.0,57.9,2.49,163,Unhealthy
39.14,69.23,70.05,19.79,1.314,64.77,23.5,92.4,0.62,106,Unhealthy for Sensitive Groups
26.94,62.85,95.35,46.63,0.436,98.27,12.6,50.6,2.63,92,Moderate
19.09,26.37,32.35,17.39,0.983,82.11,25.2,65.2,7.91,65,Moderate
8.65,13.0,68.47,1.0,2.153,54.92,25.7,27.3,1.42,63,Moderate
36.77,44.19,7.85,15.86,0.298,120.88,26.4,86.4,0.44,108,Unhealthy for Sensitive Groups
41.75,67.54,20.99,16.03,2.379,58.58,24.3,80.4,3.55,116,Unhealthy for Sensitive Groups
73.18,117.45,50.25,31.05,1.481,60.38,9.9,59.2,3.2,164,Unhealthy
20.4,20.05,20.26,1.06,1.137,68.31,9.7,33.8,0.1,67,Moderate
45.16,55.43,53.89,21.62,0.953,49.48,36.6,51.9,5.76,132,Unhealthy for Sensitive Groups
37.58,97.75,36.97,27.57,0.82,94.6,44.7,42.3,3.24,98,Moderate
58.86,71.03,57.29,16.15,1.705,57.61,22.1,94.6,0.65,150,Unhealthy for Sensitive Groups
68.08,144.51,69.78,25.68,0.819,76.19,6.7,56.8,0.1,160,Unhealthy
57.19,59.44,83.82,5.08,0.688,5.0,37.0,51.7,10.76,147,Unhealthy for Sensitive Groups
10.99,37.64,10.58,28.98,1.36,63.29,16.5,32.7,4.22,40,Good
55.63,108.24,32.86,4.15,0.433,51.59,28.5,37.9,1.36,142,Unhealthy for Sensitive Groups
19.33,35.35,23.32,7.48,2.866,61.79,19.8,73.4,1.7,67,Moderate
90.06,142.11,35.53,23.77,1.116,31.05,20.1,60.1,2.32,173,Unhealthy
31.65,83.57,21.79,61.14,0.739,55.43,16.4,46.9,3.8,90,Moderate
50.31,94.36,37.29,53.14,0.727,64.59,39.0,42.3,0.57,140,Unhealthy for Sensitive Groups
172.17,331.9,22.42,18.72,0.663,51.08,29.5,35.1,0.65,232,Very Unhealthy
50.05,93.69,48.52,1.99,1.238,74.93,28.3,22.5,0.15,141,Unhealthy for Sensitive Groups
50.0,92.26,46.27,7.78,0.974,61.61,25.4,93.3,12.76,140,Unhealthy for Sensitive Groups
35.45,79.47,20.21,10.36,0.788,75.92,28.9,76.5,6.25,16,Good
19.14,33.97,44.72,1.0,1.986,84.42,13.2,89.6,2.42,63,Moderate
43.84,56.44,139.51,4.05,2.24,86.41,30.2,50.9,1.69,123,Unhealthy for Sensitive Groups
20.53,36.15,13.9,29.67,0.321,50.45,37.1,85.2,0.81,68,Moderate
112.29,223.86,18.28,50.56,0.718,50.07,27.2,39.2,2.71,182,Unhealthy
55.46,106.57,68.81,33.61,0.601,100.11,33.7,58.2,3.52,53,Moderate
80.07,121.92,92.51,8.28,0.54,37.05,20.9,35.2,3.51,160,Unhealthy
19.98,40.54,34.14,24.72,0.591,49.5,29.1,77.8,0.1,73,Moderate
17.35,31.12,28.82,13.57,0.342,55.97,21.1,57.3,3.63,52,Moderate
64.7,112.99,12.83,4.01,1.499,38.58,8.5,60.2,6.04,151,Unhealthy
15.92,34.76,18.93,17.94,0.719,62.82,22.6,84.5,0.37,57,Moderate
22.82,72.31,18.14,22.87,0.914,90.38,36.3,75.4,4.22,64,Moderate
136.48,188.76,31.01,5.07,1.516,12.18,11.7,92.5,5.2,195,Unhealthy
23.47,43.55,14.67,2.69,0.331,47.09,41.3,50.4,0.97,76,Moderate
15.86,23.56,14.28,8.47,0.984,62.99,19.5,54.6,3.74,48,Good
8.48,16.0,54.26,37.73,0.248,99.12,30.6,66.2,0.31,49,Good
10.93,17.69,44.59,26.55,0.254,22.66,40.2,54.0,3.14,44,Good
91.22,112.04,12.12,9.09,0.845,81.72,43.3,51.5,2.14,172,Unhealthy
20.9,45.21,27.79,5.59,0.808,55.92,41.1,45.5,5.69,73,Moderate
168.99,374.37,29.04,13.45,0.333,64.06,17.4,82.4,1.8,223,Very Unhealthy
76.63,196.73,79.91,3.73,1.823,90.69,36.4,60.0,1.68,167,Unhealthy
131.95,197.48,85.81,16.31,0.1,56.71,19.1,65.6,8.14,191,Unhealthy
80.2,150.58,109.44,11.63,0.324,59.18,15.6,35.3,8.17,171,Unhealthy
73.97,145.88,30.4,1.0,0.602,63.37,19.1,38.9,0.11,163,Unhealthy
27.42,39.35,8.05,9.59,0.475,65.03,37.6,45.5,1.99,83,Moderate
31.13,78.01,10.27,1.0,0.29,32.78,20.3,54.9,0.53,99,Moderate
60.51,146.5,23.73,17.33,3.287,64.05,17.2,23.3,0.96,149,Unhealthy for Sensitive Groups
77.2,101.09,30.73,3.38,1.558,70.85,41.0,86.6,3.29,162,Unhealthy
17.49,27.36,111.07,1.51,0.698,19.66,23.6,87.8,0.42,103,Unhealthy for Sensitive Groups
27.27,70.64,48.32,10.69,1.964,81.61,31.5,69.6,0.1,85,Moderate
36.85,78.15,44.65,9.75,1.77,82.88,15.6,43.7,3.9,102,Unhealthy for Sensitive Groups
35.86,59.53,78.79,17.83,0.483,66.32,21.0,48.9,3.08,98,Moderate
19.44,33.55,55.24,3.57,0.732,26.39,23.0,75.1,6.99,72,Moderate
89.31,227.22,46.36,41.27,0.831,43.78,19.2,41.5,2.34,162,Unhealthy
26.64,57.47,21.13,25.39,1.508,5.0,24.2,65.7,8.72,87,Moderate
20.57,37.16,9.81,42.51,1.197,51.06,16.1,88.0,2.82,68,Moderate
113.27,163.29,7.19,11.22,0.743,37.16,24.2,50.8,1.47,182,Unhealthy
124.6,115.3,9.51,4.93,0.507,58.3,36.4,64.0,2.81,184,Unhealthy
55.71,107.87,69.89,50.65,0.799,85.04,8.3,89.6,4.15,150,Unhealthy for Sensitive Groups
36.28,56.76,22.38,24.99,0.283,47.44,23.7,45.5,1.28,107,Unhealthy for Sensitive Groups
11.19,25.53,29.22,10.41,0.385,70.28,20.2,77.0,1.4,44,Good
54.25,75.72,10.08,12.99,0.679,57.81,19.2,76.6,2.98,138,Unhealthy for Sensitive Groups
26.52,52.16,71.95,8.57,0.764,37.4,44.5,89.6,1.82,81,Moderate
49.76,64.84,43.46,30.51,2.67,95.23,39.5,84.4,2.25,132,Unhealthy for Sensitive Groups
85.86,237.17,32.04,19.1,0.397,80.69,20.1,76.2,12.07,162,Unhealthy
20.1,55.59,34.4,21.28,0.12,32.29,11.4,67.7,0.13,64,Moderate
58.06,78.39,51.56,4.41,0.543,71.21,40.2,38.1,3.13,163,Unhealthy
50.42,151.09,59.63,11.9,0.463,54.81,29.0,70.3,7.69,136,Unhealthy for Sensitive Groups
81.38,123.93,55.08,16.04,0.663,72.81,13.4,40.7,0.81,161,Unhealthy
36.41,68.14,14.53,1.77,0.577,26.47,15.9,53.0,0.71,107,Unhealthy for Sensitive Groups
37.23,82.96,18.14,18.84,0.751,51.29,26.1,73.2,1.35,107,Unhealthy for Sensitive Groups
26.64,85.59,135.53,14.66,1.512,68.84,42.5,70.6,0.23,113,Unhealthy for Sensitive Groups
49.57,117.73,65.65,28.41,0.947,32.81,21.3,50.1,2.46,142,Unhealthy for Sensitive Groups
102.77,152.96,146.92,32.44,0.455,66.47,29.5,33.7,3.11,187,Unhealthy
25.8,44.41,22.48,59.59,0.111,51.63,19.1,56.3,5.14,76,Moderate
4.65,5.0,119.96,15.6,1.21,61.1,29.7,40.2,0.21,109,Unhealthy for Sensitive Groups
74.17,122.71,52.79,9.59,1.556,85.49,8.7,39.2,1.72,157,Unhealthy
53.04,91.6,54.48,3.62,0.572,127.66,31.4,44.5,4.6,143,Unhealthy for Sensitive Groups
59.76,76.03,37.94,2.85,2.453,61.95,27.4,73.0,4.39,155,Unhealthy
8.42,28.05,47.81,12.83,1.171,55.3,16.7,57.3,0.23,45,Good
29.25,50.81,54.5,2.5,0.92,108.28,-8.5,48.0,0.1,88,Moderate
64.06,101.0,29.37,3.17,0.717,88.34,41.3,87.5,4.59,154,Unhealthy
18.61,30.05,27.35,13.26,1.58,104.41,7.6,73.0,0.45,60,Moderate
42.17,98.62,24.07,8.86,2.345,65.96,37.6,57.1,2.59,121,Unhealthy for Sensitive Groups
49.48,93.44,43.89,4.88,2.256,80.41,16.7,51.6,0.3,129,Unhealthy for Sensitive Groups
24.85,35.29,27.12,9.51,0.818,61.21,28.8,81.4,1.05,85,Moderate
23.35,48.73,17.58,26.1,2.244,61.41,31.1,33.0,0.52,74,Moderate
19.58,26.18,39.08,19.15,0.441,62.76,41.6,69.8,4.0,71,Moderate
44.72,62.41,50.01,31.41,1.411,70.41,14.2,21.6,3.35,133,Unhealthy for Sensitive Groups
48.25,85.41,45.39,11.24,0.394,61.86,24.6,20.5,0.44,133,Unhealthy for Sensitive Groups
33.07,70.45,13.91,8.57,1.294,94.72,15.4,89.9,0.18,89,Moderate
16.93,33.18,99.14,15.24,1.29,74.39,14.6,58.5,1.88,105,Unhealthy for Sensitive Groups
67.27,83.07,150.13,3.25,0.573,65.04,25.9,43.6,0.65,155,Unhealthy
75.01,130.08,58.41,10.39,0.453,64.03,33.4,79.6,0.1,155,Unhealthy
75.16,84.06,79.01,9.33,2.088,49.37,45.0,93.9,0.92,165,Unhealthy
98.29,265.42,32.19,87.74,0.313,32.88,22.8,22.6,0.73,176,Unhealthy
44.66,75.87,56.82,36.35,0.225,85.02,24.3,22.8,3.47,124,Unhealthy for Sensitive Groups
114.33,123.66,8.79,23.44,1.12,84.9,24.9,84.1,5.92,177,Unhealthy
24.27,41.19,31.46,19.74,0.798,32.33,26.6,61.8,0.81,82,Moderate
21.43,41.52,31.82,47.22,1.107,32.87,27.5,86.2,0.76,75,Moderate
55.04,64.97,147.03,19.6,0.478,77.5,13.4,72.1,1.47,148,Unhealthy for Sensitive Groups
129.77,205.77,34.98,11.24,0.516,51.99,-2.5,55.3,0.57,197,Unhealthy
25.41,50.06,78.43,9.86,0.817,35.25,22.3,32.1,8.8,83,Moderate
13.67,27.85,44.77,24.87,0.828,19.89,44.6,49.2,0.84,50,Good
53.91,87.52,19.16,5.69,0.782,48.44,25.7,79.0,0.29,143,Unhealthy for Sensitive Groups
36.97,88.56,7.21,28.02,2.32,63.27,23.7,37.5,2.44,106,Unhealthy for Sensitive Groups
47.46,75.57,43.2,8.68,2.46,52.93,24.8,73.4,2.31,129,Unhealthy for Sensitive Groups
28.96,31.98,23.37,5.01,0.292,26.84,18.0,38.6,3.0,87,Moderate
33.66,94.18,6.59,20.17,1.12,45.29,24.0,54.8,10.21,91,Moderate
9.57,18.66,42.28,11.64,0.345,73.88,25.5,26.4,1.17,36,Good
146.47,198.09,57.78,43.28,2.787,99.58,25.4,54.1,1.34,198,Unhealthy
60.15,125.9,37.82,11.46,0.527,61.16,26.1,66.0,1.23,154,Unhealthy
53.07,63.7,44.47,11.9,0.665,85.82,26.0,62.2,2.97,145,Unhealthy for Sensitive Groups
66.24,160.32,19.47,46.61,1.552,78.02,24.4,50.5,2.78,150,Unhealthy for Sensitive Groups
26.74,55.75,15.54,24.85,0.382,45.48,36.4,47.7,2.26,82,Moderate
80.46,99.74,98.96,18.42,0.22,83.44,43.9,40.7,1.36,168,Unhealthy
40.02,59.12,72.75,8.84,0.376,88.11,8.1,77.5,1.67,110,Unhealthy for Sensitive Groups
32.18,55.26,72.91,2.46,1.758,47.9,19.4,78.7,4.72,89,Moderate
18.77,39.17,30.35,18.72,0.616,60.44,2.8,56.2,2.82,62,Moderate
51.33,82.23,17.48,2.97,1.663,45.87,30.0,48.7,3.78,138,Unhealthy for Sensitive Groups
39.65,76.04,15.89,8.47,0.848,28.57,37.5,67.8,0.97,117,Unhealthy for Sensitive Groups
71.73,165.72,28.86,4.66,0.172,85.58,26.1,61.8,7.27,153,Unhealthy
13.66,27.37,14.49,2.46,0.47,100.07,26.2,70.0,0.11,49,Good
66.93,84.87,7.82,23.25,1.023,58.46,19.2,43.0,2.72,146,Unhealthy for Sensitive Groups
63.74,106.44,40.78,12.11,0.1,46.64,26.9,79.1,5.02,161,Unhealthy
48.82,96.2,72.9,2.12,1.167,86.7,24.3,43.8,6.04,135,Unhealthy for Sensitive Groups
33.41,52.11,24.12,8.56,0.223,89.4,35.8,51.4,1.16,89,Moderate
34.91,103.36,6.32,24.1,0.497,38.35,45.0,29.9,1.85,97,Moderate
68.29,137.99,30.81,1.0,2.342,63.5,40.6,84.2,0.11,159,Unhealthy
85.34,173.86,30.06,15.43,2.379,109.49,45.0,68.3,4.68,169,Unhealthy
35.95,94.2,25.23,1.0,1.257,105.53,31.5,37.6,0.4,107,Unhealthy for Sensitive Groups
84.45,182.29,46.59,9.95,0.94,36.9,28.4,83.9,1.68,157,Unhealthy
38.4,79.81,37.05,17.59,0.524,25.21,24.8,72.9,14.07,113,Unhealthy for Sensitive Groups
65.78,150.16,45.32,25.9,0.164,68.78,28.7,53.2,7.49,147,Unhealthy for Sensitive Groups
60.89,90.34,39.38,26.61,0.848,77.82,28.4,94.2,1.2,158,Unhealthy
23.61,43.88,14.46,27.84,0.653,77.98,38.2,45.3,0.76,79,Moderate
25.1,19.87,22.06,20.43,0.56,73.63,23.2,27.5,0.87,90,Moderate
64.76,157.38,27.4,43.55,1.972,67.09,14.5,75.0,3.46,153,Unhealthy
104.27,152.24,69.34,21.27,0.369,49.39,24.7,76.8,3.88,172,Unhealthy
65.92,114.38,47.42,4.25,3.908,44.17,15.8,24.4,0.73,157,Unhealthy
42.2,73.99,21.95,6.6,1.526,80.1,22.9,81.5,0.82,118,Unhealthy for Sensitive Groups
15.36,26.54,38.38,4.04,0.649,42.37,7.8,78.2,1.17,68,Moderate
103.6,131.89,51.39,11.98,0.124,18.32,25.4,89.7,1.7,168,Unhealthy
51.7,128.16,20.06,9.44,1.475,63.6,16.2,28.9,7.48,137,Unhealthy for Sensitive Groups
26.03,39.14,91.51,3.95,3.445,67.14,32.5,65.1,0.1,85,Moderate
73.63,74.12,66.93,10.65,4.719,108.09,21.2,36.5,3.05,162,Unhealthy
14.41,8.93,33.5,14.55,0.392,60.84,5.8,50.0,5.93,53,Moderate
14.44,51.05,87.02,11.04,1.571,26.84,20.9,39.9,3.86,88,Moderate
18.93,58.27,34.68,50.16,0.278,90.48,24.2,53.7,0.73,68,Moderate
54.26,112.23,40.8,1.0,0.13,58.77,28.3,28.5,1.94,149,Unhealthy for Sensitive Groups
35.16,94.08,67.25,9.83,1.934,56.0,30.3,42.8,7.23,99,Moderate
46.68,82.48,48.92,24.01,0.526,30.92,16.9,25.3,0.37,132,Unhealthy for Sensitive Groups
76.41,186.77,47.87,13.87,0.659,72.74,17.4,56.9,13.15,162,Unhealthy
65.64,83.72,27.11,11.35,0.646,63.91,24.7,42.3,0.47,153,Unhealthy
125.51,149.93,37.26,3.13,0.1,61.99,28.0,64.3,0.46,184,Unhealthy
61.04,97.5,24.04,32.25,0.655,83.44,29.7,54.2,5.03,152,Unhealthy
35.9,65.9,20.27,2.93,2.23,86.47,34.5,38.3,5.29,109,Unhealthy for Sensitive Groups
29.11,64.67,152.9,19.67,0.583,68.02,8.2,27.7,0.12,110,Unhealthy for Sensitive Groups
40.32,62.67,67.66,14.45,0.996,73.46,34.7,76.5,0.55,113,Unhealthy for Sensitive Groups
67.08,153.76,32.08,37.67,0.172,68.67,33.2,67.5,8.9,156,Unhealthy
31.42,45.91,48.96,5.81,1.463,101.8,33.5,22.5,0.98,86,Moderate
49.63,71.8,24.24,15.88,0.542,37.33,22.8,94.2,0.1,127,Unhealthy for Sensitive Groups
63.45,101.54,19.45,6.44,0.362,32.86,27.5,68.2,0.88,156,Unhealthy
19.09,35.44,5.92,17.84,0.354,30.29,29.9,35.5,3.99,61,Moderate
75.43,173.87,47.26,8.37,3.263,72.93,23.2,83.0,7.45,163,Unhealthy
39.65,105.46,27.76,18.38,0.1,57.17,34.5,86.2,0.51,111,Unhealthy for Sensitive Groups
144.03,221.92,95.29,14.38,1.295,32.34,13.2,63.0,0.76,201,Very Unhealthy
42.34,73.24,24.32,5.35,0.103,55.16,32.2,86.4,1.75,121,Unhealthy for Sensitive Groups
25.2,67.11,58.71,5.35,1.306,113.93,29.9,22.2,4.14,81,Moderate
22.38,39.57,102.79,11.01,0.412,70.69,40.2,90.9,3.22,96,Moderate
13.6,23.22,53.32,42.13,1.289,96.87,44.4,24.3,1.19,43,Good
55.99,173.54,47.41,20.75,0.732,27.42,23.1,68.2,0.21,157,Unhealthy
135.39,210.25,41.86,8.05,1.039,67.3,40.4,45.9,0.87,192,Unhealthy
36.3,52.58,72.51,29.88,0.921,72.82,28.0,22.9,0.74,102,Unhealthy for Sensitive Groups
45.1,85.97,84.14,18.3,0.906,77.3,28.3,89.7,0.1,123,Unhealthy for Sensitive Groups
44.97,67.61,41.2,25.11,0.125,53.67,29.0,30.2,11.07,127,Unhealthy for Sensitive Groups
102.17,132.33,10.8,10.06,0.343,84.67,11.6,84.0,0.88,181,Unhealthy
21.15,35.38,30.89,23.37,1.578,72.3,36.4,44.8,5.43,67,Moderate
50.23,69.51,74.01,22.23,0.505,62.2,11.1,75.6,1.99,129,Unhealthy for Sensitive Groups
70.96,158.65,42.83,14.03,0.718,49.29,30.0,39.1,10.76,167,Unhealthy
43.07,109.41,19.18,6.56,0.307,22.87,-0.1,63.8,0.49,121,Unhealthy for Sensitive Groups
2.96,7.52,46.34,17.7,0.385,12.08,22.8,80.0,0.35,45,Good
65.84,90.29,41.12,20.22,2.895,43.17,24.9,62.5,0.1,143,Unhealthy for Sensitive Groups
70.42,74.43,22.31,1.0,2.335,56.14,31.4,43.0,3.8,160,Unhealthy
114.26,105.3,30.36,18.85,1.303,43.1,39.5,37.5,1.1,171,Unhealthy
109.13,189.54,145.49,31.13,1.401,68.61,24.2,33.1,6.13,177,Unhealthy
93.77,216.6,5.5,25.99,1.079,80.57,12.5,82.9,3.01,174,Unhealthy
32.83,81.4,28.27,5.69,0.829,28.73,20.5,65.8,2.58,96,Moderate
13.12,11.1,87.47,11.59,3.024,73.73,27.4,58.2,2.0,90,Moderate
37.98,79.51,38.39,2.32,0.526,59.33,26.5,38.7,0.9,104,Unhealthy for Sensitive Groups
32.13,92.7,17.12,20.55,0.409,16.92,7.6,52.5,0.2,88,Moderate
134.36,126.84,34.4,10.03,0.581,82.71,19.9,66.5,1.76,189,Unhealthy
29.19,47.56,144.17,39.68,0.573,36.61,19.7,25.4,0.31,109,Unhealthy for Sensitive Groups
14.78,22.68,60.11,20.2,1.616,124.26,22.9,47.1,7.08,54,Moderate
28.7,38.36,52.35,5.56,0.431,89.19,31.0,38.0,5.3,85,Moderate
25.72,39.34,35.28,17.3,0.81,56.44,17.1,68.5,2.9,79,Moderate
16.05,24.0,53.52,4.23,1.14,59.96,35.7,65.5,1.81,60,Moderate
36.84,62.98,14.83,6.12,0.931,25.22,32.4,42.5,1.82,115,Unhealthy for Sensitive Groups
45.35,66.11,126.71,22.94,0.264,103.92,4.1,23.1,1.87,120,Unhealthy for Sensitive Groups
11.73,23.27,57.18,3.25,1.132,38.77,20.8,33.7,4.1,57,Moderate
25.09,65.88,28.11,28.62,0.988,61.05,27.1,32.0,0.4,78,Moderate
24.5,57.41,42.97,10.47,1.29,43.95,40.1,62.6,2.27,86,Moderate
54.77,92.8,64.02,9.05,1.22,71.53,13.0,32.7,5.02,144,Unhealthy for Sensitive Groups
58.4,73.33,19.12,17.92,1.269,59.48,7.8,56.2,2.14,151,Unhealthy
22.28,30.55,27.59,1.78,0.1,44.34,27.2,66.1,0.1,70,Moderate
75.02,111.8,15.14,8.4,0.36,71.61,14.9,86.0,0.84,150,Unhealthy for Sensitive Groups
31.65,60.05,45.55,7.87,1.744,97.6,24.3,38.4,3.31,92,Moderate
25.39,39.55,12.04,8.15,0.421,61.22,17.7,33.9,8.16,79,Moderate
8.86,15.35,12.84,44.8,1.827,5.23,34.2,33.0,6.73,33,Good
46.51,92.02,61.99,33.65,0.57,69.39,32.4,47.0,5.19,117,Unhealthy for Sensitive Groups
70.32,106.89,53.67,14.21,0.477,23.08,18.9,68.7,9.0,163,Unhealthy
22.04,46.51,82.29,39.53,0.587,25.76,40.1,70.4,0.99,89,Moderate
47.32,63.07,30.08,4.42,6.095,23.17,25.6,35.8,0.1,136,Unhealthy for Sensitive Groups
128.97,205.46,40.35,5.87,0.756,77.66,28.3,29.8,1.31,189,Unhealthy
74.71,115.44,97.57,5.3,1.505,23.69,18.4,53.7,2.58,160,Unhealthy
5.26,9.84,73.92,37.78,4.259,84.68,17.6,30.6,1.14,78,Moderate
22.88,36.66,62.89,21.88,1.179,80.27,40.3,81.0,0.14,79,Moderate
39.19,56.3,20.88,13.81,2.9,38.43,26.2,26.3,2.12,111,Unhealthy for Sensitive Groups
45.18,54.54,22.36,5.42,1.718,71.98,27.3,76.4,0.67,125,Unhealthy for Sensitive Groups
43.64,98.35,33.03,10.99,1.306,89.45,19.9,23.2,3.9,124,Unhealthy for Sensitive Groups
41.54,118.83,25.92,12.31,0.255,45.44,27.7,80.5,0.28,116,Unhealthy for Sensitive Groups
29.16,65.32,15.42,11.32,0.651,90.8,25.2,67.0,9.52,93,Moderate
43.45,54.77,29.06,28.08,1.179,64.22,24.8,44.2,6.28,123,Unhealthy for Sensitive Groups
77.11,163.85,37.11,34.36,0.485,42.77,41.5,50.4,6.21,165,Unhealthy
47.11,67.01,71.21,5.1,1.249,80.65,26.3,70.5,4.68,132,Unhealthy for Sensitive Groups
17.45,26.73,93.03,18.57,0.733,41.84,13.7,33.9,3.01,92,Moderate
46.14,47.17,61.11,31.33,0.374,94.65,30.0,86.8,0.16,136,Unhealthy for Sensitive Groups
46.4,49.28,12.19,2.68,1.501,31.19,21.3,56.2,3.26,127,Unhealthy for Sensitive Groups
8.11,25.95,85.33,4.35,1.075,92.73,14.9,77.0,4.12,83,Moderate
47.73,94.83,61.31,5.0,1.302,65.45,17.9,58.0,0.42,129,Unhealthy for Sensitive Groups
19.38,35.48,70.97,9.57,0.944,77.81,35.9,53.9,2.87,78,Moderate
56.59,109.56,16.21,12.63,0.549,50.16,14.7,55.2,1.96,143,Unhealthy for Sensitive Groups
51.45,65.45,90.92,6.52,0.795,69.79,15.2,47.2,1.92,137,Unhealthy for Sensitive Groups
15.15,17.94,30.2,10.85,0.498,5.0,25.6,75.0,0.67,61,Moderate
89.41,170.92,24.78,28.1,2.559,65.46,21.7,83.5,4.03,170,Unhealthy
71.0,186.76,47.27,31.03,1.097,27.17,15.2,84.1,7.78,160,Unhealthy
26.19,64.62,26.69,25.42,0.815,78.7,34.2,29.1,4.65,82,Moderate
35.55,75.95,54.57,6.04,0.691,46.63,20.8,77.1,1.38,106,Unhealthy for Sensitive Groups
71.14,147.56,28.92,19.94,0.349,46.39,12.0,35.0,12.44,160,Unhealthy
84.77,189.03,13.79,10.02,1.135,30.9,28.0,20.9,1.36,167,Unhealthy
10.4,6.97,28.34,2.94,0.281,64.6,33.1,40.7,0.8,50,Good
18.31,19.58,12.31,6.67,2.197,38.82,29.7,42.0,10.33,65,Moderate
23.28,64.83,44.69,22.25,1.442,58.68,31.6,80.7,4.68,78,Moderate
31.39,43.87,5.0,21.35,0.413,51.83,31.4,75.7,4.3,78,Moderate
82.57,165.44,96.64,1.01,2.234,34.39,22.3,26.4,0.24,162,Unhealthy
85.04,173.89,12.05,11.74,0.749,50.29,20.4,44.4,0.64,162,Unhealthy
115.57,213.36,88.62,14.09,1.369,45.24,18.3,38.8,0.1,178,Unhealthy
7.39,17.21,40.96,12.35,0.738,84.26,24.9,64.7,4.5,36,Good
23.44,56.93,5.5,56.3,0.757,88.42,8.6,60.6,0.98,72,Moderate
25.31,46.54,40.13,5.51,1.822,27.02,13.4,70.9,0.43,83,Moderate
16.99,55.33,8.44,15.25,0.831,64.84,38.3,88.3,0.6,57,Moderate
41.08,77.58,32.23,31.2,0.57,53.0,34.0,51.6,3.07,119,Unhealthy for Sensitive Groups
60.87,94.97,22.66,3.87,0.477,38.02,26.5,69.2,1.7,157,Unhealthy
50.92,84.77,6.5,12.5,0.695,63.64,40.3,88.9,8.51,133,Unhealthy for Sensitive Groups
40.38,60.13,54.32,28.16,3.184,71.73,28.8,60.6,1.37,105,Unhealthy for Sensitive Groups
29.99,60.37,32.44,9.75,1.072,5.0,25.3,43.1,5.39,87,Moderate
26.03,78.85,27.95,15.63,0.386,85.12,11.5,50.2,2.37,86,Moderate
108.4,176.96,6.49,7.98,1.05,77.77,22.2,76.6,3.67,179,Unhealthy
78.69,122.86,6.79,16.98,2.257,59.34,34.8,74.0,0.55,172,Unhealthy
40.05,34.84,36.12,12.19,1.18,38.05,30.6,76.1,4.15,105,Unhealthy for Sensitive Groups
47.09,80.2,86.91,6.44,1.677,72.24,44.6,75.7,0.27,123,Unhealthy for Sensitive Groups
41.68,112.9,45.25,7.71,0.827,43.63,25.2,89.0,3.52,110,Unhealthy for Sensitive Groups
16.66,22.26,53.12,8.71,0.68,91.75,-0.6,77.3,1.88,64,Moderate
34.33,53.02,65.11,24.86,0.422,82.45,28.8,84.2,0.78,101,Unhealthy for Sensitive Groups
76.01,111.22,27.99,16.28,0.481,60.49,0.5,63.0,1.96,164,Unhealthy
59.22,63.91,55.42,19.52,0.824,39.87,20.2,68.3,5.81,154,Unhealthy
21.63,25.76,7.68,9.36,1.584,72.41,33.9,92.6,0.5,78,Moderate
32.18,45.62,178.89,1.0,0.875,79.8,41.8,85.3,0.56,115,Unhealthy for Sensitive Groups
7.21,5.0,20.32,16.66,0.489,51.64,14.7,78.3,2.29,35,Good
49.89,91.82,38.12,18.04,1.888,70.28,29.0,71.4,2.94,147,Unhealthy for Sensitive Groups
123.81,249.48,101.51,6.39,2.103,48.0,40.8,46.9,1.64,182,Unhealthy
21.3,20.53,28.15,7.76,0.526,16.45,26.0,61.1,0.93,68,Moderate
83.65,117.55,51.52,1.0,0.769,18.43,18.8,24.1,0.21,155,Unhealthy
152.49,163.16,51.44,7.8,0.262,63.9,43.5,51.2,0.15,206,Very Unhealthy
30.72,59.29,27.03,12.38,1.623,98.08,34.9,28.4,0.13,88,Moderate
29.01,82.24,16.38,8.53,0.14,35.82,25.7,74.6,6.95,86,Moderate
36.89,94.94,9.42,6.75,0.859,39.88,9.7,86.9,0.42,114,Unhealthy for Sensitive Groups
68.58,91.55,39.53,10.05,1.024,67.51,21.4,33.1,1.05,160,Unhealthy
47.74,57.81,18.9,11.39,0.524,60.92,17.7,38.4,12.78,126,Unhealthy for Sensitive Groups
29.52,43.86,17.84,19.06,0.492,67.14,7.8,84.3,7.87,85,Moderate
63.69,97.94,58.1,13.98,1.353,72.95,38.5,63.9,0.13,151,Unhealthy
39.01,68.54,48.87,4.0,1.118,59.54,30.7,64.1,2.4,111,Unhealthy for Sensitive Groups
39.9,70.23,55.95,10.01,1.411,63.42,17.9,62.2,3.01,112,Unhealthy for Sensitive Groups
49.7,58.37,31.66,2.12,0.209,31.83,19.1,36.4,0.17,142,Unhealthy for Sensitive Groups
9.2,14.03,13.98,18.03,2.308,49.54,20.4,38.2,3.91,40,Good
66.32,168.09,42.73,27.42,2.432,91.55,15.0,91.2,13.24,155,Unhealthy
27.78,47.9,60.9,14.16,1.0,71.78,45.0,74.3,1.68,85,Moderate
70.34,174.05,34.03,12.92,0.668,66.98,17.8,26.8,1.79,153,Unhealthy
59.36,167.53,13.94,41.78,0.821,38.19,21.8,36.7,3.23,150,Unhealthy for Sensitive Groups
36.18,82.3,28.27,31.69,2.092,39.89,18.1,67.0,4.0,103,Unhealthy for Sensitive Groups
70.85,73.88,15.83,21.09,0.483,33.14,7.1,41.3,4.68,166,Unhealthy
46.97,87.8,14.93,10.43,0.195,14.12,12.7,38.9,0.24,133,Unhealthy for Sensitive Groups
34.0,71.43,76.37,2.66,1.356,53.27,35.6,35.2,4.84,98,Moderate
35.13,81.46,22.64,28.51,0.868,50.26,21.7,33.9,5.99,101,Unhealthy for Sensitive Groups
62.63,105.1,70.92,21.48,1.995,64.62,29.1,66.0,0.14,160,Unhealthy
42.36,78.23,48.82,57.56,0.923,85.89,29.6,87.9,0.12,117,Unhealthy for Sensitive Groups
38.46,62.82,130.05,25.12,3.224,44.34,29.6,47.1,2.4,113,Unhealthy for Sensitive Groups
17.52,48.57,34.53,5.37,3.366,91.23,18.1,29.1,2.06,60,Moderate
40.65,103.02,32.96,13.58,0.588,72.86,41.9,29.3,11.75,115,Unhealthy for Sensitive Groups
19.71,50.92,6.21,13.91,0.131,95.55,34.2,90.0,1.05,72,Moderate
86.58,110.62,24.88,6.41,1.027,31.52,29.8,59.7,2.68,172,Unhealthy
70.1,147.64,27.71,27.93,0.257,89.32,27.5,55.0,2.12,149,Unhealthy for Sensitive Groups
43.39,125.59,101.14,20.36,0.226,43.13,11.2,86.8,2.3,121,Unhealthy for Sensitive Groups
67.69,101.76,22.41,13.12,1.694,40.12,33.3,58.0,3.23,161,Unhealthy
54.34,117.67,12.96,18.1,1.13,58.52,23.7,56.0,2.31,145,Unhealthy for Sensitive Groups
51.43,144.57,7.47,20.42,0.505,38.79,16.9,89.5,0.1,145,Unhealthy for Sensitive Groups
50.07,73.61,6.0,89.21,0.921,70.73,14.8,55.6,5.57,131,Unhealthy for Sensitive Groups
49.07,92.64,129.36,7.81,0.977,81.03,34.8,49.3,0.67,130,Unhealthy for Sensitive Groups
97.21,99.58,50.58,4.72,1.11,72.35,11.0,63.6,0.79,158,Unhealthy
27.87,85.53,11.65,1.97,1.92,58.59,21.0,93.3,3.13,82,Moderate
29.13,49.17,107.82,5.11,0.838,89.49,26.6,92.3,1.95,91,Moderate
23.7,21.47,119.77,1.7,0.151,70.71,23.5,78.2,2.56,110,Unhealthy for Sensitive Groups
25.12,40.65,12.14,21.58,2.476,56.37,29.2,57.4,2.06,88,Moderate
5.81,13.84,18.89,24.15,0.865,56.81,36.7,86.1,1.62,19,Good
35.94,70.92,59.43,35.85,0.491,37.89,31.2,51.5,1.98,101,Unhealthy for Sensitive Groups
47.36,77.17,44.71,20.09,0.271,35.9,25.6,68.0,0.46,130,Unhealthy for Sensitive Groups
90.34,136.91,38.73,45.77,0.972,48.63,20.5,33.5,10.45,164,Unhealthy
13.04,16.7,98.37,38.28,0.744,33.68,10.7,69.6,2.57,100,Moderate
22.08,30.55,7.45,23.59,0.4,31.25,24.4,40.7,1.01,71,Moderate
84.97,135.77,16.15,52.8,1.748,37.08,21.3,77.9,3.74,159,Unhealthy
44.31,79.35,23.67,27.04,0.32,86.87,30.3,51.1,6.36,124,Unhealthy for Sensitive Groups
64.21,132.49,17.99,15.17,0.298,39.79,23.6,49.9,1.05,158,Unhealthy
14.52,30.83,5.0,31.95,0.481,80.62,35.4,76.0,1.18,45,Good
96.03,125.64,27.33,14.56,0.114,43.99,20.6,51.9,1.73,171,Unhealthy
13.59,32.35,50.44,17.34,0.152,64.73,19.4,73.6,0.73,51,Moderate
35.26,73.94,49.16,12.17,0.33,39.65,29.2,84.1,4.98,101,Unhealthy for Sensitive Groups
49.31,100.71,63.95,18.34,0.58,64.9,26.1,30.3,2.63,141,Unhealthy for Sensitive Groups
27.37,72.27,70.94,23.68,0.33,116.94,28.8,55.9,0.18,88,Moderate
68.94,101.93,60.28,2.87,0.98,42.55,23.7,90.9,17.15,163,Unhealthy
59.38,122.7,23.59,23.07,0.376,52.66,25.3,80.9,2.57,153,Unhealthy
50.35,99.87,5.64,24.88,1.041,30.31,22.0,93.0,6.62,136,Unhealthy for Sensitive Groups
29.71,44.84,6.03,9.78,0.425,87.49,26.3,84.5,2.09,77,Moderate
18.67,38.47,29.59,12.86,0.951,91.48,37.4,43.3,2.62,68,Moderate
37.87,25.06,20.0,12.4,2.325,36.7,19.9,33.4,1.82,111,Unhealthy for Sensitive Groups
16.81,28.01,28.47,28.16,1.131,56.07,18.9,35.8,1.65,52,Moderate
99.94,164.48,14.61,27.7,0.134,70.52,28.2,36.3,0.74,176,Unhealthy
30.94,62.77,80.69,18.4,0.333,61.68,23.1,25.7,9.82,95,Moderate
43.26,79.02,25.59,69.52,0.176,36.87,39.1,88.0,0.6,115,Unhealthy for Sensitive Groups
65.2,121.16,27.29,3.55,0.216,35.84,32.0,57.7,2.24,159,Unhealthy
20.24,18.19,29.33,6.84,1.681,29.21,33.6,27.6,0.27,62,Moderate
14.42,22.37,82.05,21.43,0.7,85.61,34.5,77.2,15.05,78,Moderate
21.07,42.69,12.68,2.94,0.754,76.59,18.4,44.4,2.43,64,Moderate
60.29,76.01,38.89,41.1,1.695,101.71,26.1,25.3,5.06,157,Unhealthy
35.49,111.27,27.81,10.99,0.375,34.8,31.8,34.2,2.48,30,Good
55.32,88.56,18.45,44.01,0.972,67.49,25.0,69.3,4.9,147,Unhealthy for Sensitive Groups
29.06,72.84,41.07,24.84,1.363,63.4,16.0,79.6,2.29,80,Moderate
2.8,5.0,55.12,34.02,0.637,69.28,34.3,39.0,1.77,65,Moderate
39.1,84.13,6.09,13.22,2.573,75.24,23.3,63.3,1.83,110,Unhealthy for Sensitive Groups
56.46,156.49,44.17,33.85,0.671,139.93,28.0,20.1,0.1,151,Unhealthy
81.78,130.3,5.0,41.31,0.291,138.96,30.8,40.9,1.39,160,Unhealthy
33.12,55.18,13.45,11.09,0.412,68.98,40.1,33.6,9.11,90,Moderate
35.57,75.25,16.9,18.39,0.912,100.37,27.0,25.7,3.38,103,Unhealthy for Sensitive Groups
75.0,85.04,28.15,18.53,1.393,38.46,4.8,56.3,7.55,162,Unhealthy
88.42,192.29,84.94,8.1,0.319,57.52,26.8,67.3,0.67,165,Unhealthy
42.92,82.56,25.18,17.36,1.992,40.07,27.8,23.5,2.03,123,Unhealthy for Sensitive Groups
74.36,76.92,29.72,16.23,0.3,66.3,8.3,30.3,0.11,159,Unhealthy
26.16,31.66,9.77,29.64,2.21,73.14,39.7,89.9,3.39,83,Moderate
19.21,8.76,54.11,17.15,0.452,117.48,-1.5,36.7,4.6,67,Moderate
28.18,58.65,28.13,32.49,0.1,36.72,30.8,77.0,4.13,84,Moderate
73.22,196.58,38.04,53.97,1.269,93.15,9.7,76.1,0.27,163,Unhealthy
46.33,131.39,7.66,11.37,0.1,49.66,35.7,44.1,0.85,133,Unhealthy for Sensitive Groups
15.94,42.44,101.57,17.39,5.676,46.05,30.6,35.3,3.2,106,Unhealthy for Sensitive Groups
47.68,86.92,46.38,9.48,0.895,54.11,39.7,38.3,4.27,123,Unhealthy for Sensitive Groups
16.94,20.55,34.42,7.44,0.229,109.52,30.2,62.4,0.96,66,Moderate
64.8,65.73,86.1,12.93,0.607,10.97,28.5,48.6,1.56,158,Unhealthy
25.54,27.1,134.34,47.34,0.198,71.31,21.7,57.2,1.3,110,Unhealthy for Sensitive Groups
12.17,48.31,33.83,25.57,1.21,88.15,7.6,80.9,0.1,40,Good
110.79,199.78,31.72,26.58,0.13,35.82,45.0,57.7,2.58,172,Unhealthy
40.2,67.73,29.18,23.66,0.1,73.33,20.2,94.6,3.32,111,Unhealthy for Sensitive Groups
62.99,104.29,28.68,7.98,2.59,41.92,28.4,69.9,0.97,145,Unhealthy for Sensitive Groups
44.1,48.38,41.84,7.1,0.315,109.07,16.8,35.5,3.49,130,Unhealthy for Sensitive Groups
18.02,28.96,27.78,8.26,0.998,27.78,14.3,57.5,0.83,59,Moderate
43.23,60.7,70.74,1.0,0.678,74.48,25.6,81.0,3.77,114,Unhealthy for Sensitive Groups
14.51,41.61,68.75,27.16,0.512,49.19,29.2,36.4,1.83,64,Moderate
115.37,211.67,9.22,37.11,0.544,56.51,42.6,74.7,6.17,180,Unhealthy
63.7,145.92,11.47,39.42,1.398,52.78,35.1,22.5,2.36,156,Unhealthy
43.56,92.96,25.43,11.08,0.724,87.75,27.8,90.7,0.61,109,Unhealthy for Sensitive Groups
60.9,102.31,6.16,22.45,0.259,64.87,24.4,69.8,5.18,147,Unhealthy for Sensitive Groups
79.55,129.88,125.86,21.93,0.232,24.85,28.4,32.2,4.51,160,Unhealthy
79.68,111.03,92.49,11.0,2.015,69.54,22.4,85.6,0.26,166,Unhealthy
59.68,122.69,28.58,12.59,1.461,67.04,27.6,26.1,0.15,151,Unhealthy
56.88,125.29,30.7,11.53,2.541,86.3,17.0,50.4,0.44,152,Unhealthy
41.76,112.14,43.09,33.53,1.483,68.71,19.5,75.3,5.6,121,Unhealthy for Sensitive Groups
76.9,153.29,13.63,2.45,0.313,22.3,24.5,90.3,1.16,161,Unhealthy
47.88,76.51,27.82,1.0,0.648,89.72,28.2,46.2,2.11,133,Unhealthy for Sensitive Groups
32.29,59.32,14.5,28.6,2.044,88.86,23.8,82.3,2.77,93,Moderate
43.78,66.74,34.87,21.27,0.262,73.4,26.9,34.8,4.08,127,Unhealthy for Sensitive Groups
59.58,94.05,46.26,17.76,0.145,67.59,15.9,22.6,5.32,156,Unhealthy
10.1,34.6,30.03,67.43,2.697,69.69,13.0,22.2,2.18,28,Good
23.0,29.34,73.24,21.57,2.602,89.22,24.5,69.4,1.61,75,Moderate
36.33,59.38,30.35,15.42,2.13,94.38,8.1,31.6,0.65,112,Unhealthy for Sensitive Groups
9.65,21.24,31.84,33.53,2.011,73.68,33.6,23.8,2.81,46,Good
39.56,80.37,8.01,7.6,1.641,76.24,11.3,93.3,2.39,108,Unhealthy for Sensitive Groups
36.35,63.75,42.59,20.34,2.161,65.34,21.1,38.2,1.03,106,Unhealthy for Sensitive Groups
11.39,17.06,30.0,14.62,0.355,120.48,30.0,54.7,1.77,43,Good
32.3,61.04,74.52,30.43,0.626,9.37,34.2,66.0,4.04,92,Moderate
67.01,91.99,12.56,1.21,0.49,43.84,31.4,30.8,2.96,153,Unhealthy
61.29,97.89,13.5,32.27,1.139,40.47,29.9,46.8,1.97,154,Unhealthy
53.75,117.51,27.47,1.2,0.14,112.95,45.0,68.6,0.95,156,Unhealthy
77.68,121.06,5.0,43.36,2.159,54.93,14.5,68.0,3.31,154,Unhealthy
21.22,50.07,100.48,11.73,0.149,10.4,28.1,83.2,2.96,73,Moderate
18.55,28.6,34.77,10.67,1.653,40.14,31.3,52.8,1.84,61,Moderate
57.16,143.53,5.0,16.14,0.449,74.37,28.6,86.7,0.82,147,Unhealthy for Sensitive Groups
37.02,67.44,21.79,13.93,1.116,61.26,20.4,71.2,0.58,106,Unhealthy for Sensitive Groups
20.79,36.67,29.05,14.13,0.949,57.92,30.4,62.2,1.24,69,Moderate
10.03,25.14,86.4,52.42,0.1,65.6,29.8,28.8,7.18,87,Moderate
57.33,95.52,44.93,27.58,0.982,89.03,37.4,63.1,4.21,151,Unhealthy
37.6,45.51,9.55,3.93,0.298,83.57,29.7,64.6,6.65,105,Unhealthy for Sensitive Groups
24.22,35.8,34.81,7.43,0.1,40.1,6.0,76.9,5.55,76,Moderate
6.3,13.37,44.41,12.79,0.872,67.89,32.9,73.9,1.84,41,Good
76.3,127.07,22.56,33.32,0.119,99.26,21.0,59.7,2.27,160,Unhealthy
13.34,22.13,27.16,6.34,2.577,65.89,23.1,64.5,0.56,53,Moderate
32.35,46.59,63.49,9.33,0.301,45.71,13.6,77.9,3.83,91,Moderate
31.57,41.35,36.72,15.81,0.922,31.83,26.4,46.4,1.64,99,Moderate
73.79,122.57,41.32,2.77,0.827,66.37,44.7,30.1,0.53,152,Unhealthy
11.15,16.73,81.27,3.11,1.67,55.12,35.7,85.6,0.3,72,Moderate
68.34,113.05,76.08,9.59,0.43,54.68,13.2,92.4,3.57,165,Unhealthy
57.52,96.48,56.73,39.22,0.486,65.77,23.0,52.2,1.97,155,Unhealthy
19.17,35.47,14.83,3.57,0.843,43.13,35.1,94.3,0.1,59,Moderate
56.55,103.4,28.64,2.85,0.324,92.31,23.2,44.2,5.22,155,Unhealthy
51.36,86.73,40.22,26.92,0.513,58.23,4.5,25.0,2.9,136,Unhealthy for Sensitive Groups
119.9,180.48,10.78,33.9,0.36,109.65,19.5,62.9,0.12,186,Unhealthy
44.4,51.16,28.76,11.83,1.02,85.83,38.8,85.1,1.09,122,Unhealthy for Sensitive Groups
18.75,42.08,34.31,17.87,1.402,58.1,40.1,66.3,3.84,67,Moderate
58.19,125.45,55.54,5.2,1.818,28.03,23.2,20.7,0.18,153,Unhealthy
40.66,57.69,63.69,21.55,1.725,76.57,22.3,20.9,4.0,109,Unhealthy for Sensitive Groups
38.98,54.91,6.36,1.79,1.157,71.82,2.1,74.3,2.11,107,Unhealthy for Sensitive Groups
15.8,25.83,27.25,17.15,1.144,42.49,24.0,83.4,4.58,59,Moderate
57.31,103.57,16.65,11.09,1.122,31.34,19.3,39.0,5.8,144,Unhealthy for Sensitive Groups
36.17,54.05,6.57,28.51,0.738,59.67,6.1,55.3,4.38,99,Moderate
46.48,108.67,29.78,19.75,0.243,65.85,15.5,92.1,0.24,126,Unhealthy for Sensitive Groups
100.22,240.01,17.51,28.69,2.227,64.0,11.9,54.5,1.85,174,Unhealthy
26.25,73.34,26.75,3.99,1.117,60.08,25.6,30.2,1.15,77,Moderate
49.78,136.67,39.46,9.48,1.438,89.88,40.5,88.4,2.13,139,Unhealthy for Sensitive Groups
37.83,66.81,47.67,20.38,0.472,44.11,23.5,57.1,10.13,99,Moderate
26.62,33.95,120.97,11.23,3.324,107.39,27.6,45.8,0.4,104,Unhealthy for Sensitive Groups
85.53,193.77,37.4,6.1,2.015,18.33,45.0,27.3,6.02,169,Unhealthy
8.25,21.97,92.59,37.36,0.551,41.79,6.0,54.4,14.08,107,Unhealthy for Sensitive Groups
79.47,106.73,14.14,26.39,0.441,30.16,26.9,77.7,13.82,156,Unhealthy
5.3,16.15,34.28,16.32,1.422,65.52,36.4,73.8,4.78,22,Good
74.53,108.71,20.17,16.11,0.734,69.97,28.1,57.2,1.88,165,Unhealthy
31.5,90.5,21.72,25.45,1.012,103.84,8.7,74.0,0.59,94,Moderate
18.79,42.94,59.51,5.11,2.136,65.35,44.3,46.3,2.81,66,Moderate
37.93,34.66,35.03,75.97,0.995,81.17,33.4,75.1,2.83,97,Moderate
60.16,149.28,67.39,8.57,0.696,32.79,27.7,26.4,1.14,152,Unhealthy
118.3,178.82,18.83,29.38,1.164,25.47,11.2,34.9,2.88,184,Unhealthy
13.65,22.32,16.13,26.88,0.159,92.71,45.0,85.8,0.37,47,Good
15.76,33.5,31.31,3.4,0.956,83.54,30.9,42.0,3.02,51,Moderate
14.64,24.71,44.51,7.59,0.194,65.98,29.5,35.4,6.81,53,Moderate
27.36,50.83,20.48,14.48,1.333,38.1,30.9,26.7,1.92,78,Moderate
75.76,96.64,57.16,9.18,0.727,120.77,34.6,49.5,4.34,164,Unhealthy
11.8,18.07,5.0,30.66,2.531,80.72,26.1,25.0,3.03,46,Good
30.94,75.62,11.41,14.87,1.901,42.72,23.8,57.3,0.1,85,Moderate
67.53,94.52,45.25,9.54,1.0,61.32,2.6,88.9,0.39,167,Unhealthy
28.88,42.52,27.82,12.26,2.705,23.54,17.1,79.0,4.47,89,Moderate
48.96,59.35,21.51,20.49,0.52,63.04,44.8,23.1,0.12,136,Unhealthy for Sensitive Groups
65.41,175.81,29.55,28.88,0.308,48.39,16.7,42.5,9.39,151,Unhealthy
16.95,40.99,63.95,20.08,0.677,119.68,22.0,34.1,6.74,56,Moderate
9.14,10.93,47.31,28.35,0.667,79.05,13.5,25.0,1.35,43,Good
38.48,90.42,45.51,18.12,0.709,5.0,30.1,28.1,1.11,114,Unhealthy for Sensitive Groups
63.64,63.23,58.01,18.27,0.854,106.02,22.4,88.1,2.85,149,Unhealthy for Sensitive Groups
27.46,56.49,75.46,6.57,0.125,70.09,22.1,43.3,2.84,73,Moderate
18.96,55.47,17.64,27.76,0.402,98.5,17.0,49.4,0.28,57,Moderate
51.89,87.56,86.85,1.3,0.516,66.94,29.2,56.4,0.73,132,Unhealthy for Sensitive Groups
16.7,41.86,6.88,10.32,2.663,63.8,39.7,75.9,3.04,57,Moderate
21.74,45.32,14.62,4.25,0.508,39.13,8.1,79.9,4.84,77,Moderate
59.91,135.11,51.16,22.03,0.554,76.33,22.0,92.3,0.64,143,Unhealthy for Sensitive Groups
12.64,33.09,8.49,17.75,1.389,87.23,23.4,35.8,3.63,51,Moderate
11.46,18.05,33.31,13.79,0.685,16.17,17.4,42.6,6.13,44,Good
30.76,46.81,97.1,44.04,3.161,39.5,36.6,43.5,0.38,95,Moderate
36.33,46.14,16.47,11.55,1.491,29.21,36.7,53.4,1.73,99,Moderate
42.05,100.81,48.34,11.23,1.325,104.62,27.3,80.6,5.7,106,Unhealthy for Sensitive Groups
25.21,40.16,24.6,6.96,0.152,88.02,18.2,38.0,1.39,76,Moderate
72.1,147.79,9.32,30.21,1.044,51.01,36.5,78.7,0.94,164,Unhealthy
53.7,73.09,43.1,21.84,0.908,86.89,22.1,35.3,4.11,146,Unhealthy for Sensitive Groups
27.64,36.17,92.76,27.73,1.713,25.8,34.8,73.3,1.54,90,Moderate
66.52,106.7,13.36,31.54,1.351,67.62,45.0,79.9,3.68,160,Unhealthy
98.09,219.1,10.69,34.01,1.19,83.35,25.0,84.0,0.41,171,Unhealthy
47.12,128.58,40.0,61.91,1.086,46.48,26.6,58.3,2.42,125,Unhealthy for Sensitive Groups
14.55,19.64,27.49,51.6,0.51,59.79,18.0,44.7,1.43,52,Moderate
29.69,57.7,110.85,24.89,0.309,72.58,35.2,77.9,17.75,101,Unhealthy for Sensitive Groups
46.01,86.69,40.49,6.58,1.116,88.85,27.1,44.1,2.68,133,Unhealthy for Sensitive Groups
45.91,87.32,51.01,22.97,0.327,21.86,12.4,31.1,3.44,121,Unhealthy for Sensitive Groups
34.34,82.83,39.48,16.93,0.849,55.73,17.9,82.6,0.42,92,Moderate
24.88,45.48,8.43,1.0,2.347,37.02,44.6,50.8,14.47,82,Moderate
86.82,145.88,12.23,28.42,2.688,73.68,22.5,62.8,0.16,168,Unhealthy
77.27,133.58,22.37,16.01,0.681,52.32,14.0,88.9,0.22,169,Unhealthy
41.02,75.13,37.24,16.05,1.822,80.37,26.9,30.2,0.24,121,Unhealthy for Sensitive Groups
33.8,39.59,41.95,6.11,0.836,26.42,19.7,61.8,6.13,100,Moderate
16.51,19.51,5.45,29.8,0.31,48.15,23.1,61.9,3.91,64,Moderate
51.84,76.19,52.98,5.03,0.846,110.09,30.4,84.6,10.84,141,Unhealthy for Sensitive Groups
82.54,83.57,162.01,12.66,3.964,54.91,28.4,45.6,0.21,155,Unhealthy
50.51,38.9,16.22,7.68,1.282,87.05,25.3,50.1,3.53,133,Unhealthy for Sensitive Groups
59.54,129.81,14.29,7.89,0.374,33.57,18.9,58.9,2.29,149,Unhealthy for Sensitive Groups
48.39,140.95,15.19,28.82,1.104,22.82,7.2,32.5,3.06,138,Unhealthy for Sensitive Groups
72.71,114.43,32.35,12.37,1.539,95.13,44.2,55.3,2.16,168,Unhealthy
14.33,20.38,17.42,13.82,1.806,80.15,43.6,52.7,3.37,55,Moderate
39.37,48.43,96.27,41.51,0.673,49.56,25.2,34.8,7.13,111,Unhealthy for Sensitive Groups
59.21,88.74,102.49,40.11,2.737,100.85,33.3,82.5,2.66,149,Unhealthy for Sensitive Groups
52.43,48.38,46.24,12.32,0.767,44.47,24.7,52.3,6.8,141,Unhealthy for Sensitive Groups
48.48,128.73,24.76,22.58,1.114,38.59,17.3,43.0,4.57,130,Unhealthy for Sensitive Groups
41.0,90.27,5.0,27.18,0.159,60.39,25.7,29.8,6.01,123,Unhealthy for Sensitive Groups
5.77,8.5,12.56,8.0,2.209,53.24,26.4,26.7,3.23,31,Good
83.48,164.32,5.5,1.94,0.251,31.0,39.9,92.0,2.19,158,Unhealthy
30.4,42.7,21.75,34.7,1.454,57.07,26.0,94.6,0.22,90,Moderate
26.41,43.92,29.79,10.56,0.555,66.31,42.0,87.3,5.4,79,Moderate
81.8,180.96,54.48,15.05,0.253,80.75,23.4,54.4,0.83,146,Unhealthy for Sensitive Groups
57.74,90.76,35.85,7.65,0.588,126.46,19.3,80.6,0.11,158,Unhealthy
64.58,140.96,13.07,34.34,0.149,90.61,39.9,82.6,2.2,168,Unhealthy
60.24,91.92,66.87,19.12,0.445,33.52,38.9,42.5,3.0,158,Unhealthy
24.01,56.88,110.43,12.98,0.493,128.07,25.8,64.0,3.25,100,Moderate
42.92,57.22,53.32,14.74,0.266,61.27,28.4,91.8,3.32,125,Unhealthy for Sensitive Groups
19.35,28.32,23.49,42.66,1.069,68.3,27.9,41.0,3.18,68,Moderate
10.41,23.88,31.02,14.01,0.802,43.02,27.1,69.7,4.95,53,Moderate
24.59,45.07,13.06,27.79,1.065,59.78,21.3,69.7,4.4,79,Moderate
104.92,134.83,12.97,1.94,0.509,59.38,45.0,54.0,5.03,176,Unhealthy
29.1,59.16,107.72,19.28,0.697,77.02,21.0,56.8,1.85,102,Unhealthy for Sensitive Groups
9.9,28.15,43.16,14.14,0.235,82.7,30.6,54.2,0.19,39,Good
28.01,75.98,52.2,5.41,0.464,50.52,26.9,59.1,3.06,87,Moderate
34.06,55.32,34.06,70.18,0.251,89.81,-0.2,31.2,0.71,104,Unhealthy for Sensitive Groups
99.75,177.79,15.22,4.15,0.628,46.36,26.2,79.6,5.89,168,Unhealthy
118.75,133.16,12.57,9.57,0.464,87.91,22.2,69.6,3.84,187,Unhealthy
29.04,37.06,14.96,10.18,1.453,43.56,19.4,93.0,4.36,101,Unhealthy for Sensitive Groups
50.94,86.57,47.45,40.12,1.555,31.66,14.6,38.4,1.01,134,Unhealthy for Sensitive Groups
48.84,105.85,7.78,10.25,0.967,52.56,43.0,30.9,3.01,138,Unhealthy for Sensitive Groups
30.18,41.25,26.66,15.84,1.52,53.83,13.9,45.7,2.25,88,Moderate
43.17,80.93,61.49,11.15,1.04,35.38,23.1,58.2,0.94,112,Unhealthy for Sensitive Groups
15.42,30.22,9.04,18.4,0.527,50.52,19.8,35.4,5.02,49,Good
7.69,12.87,137.53,20.85,0.893,46.45,14.4,54.5,2.4,111,Unhealthy for Sensitive Groups
24.95,30.47,77.83,20.85,2.429,60.07,32.7,68.2,0.64,71,Moderate
29.46,49.44,23.44,12.0,1.721,73.69,29.4,24.2,1.09,91,Moderate
9.46,24.5,13.84,30.03,0.853,57.95,20.0,76.9,0.77,39,Good
35.8,108.14,32.23,10.02,0.147,36.64,15.8,90.5,1.12,111,Unhealthy for Sensitive Groups
32.69,75.06,31.46,9.39,2.996,50.9,30.2,40.1,0.63,89,Moderate
26.23,63.22,33.88,15.66,0.74,84.78,29.4,78.2,1.39,75,Moderate
32.24,77.33,41.39,19.66,1.89,43.43,23.5,51.3,3.55,99,Moderate
15.08,27.95,15.12,11.75,0.828,35.97,39.4,69.8,9.6,55,Moderate
52.3,138.59,42.51,14.25,2.096,21.56,40.7,75.7,0.71,146,Unhealthy for Sensitive Groups
64.69,121.15,9.01,18.31,1.061,42.89,19.9,42.1,1.07,162,Unhealthy
20.54,24.84,6.5,11.57,0.164,80.63,45.0,79.1,0.1,76,Moderate
21.03,18.27,63.77,26.95,0.675,41.73,22.2,27.9,0.77,63,Moderate
21.33,49.64,46.56,35.52,1.072,59.09,22.4,94.0,1.63,68,Moderate
44.41,69.14,25.34,3.94,0.975,47.75,32.1,45.3,1.86,114,Unhealthy for Sensitive Groups
53.61,96.18,20.89,13.24,1.719,46.26,28.5,36.8,0.93,152,Unhealthy
96.01,166.81,28.59,16.0,1.061,92.84,25.3,30.4,0.49,171,Unhealthy
102.6,119.7,17.31,14.71,0.869,56.27,5.8,80.9,2.48,163,Unhealthy
11.96,5.0,42.73,1.5,0.298,28.64,9.0,63.9,1.58,55,Moderate
43.42,105.76,5.0,20.73,2.798,21.82,12.2,91.4,1.67,125,Unhealthy for Sensitive Groups
77.02,148.59,5.13,14.22,0.653,33.55,25.1,68.6,6.76,157,Unhealthy
33.88,50.11,15.29,45.18,0.496,30.68,19.8,45.5,2.47,95,Moderate
42.22,74.49,38.98,1.74,0.334,81.53,21.2,82.7,1.47,120,Unhealthy for Sensitive Groups
38.02,48.41,32.74,17.6,0.447,54.8,22.0,41.1,0.88,112,Unhealthy for Sensitive Groups
28.5,39.96,62.25,9.2,1.616,61.64,34.8,41.8,1.68,82,Moderate
71.76,73.82,28.28,12.16,0.208,53.73,32.7,22.1,5.94,164,Unhealthy
84.92,146.76,44.93,8.9,0.594,54.96,20.8,38.9,10.07,165,Unhealthy
88.25,196.05,34.1,45.82,0.102,83.55,22.0,39.6,1.42,169,Unhealthy
27.13,63.86,5.0,16.47,0.4,85.4,16.4,42.3,0.7,84,Moderate
51.05,76.77,12.88,71.01,0.484,104.72,21.6,47.6,7.38,130,Unhealthy for Sensitive Groups
21.7,46.49,13.32,3.56,0.44,38.04,38.0,63.3,0.47,67,Moderate
25.76,39.89,18.03,4.58,0.333,50.23,34.2,36.2,1.06,73,Moderate
48.42,77.3,30.7,8.02,2.264,64.87,28.8,67.8,0.69,128,Unhealthy for Sensitive Groups
22.94,34.31,66.36,15.79,0.485,99.33,14.3,30.0,2.5,75,Moderate
33.23,52.43,35.43,3.02,1.561,42.64,24.5,89.8,1.58,91,Moderate
45.69,104.19,18.24,3.13,0.546,83.64,21.2,22.0,1.02,127,Unhealthy for Sensitive Groups
59.17,77.01,64.67,16.67,0.253,44.76,23.5,88.1,4.38,147,Unhealthy for Sensitive Groups
42.31,112.62,46.79,6.17,1.377,84.34,32.9,61.0,3.27,116,Unhealthy for Sensitive Groups
53.22,56.37,5.0,40.15,1.86,62.33,35.8,73.3,16.22,152,Unhealthy
11.63,29.83,23.64,21.67,0.25,33.93,45.0,42.4,1.12,44,Good
24.28,26.18,79.47,23.19,1.271,57.05,16.0,33.0,5.6,82,Moderate
44.02,72.33,28.63,46.33,0.654,75.35,37.3,91.0,1.08,114,Unhealthy for Sensitive Groups
59.92,111.18,9.8,1.64,3.108,5.0,23.6,53.1,0.1,157,Unhealthy
141.14,240.65,55.79,6.71,1.745,82.75,17.9,56.0,0.49,190,Unhealthy
61.9,86.05,13.81,3.71,2.48,23.36,45.0,93.9,2.13,150,Unhealthy for Sensitive Groups
79.84,94.62,44.82,20.17,0.554,54.54,42.6,45.2,4.98,168,Unhealthy
14.52,36.39,28.39,32.22,2.588,57.27,22.2,27.5,0.18,44,Good
66.43,144.82,6.84,17.1,1.487,5.0,17.8,64.0,5.35,155,Unhealthy
131.12,206.62,70.5,47.33,0.954,44.64,7.4,61.6,3.78,194,Unhealthy
28.61,28.67,53.47,27.04,1.376,70.45,37.5,78.0,0.11,76,Moderate
28.79,35.97,87.79,14.03,0.328,106.57,4.5,91.6,0.34,86,Moderate
73.15,156.01,32.59,53.28,0.961,80.56,23.5,43.1,0.24,153,Unhealthy
43.64,78.18,14.43,22.75,0.649,82.63,16.1,74.1,3.41,117,Unhealthy for Sensitive Groups
5.64,8.67,5.47,20.95,1.88,6.04,38.9,52.6,2.47,23,Good
30.07,30.93,65.24,35.59,0.1,52.47,43.4,78.8,1.33,91,Moderate
118.45,156.26,15.55,10.87,0.941,105.49,8.0,32.3,0.28,185,Unhealthy
25.65,56.07,109.63,8.3,0.581,84.96,25.8,57.6,1.5,108,Unhealthy for Sensitive Groups
32.05,74.68,100.68,17.18,2.76,47.19,27.7,25.8,3.44,91,Moderate
83.09,148.46,41.5,19.63,0.736,62.86,22.1,62.1,0.29,162,Unhealthy
53.59,71.03,26.74,17.68,0.673,84.49,18.6,32.7,5.83,147,Unhealthy for Sensitive Groups
30.86,52.16,16.27,35.12,0.952,83.86,40.6,92.0,0.19,95,Moderate
24.92,33.57,18.07,14.98,1.405,56.84,19.8,61.6,2.81,74,Moderate
144.75,309.9,96.75,1.01,0.134,53.88,44.8,59.7,0.63,198,Unhealthy
90.36,200.31,23.46,7.81,0.23,71.04,18.4,92.9,0.29,171,Unhealthy
42.57,110.31,34.64,17.55,2.77,84.37,32.7,57.4,1.32,118,Unhealthy for Sensitive Groups
60.91,94.26,50.25,20.94,0.987,50.19,33.4,70.8,3.3,155,Unhealthy
39.35,56.51,67.83,22.02,4.206,13.75,18.4,23.5,0.39,113,Unhealthy for Sensitive Groups
38.68,105.42,32.56,14.64,0.369,58.0,7.2,73.1,1.94,110,Unhealthy for Sensitive Groups
36.55,76.58,32.87,31.82,1.279,28.42,16.4,27.8,1.56,103,Unhealthy for Sensitive Groups
16.41,38.43,11.92,13.24,1.0,108.33,13.2,78.5,1.67,59,Moderate
64.44,77.76,58.28,5.26,2.23,36.17,33.2,85.8,8.62,160,Unhealthy
25.02,50.58,30.57,20.5,0.185,57.05,21.2,43.7,1.29,79,Moderate
51.22,124.04,20.98,1.7,2.783,42.24,38.7,85.9,14.35,145,Unhealthy for Sensitive Groups
74.61,115.98,54.72,3.93,0.925,47.05,30.7,56.2,2.32,161,Unhealthy
68.83,93.81,36.33,28.07,0.788,80.85,23.1,62.9,5.54,161,Unhealthy
21.17,43.39,42.04,3.72,1.26,86.32,25.8,50.8,1.29,72,Moderate
37.64,65.34,66.61,9.1,0.756,76.4,11.7,55.7,0.27,103,Unhealthy for Sensitive Groups
41.2,47.8,44.46,22.46,0.95,84.2,23.1,88.1,0.26,102,Unhealthy for Sensitive Groups
56.79,98.76,43.76,18.95,2.018,46.84,26.4,91.0,2.56,143,Unhealthy for Sensitive Groups
89.37,135.29,43.85,10.17,0.326,32.6,21.2,53.4,7.97,172,Unhealthy
29.98,44.48,80.11,28.9,1.228,41.27,19.4,58.6,0.22,91,Moderate
18.53,24.78,30.37,2.27,1.26,70.78,35.1,28.7,3.51,64,Moderate
116.08,346.5,9.87,9.34,2.891,90.42,15.6,44.4,2.49,183,Unhealthy
41.31,84.15,29.48,7.01,0.631,29.13,30.8,58.5,3.17,111,Unhealthy for Sensitive Groups
16.51,17.18,119.04,31.98,0.1,51.12,36.0,35.2,0.73,100,Moderate
33.63,64.75,74.63,14.49,0.551,53.17,29.9,63.2,0.22,94,Moderate
80.08,125.6,99.92,26.05,0.426,40.67,13.0,71.4,0.23,167,Unhealthy
124.63,257.79,20.84,18.74,2.536,74.92,26.1,68.7,0.85,191,Unhealthy
146.3,226.95,38.7,7.22,1.806,84.96,33.9,53.2,0.72,199,Unhealthy
50.26,97.33,12.98,31.94,1.122,121.32,22.1,77.7,0.41,137,Unhealthy for Sensitive Groups
39.09,58.57,9.7,21.74,0.24,109.37,16.5,44.0,0.92,109,Unhealthy for Sensitive Groups
19.62,38.63,90.75,5.46,1.175,79.75,16.1,55.2,2.29,88,Moderate
53.71,86.26,100.06,16.82,0.11,48.51,28.2,40.3,8.96,135,Unhealthy for Sensitive Groups
15.81,42.28,38.38,36.77,1.457,77.67,21.7,65.3,7.66,63,Moderate
23.32,57.22,16.87,26.77,0.77,11.13,18.8,53.1,0.95,78,Moderate
86.39,86.21,67.88,60.26,0.1,76.53,4.0,36.3,0.21,168,Unhealthy
33.11,46.88,72.64,25.07,0.218,69.14,43.0,43.1,16.3,98,Moderate
25.27,53.72,78.78,54.15,1.493,61.92,21.9,41.0,1.94,87,Moderate
30.15,54.05,6.07,8.55,2.985,40.46,33.1,88.3,11.49,86,Moderate
157.8,380.73,23.74,2.28,3.046,79.85,38.4,59.1,2.31,209,Very Unhealthy
17.97,41.93,24.06,21.9,1.863,35.26,45.0,68.9,6.52,57,Moderate
51.61,98.1,29.42,8.95,0.159,86.38,31.8,90.1,1.78,149,Unhealthy for Sensitive Groups
85.29,196.86,36.4,24.39,2.087,75.02,28.4,33.7,2.92,166,Unhealthy
37.61,49.02,5.0,7.46,3.316,70.74,9.5,90.3,2.3,96,Moderate
105.6,198.23,26.87,45.02,2.518,35.4,4.7,60.5,0.74,175,Unhealthy
13.45,20.47,22.43,15.68,1.127,43.69,1.1,84.2,4.33,60,Moderate
27.09,41.12,26.79,63.79,0.284,22.82,23.3,32.6,0.17,86,Moderate
23.55,30.73,40.45,20.09,2.012,81.01,15.0,40.5,1.35,83,Moderate
48.54,92.94,34.31,33.83,0.826,60.91,20.1,34.6,6.12,132,Unhealthy for Sensitive Groups
49.24,93.99,145.98,18.35,0.819,46.56,39.4,69.0,2.1,138,Unhealthy for Sensitive Groups
32.45,42.88,22.69,12.9,0.864,56.59,30.2,30.6,0.24,95,Moderate
72.68,156.1,49.7,2.55,0.875,86.24,24.9,79.4,0.7,161,Unhealthy
3.7,5.0,40.84,7.61,0.26,31.51,27.0,38.8,0.35,33,Good
25.03,30.0,14.36,18.38,0.624,49.04,18.0,39.2,0.98,62,Moderate
49.36,101.57,16.6,21.69,2.777,20.51,20.2,41.1,0.54,134,Unhealthy for Sensitive Groups
8.16,15.09,56.87,12.49,0.851,33.7,11.2,76.0,3.73,43,Good
57.83,124.24,77.62,4.23,0.589,53.73,32.8,89.3,3.23,155,Unhealthy
27.16,45.86,107.88,4.32,0.366,87.11,42.7,88.1,0.44,100,Moderate
44.61,73.4,19.17,11.64,0.348,76.05,38.6,27.6,1.77,119,Unhealthy for Sensitive Groups
88.3,147.13,83.08,31.24,1.499,84.74,25.2,39.7,1.05,163,Unhealthy
66.77,201.97,25.22,12.82,1.101,76.58,34.6,70.4,1.23,157,Unhealthy
58.93,104.81,76.83,28.42,1.01,35.98,30.4,66.4,2.57,157,Unhealthy
20.74,35.41,54.14,5.93,1.459,102.37,26.7,46.3,6.87,67,Moderate
62.83,149.73,53.08,48.05,1.812,78.55,28.5,84.7,6.83,150,Unhealthy for Sensitive Groups
65.48,81.67,94.79,3.63,0.898,104.92,11.8,29.8,1.6,152,Unhealthy
41.93,121.74,73.73,16.3,1.629,101.85,20.2,67.9,1.5,124,Unhealthy for Sensitive Groups
100.86,180.26,39.04,6.46,0.486,57.72,18.2,40.5,2.19,174,Unhealthy
41.26,71.54,6.63,1.0,2.01,47.77,9.9,59.5,1.93,101,Unhealthy for Sensitive Groups
116.45,175.35,22.72,19.1,0.739,5.0,30.8,49.1,0.19,180,Unhealthy
71.4,112.18,98.53,10.21,3.025,64.16,32.0,93.5,2.59,152,Unhealthy
48.45,106.88,40.01,20.58,0.83,59.02,-0.3,56.5,2.64,129,Unhealthy for Sensitive Groups
61.62,116.82,19.26,13.02,0.294,44.02,24.9,93.2,1.8,148,Unhealthy for Sensitive Groups
68.39,80.6,25.81,11.5,1.113,47.53,21.6,39.1,1.6,167,Unhealthy
103.6,187.38,68.92,13.95,0.787,72.98,18.8,77.6,8.39,177,Unhealthy
82.32,187.27,121.52,4.35,0.218,12.9,8.5,73.8,2.76,170,Unhealthy
19.3,28.75,36.33,2.52,3.128,92.02,25.6,83.6,5.08,75,Moderate
65.68,79.44,100.04,43.38,0.752,81.87,25.2,72.0,9.23,157,Unhealthy
22.63,36.22,69.53,8.83,0.215,51.08,21.2,71.2,4.98,85,Moderate
31.39,40.92,54.66,12.02,0.773,58.1,33.1,69.6,8.59,83,Moderate
32.98,61.44,60.14,55.32,0.497,67.94,32.6,93.9,4.27,101,Unhealthy for Sensitive Groups
16.06,33.35,52.94,12.38,0.572,80.37,6.4,37.1,0.56,60,Moderate
21.51,34.12,86.7,9.19,1.202,110.72,32.6,22.3,0.77,90,Moderate
94.69,215.01,56.85,46.45,0.426,46.85,15.4,70.8,0.65,170,Unhealthy
19.23,45.05,6.08,22.42,1.8,94.1,22.3,32.9,1.17,69,Moderate
72.94,112.76,30.93,14.2,0.482,54.46,41.5,71.0,1.32,162,Unhealthy
56.85,86.55,19.04,1.59,0.35,50.05,24.6,44.0,5.0,151,Unhealthy
55.57,107.55,36.02,4.85,0.954,53.55,35.3,23.3,1.34,151,Unhealthy
57.06,112.22,26.88,1.18,0.152,87.07,22.5,77.7,3.9,160,Unhealthy
15.11,28.99,15.51,5.34,0.773,45.7,34.4,23.9,7.02,53,Moderate
66.07,96.1,10.73,11.63,0.686,62.67,24.5,36.8,0.36,164,Unhealthy
11.69,19.75,5.0,46.37,0.617,47.17,22.3,45.2,0.1,44,Good
25.63,30.84,85.72,6.96,0.266,49.29,26.2,30.0,6.59,88,Moderate
62.2,119.82,85.62,11.29,0.425,93.77,13.8,88.5,0.82,154,Unhealthy
19.71,22.63,11.32,13.56,1.812,59.73,19.8,66.6,0.5,70,Moderate
8.69,13.96,53.94,5.9,0.35,43.35,31.1,85.7,1.05,37,Good
53.92,84.84,6.2,17.45,2.07,49.15,33.4,71.2,0.62,148,Unhealthy for Sensitive Groups
8.4,12.09,13.23,13.51,1.544,66.98,15.9,94.4,4.73,38,Good
65.89,121.87,27.99,14.17,0.697,58.69,42.2,59.4,3.02,157,Unhealthy
31.53,46.85,18.25,12.24,2.112,60.06,43.1,24.0,0.55,98,Moderate
38.85,104.95,39.91,6.72,1.245,52.53,15.8,32.1,2.63,111,Unhealthy for Sensitive Groups
52.79,62.02,5.5,7.87,0.721,86.1,20.4,64.1,0.7,152,Unhealthy
81.49,116.23,20.83,4.75,0.389,74.41,24.7,46.1,0.66,163,Unhealthy
46.07,130.86,48.22,8.35,0.816,54.38,37.1,28.5,2.71,123,Unhealthy for Sensitive Groups
14.23,28.21,5.0,14.45,2.616,63.25,30.7,37.9,3.28,57,Moderate
26.31,51.13,14.17,7.95,0.805,39.63,21.9,55.6,1.27,73,Moderate
63.09,80.5,85.84,16.33,3.095,58.16,12.4,58.9,4.32,160,Unhealthy
99.6,194.3,130.39,27.79,0.565,42.74,5.4,90.1,5.45,172,Unhealthy
57.91,146.64,77.91,2.34,1.7,64.89,27.9,26.8,7.44,156,Unhealthy
85.87,197.46,24.87,23.09,2.587,57.41,43.2,46.8,2.95,168,Unhealthy
65.22,79.01,153.36,1.65,0.649,53.98,25.0,58.0,0.75,155,Unhealthy
75.64,192.69,61.53,12.2,0.394,63.57,29.2,28.5,4.14,163,Unhealthy
36.79,51.1,8.45,15.76,0.1,67.46,27.1,71.6,0.34,97,Moderate
59.01,85.75,5.0,3.79,0.725,87.26,8.6,58.6,0.6,150,Unhealthy for Sensitive Groups
30.41,63.17,57.97,2.4,1.442,79.46,40.7,54.5,5.37,93,Moderate
77.46,143.05,23.06,7.98,0.38,83.78,17.1,69.2,7.25,155,Unhealthy
69.94,70.36,13.21,14.84,0.527,51.2,17.0,41.6,0.21,161,Unhealthy
9.95,15.33,22.13,15.33,1.103,67.19,29.7,45.4,1.12,45,Good
64.45,86.98,90.42,28.93,1.626,103.37,17.8,32.2,2.98,152,Unhealthy
63.83,132.39,20.29,48.67,1.087,57.58,12.0,59.3,8.37,161,Unhealthy
53.98,130.86,14.39,4.11,0.357,63.23,34.7,47.9,2.54,150,Unhealthy for Sensitive Groups
128.77,166.89,30.11,6.75,0.527,63.57,26.3,39.5,5.16,195,Unhealthy
27.08,52.48,30.5,10.38,0.389,57.4,34.6,29.4,7.68,84,Moderate
117.53,282.01,23.4,1.29,1.017,92.2,21.3,21.7,2.2,180,Unhealthy
31.28,84.79,40.31,10.08,0.475,48.95,20.5,34.5,4.05,97,Moderate
29.18,39.63,70.83,6.59,0.407,87.0,27.5,38.6,3.26,86,Moderate
35.75,72.32,38.63,6.97,0.389,79.24,28.5,56.4,3.34,106,Unhealthy for Sensitive Groups
72.66,107.52,22.65,25.71,2.885,58.48,18.6,38.1,2.18,157,Unhealthy
26.03,22.39,26.93,7.75,1.067,49.72,17.4,81.3,2.93,77,Moderate
40.01,49.93,107.99,16.2,2.208,59.18,34.1,55.6,2.42,108,Unhealthy for Sensitive Groups
63.43,72.15,151.71,6.34,2.076,88.98,28.3,66.8,3.05,162,Unhealthy
125.28,210.21,11.01,14.93,2.133,86.92,27.7,35.6,2.11,190,Unhealthy
66.28,101.24,11.07,1.65,1.841,80.0,5.2,51.2,0.76,149,Unhealthy for Sensitive Groups
44.18,74.99,22.36,59.01,3.132,57.84,27.6,65.2,3.55,120,Unhealthy for Sensitive Groups
61.31,77.62,92.91,25.88,1.039,61.09,28.7,43.3,1.45,155,Unhealthy
45.75,113.26,23.35,11.91,1.06,75.66,21.8,45.2,0.41,133,Unhealthy for Sensitive Groups
15.76,28.66,50.23,9.26,1.093,54.08,30.6,80.6,5.72,57,Moderate
106.45,251.81,27.64,2.84,0.162,80.94,18.1,82.8,0.6,182,Unhealthy
77.83,237.11,16.6,62.02,0.522,63.79,28.4,60.0,2.33,171,Unhealthy
48.2,41.84,34.14,11.5,1.899,85.35,9.7,87.2,3.83,126,Unhealthy for Sensitive Groups
31.04,50.95,11.25,4.63,0.735,24.64,34.0,75.3,3.13,91,Moderate
16.06,13.94,54.72,15.42,1.873,44.82,17.3,24.1,0.53,56,Moderate
75.32,134.01,22.33,11.51,0.805,51.68,29.3,62.0,0.65,168,Unhealthy
75.62,107.6,24.65,29.94,2.595,70.31,37.4,72.3,0.48,164,Unhealthy
27.74,22.96,19.79,41.8,2.267,50.6,34.9,60.6,0.23,81,Moderate
59.93,59.4,120.77,12.29,0.37,114.5,29.3,82.4,1.0,148,Unhealthy for Sensitive Groups
52.02,109.63,17.53,5.26,0.181,29.53,33.2,42.6,2.23,138,Unhealthy for Sensitive Groups
29.54,67.06,41.8,8.68,0.245,85.49,39.9,24.9,0.57,82,Moderate
44.23,76.22,6.5,32.64,0.174,90.75,26.2,67.5,10.61,119,Unhealthy for Sensitive Groups
33.8,76.35,5.0,17.2,1.241,72.46,34.7,74.8,3.6,93,Moderate
22.38,44.18,10.52,2.19,1.162,52.11,13.2,77.4,2.63,75,Moderate
27.6,48.03,52.8,21.81,1.175,59.52,17.8,20.8,3.43,79,Moderate
8.54,28.85,28.91,2.43,1.027,80.43,40.1,70.5,1.72,38,Good
35.86,40.61,109.37,20.3,1.355,20.04,22.5,21.6,1.9,99,Moderate
42.83,81.72,95.11,13.46,0.35,44.14,19.8,78.1,6.59,113,Unhealthy for Sensitive Groups
29.91,68.72,12.45,7.46,2.837,46.56,22.1,72.7,3.84,87,Moderate
42.51,70.57,22.18,13.6,1.423,73.62,17.9,62.6,2.66,115,Unhealthy for Sensitive Groups
15.02,38.15,81.39,5.33,0.304,87.22,23.3,58.0,9.0,74,Moderate
13.91,43.25,20.41,11.07,0.464,109.52,14.5,73.6,3.26,51,Moderate
21.95,56.67,53.27,22.97,1.246,13.39,19.3,24.3,1.53,79,Moderate
15.13,26.1,9.51,14.18,2.422,34.31,25.8,82.4,0.15,55,Moderate
62.68,78.69,45.62,25.2,0.46,51.45,40.7,35.1,1.49,156,Unhealthy
26.02,48.76,31.44,35.23,0.36,73.9,24.6,55.8,7.76,76,Moderate
38.17,77.51,15.74,7.23,1.767,79.11,7.7,56.5,0.14,111,Unhealthy for Sensitive Groups
22.62,48.94,31.4,20.34,1.839,30.53,35.1,78.3,0.61,66,Moderate
39.29,47.96,53.09,26.41,0.751,69.41,33.1,34.5,4.96,116,Unhealthy for Sensitive Groups
47.53,115.15,64.3,5.68,0.382,5.0,17.1,42.5,1.36,135,Unhealthy for Sensitive Groups
39.22,91.99,75.46,12.37,0.565,67.3,32.9,69.7,0.62,109,Unhealthy for Sensitive Groups
19.79,42.62,64.21,4.98,3.145,59.35,23.7,51.0,5.07,75,Moderate
29.52,65.6,60.82,23.81,1.73,57.51,39.4,42.4,2.45,91,Moderate
22.91,28.76,15.11,25.72,1.387,50.2,45.0,66.6,2.39,85,Moderate
35.99,82.58,11.59,44.56,0.762,57.76,29.0,26.5,1.04,106,Unhealthy for Sensitive Groups
24.47,49.51,48.58,26.78,1.98,68.04,32.7,79.2,3.37,71,Moderate
110.49,263.91,9.31,3.72,0.452,101.52,41.0,59.4,5.94,176,Unhealthy
64.79,158.24,26.38,43.06,0.653,27.87,34.6,35.5,4.16,160,Unhealthy
50.39,105.77,57.47,12.19,0.587,53.18,29.5,50.6,2.84,130,Unhealthy for Sensitive Groups
35.27,67.28,93.24,46.37,0.573,73.52,23.9,29.8,1.29,99,Moderate
52.76,71.72,33.85,11.86,0.23,58.49,13.7,66.2,5.79,128,Unhealthy for Sensitive Groups
48.92,49.71,16.36,31.26,0.118,63.1,22.2,70.2,2.5,138,Unhealthy for Sensitive Groups
114.2,151.63,35.88,16.09,0.768,45.33,22.6,50.4,6.61,180,Unhealthy
70.03,103.8,35.67,9.89,2.428,80.63,25.2,45.5,0.88,156,Unhealthy
30.07,43.63,17.52,2.76,1.916,5.69,6.7,83.7,3.19,88,Moderate
125.83,150.43,8.53,27.24,1.172,35.18,21.4,63.2,8.21,183,Unhealthy
32.18,54.38,58.41,14.44,0.863,108.89,22.4,70.0,1.41,87,Moderate
91.47,207.95,21.6,2.95,3.278,29.28,11.1,29.6,9.06,169,Unhealthy
79.91,137.01,42.16,6.0,1.296,38.2,29.1,73.5,1.5,161,Unhealthy
61.58,56.91,51.05,6.8,0.543,40.31,34.3,53.3,1.73,149,Unhealthy for Sensitive Groups
11.04,16.21,27.13,9.05,0.892,46.47,25.0,47.5,4.93,55,Moderate
45.03,77.08,24.04,18.52,2.262,59.52,12.6,89.7,0.91,123,Unhealthy for Sensitive Groups
13.24,36.0,24.55,12.51,0.115,86.97,24.0,24.0,3.67,51,Moderate
20.01,45.86,38.65,7.31,2.044,71.94,32.3,34.7,1.06,67,Moderate
26.39,58.43,5.0,31.7,0.868,54.1,32.0,48.1,2.7,80,Moderate
16.44,35.47,47.36,14.58,0.747,103.73,24.5,44.3,4.49,59,Moderate
45.14,83.72,44.68,8.87,0.451,49.57,29.1,58.3,0.1,117,Unhealthy for Sensitive Groups
22.9,63.34,58.03,10.05,1.146,61.44,18.6,50.1,0.28,80,Moderate
33.21,74.82,87.85,1.77,1.218,62.98,32.5,79.1,8.17,91,Moderate
21.24,40.82,14.37,15.32,0.922,81.18,20.9,77.6,5.08,78,Moderate
58.6,107.35,8.63,5.96,0.488,31.22,17.4,77.9,6.29,146,Unhealthy for Sensitive Groups
40.69,69.12,30.05,8.86,1.394,34.4,34.5,47.7,1.73,118,Unhealthy for Sensitive Groups
25.12,62.76,28.24,26.45,2.493,83.57,26.3,50.6,3.78,83,Moderate
60.45,132.81,27.0,15.31,2.399,104.62,25.8,74.0,19.09,153,Unhealthy
65.17,143.09,36.57,2.07,0.537,50.9,30.3,29.3,1.7,147,Unhealthy for Sensitive Groups
7.44,12.66,24.89,1.98,0.503,28.46,24.3,83.9,5.63,31,Good
20.38,37.27,21.8,15.76,0.985,30.25,15.7,60.6,0.25,74,Moderate
20.98,48.69,51.98,53.64,0.275,85.91,22.8,83.6,2.35,62,Moderate
23.85,40.64,24.95,12.39,1.28,17.84,10.1,79.5,1.22,73,Moderate
3.74,5.0,28.3,20.1,0.529,61.6,36.7,48.1,2.22,22,Good
4.38,11.66,20.08,15.61,0.456,55.59,13.9,27.6,0.36,21,Good
2.31,5.0,14.12,42.47,1.947,43.11,44.4,89.1,1.38,21,Good
21.76,35.04,45.97,23.89,0.308,38.54,17.1,45.8,0.24,71,Moderate
34.65,63.83,70.06,15.73,1.434,77.4,31.2,48.0,1.81,94,Moderate
70.85,132.23,42.15,34.03,0.112,79.44,43.8,88.2,1.75,168,Unhealthy
34.29,95.5,23.21,16.35,2.727,89.18,27.6,88.8,1.2,98,Moderate
54.08,68.51,60.61,3.81,0.903,72.11,21.8,39.7,8.89,146,Unhealthy for Sensitive Groups
262.93,383.18,62.5,26.13,0.204,60.19,25.3,26.7,0.26,312,Hazardous
6.32,12.66,88.77,38.35,0.871,64.08,16.3,20.1,5.23,82,Moderate
104.87,170.23,29.44,31.71,3.01,84.77,4.7,52.9,1.32,179,Unhealthy
37.81,76.5,37.13,22.67,0.273,17.31,31.0,62.6,0.67,111,Unhealthy for Sensitive Groups
37.45,63.27,16.59,3.24,1.446,71.1,4.7,40.3,0.95,104,Unhealthy for Sensitive Groups
20.61,47.31,70.19,4.7,1.084,45.54,11.3,39.5,6.97,72,Moderate
62.92,110.9,33.2,24.75,0.52,69.4,25.6,46.8,5.23,144,Unhealthy for Sensitive Groups
23.18,61.01,7.74,10.82,0.916,34.24,18.4,39.7,0.1,72,Moderate
16.07,21.04,82.3,2.2,0.915,81.25,29.9,84.4,0.48,78,Moderate
21.17,58.13,22.86,34.94,0.1,74.69,41.0,68.2,3.37,71,Moderate
39.43,76.86,88.86,10.07,0.399,42.37,22.4,82.2,1.15,105,Unhealthy for Sensitive Groups
48.1,115.01,26.86,46.39,0.596,48.32,18.9,84.5,7.55,123,Unhealthy for Sensitive Groups
144.75,261.81,22.66,19.98,2.374,46.03,42.7,52.6,4.63,195,Unhealthy
41.66,74.87,58.95,8.76,3.704,61.43,31.8,55.8,6.24,115,Unhealthy for Sensitive Groups
92.84,191.72,29.91,19.47,0.204,110.74,34.2,93.3,0.64,176,Unhealthy
34.07,74.13,51.32,11.81,1.601,14.56,33.4,81.3,0.49,99,Moderate
48.52,77.43,23.84,13.9,0.181,68.14,22.5,79.8,8.06,136,Unhealthy for Sensitive Groups
46.8,89.65,61.55,12.99,3.18,70.77,21.2,63.8,1.55,119,Unhealthy for Sensitive Groups
58.46,76.57,30.92,28.8,1.19,46.73,15.5,54.6,1.61,157,Unhealthy
73.54,104.42,61.9,37.64,0.739,18.16,32.3,87.1,3.46,165,Unhealthy
30.95,53.12,33.68,18.74,0.591,54.97,28.9,80.3,1.52,93,Moderate
21.85,44.5,40.79,7.9,0.855,29.56,31.5,58.8,6.24,58,Moderate
70.18,94.28,26.79,16.21,0.45,73.91,6.3,40.3,9.59,159,Unhealthy
67.12,91.4,31.64,41.38,0.662,25.45,34.3,31.0,1.21,154,Unhealthy
92.48,149.32,55.56,13.71,0.277,58.75,20.4,61.5,0.7,168,Unhealthy
32.61,57.03,16.27,29.12,1.315,40.73,4.0,42.2,0.23,90,Moderate
36.55,68.62,44.56,17.83,0.608,87.92,12.0,39.8,0.72,105,Unhealthy for Sensitive Groups
78.99,131.2,164.42,9.68,0.965,99.25,20.0,27.9,0.45,157,Unhealthy
36.27,51.5,96.86,6.83,2.159,51.02,17.8,22.6,0.1,103,Unhealthy for Sensitive Groups
58.55,97.99,29.01,25.07,1.443,33.72,25.1,78.8,0.14,159,Unhealthy
27.33,53.53,28.44,18.47,0.383,101.81,29.6,28.1,2.14,80,Moderate
38.59,64.76,17.99,4.67,1.347,56.59,23.9,86.6,3.69,106,Unhealthy for Sensitive Groups
15.81,32.42,50.08,28.2,1.014,67.85,20.3,36.0,12.27,52,Moderate
45.43,110.51,10.85,16.56,0.1,56.97,26.4,77.0,0.51,129,Unhealthy for Sensitive Groups
64.38,110.63,19.0,43.63,1.368,54.86,26.6,81.7,3.59,150,Unhealthy for Sensitive Groups
82.47,88.3,22.65,2.06,0.901,47.68,37.7,79.4,2.42,161,Unhealthy
20.76,37.23,25.52,21.37,0.561,12.77,18.9,85.5,1.95,72,Moderate
106.03,193.95,39.01,17.81,1.482,104.19,23.9,45.5,3.84,179,Unhealthy
100.74,122.77,6.5,20.27,0.436,64.95,41.5,93.9,0.82,166,Unhealthy
13.13,37.3,20.72,7.16,1.38,57.96,12.8,41.0,1.12,55,Moderate
26.6,37.98,21.58,1.0,2.226,83.2,21.3,90.1,1.46,80,Moderate
18.89,33.84,70.84,6.28,0.315,46.01,15.9,52.8,0.6,68,Moderate
39.28,95.09,11.75,16.42,1.325,69.24,12.5,24.3,1.95,117,Unhealthy for Sensitive Groups
33.48,63.39,51.32,14.8,0.776,40.76,27.3,78.9,0.42,100,Moderate
7.11,9.91,29.07,27.5,1.043,51.37,38.3,79.1,1.15,35,Good
40.93,94.3,74.44,12.75,0.541,74.61,45.0,34.8,0.36,109,Unhealthy for Sensitive Groups
89.02,164.76,79.82,70.37,0.834,66.87,24.6,81.8,0.11,175,Unhealthy
54.43,67.39,127.15,9.7,0.552,51.85,30.0,31.8,1.32,143,Unhealthy for Sensitive Groups
71.82,78.81,90.13,56.52,0.332,78.27,30.4,31.4,2.88,155,Unhealthy
57.9,77.92,54.08,25.77,1.643,40.57,22.9,80.7,0.49,151,Unhealthy
61.8,80.45,58.5,26.64,0.189,37.14,37.8,41.8,15.09,156,Unhealthy
37.73,80.69,21.58,8.78,1.19,48.68,23.4,25.8,0.96,112,Unhealthy for Sensitive Groups
39.42,73.09,39.71,50.45,0.626,54.24,35.9,91.7,0.1,110,Unhealthy for Sensitive Groups
45.68,77.76,41.03,34.09,0.834,51.69,21.4,61.8,0.1,134,Unhealthy for Sensitive Groups
75.64,157.28,12.32,32.7,1.142,49.33,13.5,53.6,3.29,171,Unhealthy
74.4,107.57,85.84,10.87,1.985,82.59,14.1,57.8,3.32,154,Unhealthy
24.47,42.73,108.72,26.32,0.546,97.59,8.8,70.3,6.99,109,Unhealthy for Sensitive Groups
53.42,57.39,38.24,19.73,0.28,56.74,37.6,84.6,0.29,145,Unhealthy for Sensitive Groups
53.4,109.8,34.32,2.55,0.879,74.8,37.8,70.4,1.42,150,Unhealthy for Sensitive Groups
28.02,45.14,15.33,12.08,0.886,41.62,17.9,75.5,6.6,79,Moderate
7.15,5.0,11.33,11.11,2.611,57.63,14.3,33.5,4.79,35,Good
16.29,36.43,43.27,24.93,0.295,71.59,17.2,48.8,0.8,57,Moderate
23.23,39.29,9.68,25.07,1.437,38.97,26.8,63.9,6.62,79,Moderate
147.47,148.65,14.89,13.13,1.074,78.75,15.6,66.5,3.43,198,Unhealthy
69.35,81.05,67.23,22.39,1.875,41.82,30.5,40.3,0.92,157,Unhealthy
11.76,16.07,41.48,1.36,0.283,85.53,22.0,93.1,0.14,48,Good
36.57,89.42,54.3,15.28,0.809,81.24,35.8,28.9,2.06,107,Unhealthy for Sensitive Groups
111.45,125.29,22.34,10.9,2.108,87.89,31.7,28.4,3.75,179,Unhealthy
28.04,58.97,116.84,13.97,0.1,85.6,13.8,37.2,0.94,107,Unhealthy for Sensitive Groups
80.84,99.84,16.46,28.6,0.232,108.32,12.4,76.5,0.55,164,Unhealthy
12.11,9.99,23.73,35.53,1.376,72.69,27.1,22.7,0.23,44,Good
1.98,5.0,19.6,6.5,0.202,23.83,23.2,94.1,5.54,20,Good
88.25,148.21,114.58,2.7,0.862,63.22,37.7,94.1,0.17,169,Unhealthy
36.36,80.31,31.27,38.59,0.376,48.56,28.9,32.0,2.82,96,Moderate
38.46,72.64,18.03,1.66,1.047,25.88,20.4,50.1,4.32,106,Unhealthy for Sensitive Groups
35.41,48.74,114.53,19.42,3.004,91.97,41.8,35.3,4.55,107,Unhealthy for Sensitive Groups
52.15,124.88,93.13,18.72,0.464,52.34,20.7,50.6,3.18,142,Unhealthy for Sensitive Groups
3.57,5.12,82.99,52.41,0.409,22.73,11.6,60.0,3.17,83,Moderate
24.03,61.71,89.6,36.15,2.004,43.88,22.9,81.7,1.93,86,Moderate
44.64,69.62,15.82,12.7,0.305,116.63,16.9,22.7,1.62,120,Unhealthy for Sensitive Groups
41.66,86.91,78.33,12.56,0.211,94.18,34.9,94.0,0.44,117,Unhealthy for Sensitive Groups
20.51,20.2,30.64,30.58,0.36,78.24,13.7,90.5,2.3,53,Moderate
37.16,49.6,47.12,16.19,1.259,75.77,33.5,62.8,0.22,107,Unhealthy for Sensitive Groups
20.35,58.56,25.96,12.5,0.381,37.41,22.4,56.1,1.89,73,Moderate
58.82,110.35,108.06,6.86,1.095,35.53,9.2,61.3,3.94,156,Unhealthy
78.48,167.37,5.0,19.2,1.394,73.95,29.3,21.4,1.75,162,Unhealthy
24.6,63.33,10.02,10.66,0.645,99.71,36.9,75.3,2.13,82,Moderate
10.22,23.49,71.6,58.01,0.61,34.59,26.0,57.2,5.54,75,Moderate
29.98,37.64,25.26,3.3,0.814,57.59,23.1,41.5,3.12,81,Moderate
115.93,129.29,89.16,19.85,3.108,65.86,43.6,54.6,0.41,180,Unhealthy
26.54,27.03,24.18,25.6,0.541,47.96,37.0,41.9,2.35,81,Moderate
16.54,20.73,29.72,10.05,0.853,55.6,32.7,72.5,1.36,61,Moderate
29.43,42.55,111.84,21.41,2.588,34.29,4.9,66.1,0.7,105,Unhealthy for Sensitive Groups
36.58,56.31,58.13,15.23,2.742,67.72,18.0,49.1,3.13,106,Unhealthy for Sensitive Groups
26.59,36.08,38.23,22.89,0.497,64.31,22.9,43.6,1.47,82,Moderate
14.38,11.07,63.28,14.66,0.301,75.41,29.6,85.9,4.37,64,Moderate
48.16,120.92,69.53,16.86,1.667,54.9,34.0,71.2,2.65,131,Unhealthy for Sensitive Groups
58.86,57.33,47.54,18.77,0.791,77.82,14.6,73.7,0.33,159,Unhealthy
60.38,111.2,51.58,80.65,2.534,68.47,30.8,66.4,1.29,162,Unhealthy
57.99,90.81,188.6,9.38,0.168,90.88,13.4,25.6,0.94,158,Unhealthy
100.18,195.69,13.39,11.62,0.301,53.38,32.1,24.4,0.49,177,Unhealthy
50.68,90.29,30.34,10.24,0.866,83.57,14.0,52.2,4.83,140,Unhealthy for Sensitive Groups
72.23,85.97,29.14,3.3,0.948,54.4,37.4,89.8,1.43,159,Unhealthy
64.19,104.62,12.55,26.09,0.429,76.04,27.5,59.4,2.85,158,Unhealthy
42.84,71.11,37.61,12.6,0.999,93.22,21.2,85.7,6.41,120,Unhealthy for Sensitive Groups
44.56,46.51,20.78,10.01,1.756,89.37,28.0,27.2,2.35,128,Unhealthy for Sensitive Groups
47.8,98.28,13.93,9.79,0.906,54.9,18.5,74.3,0.9,129,Unhealthy for Sensitive Groups
8.82,11.5,40.0,47.77,1.73,46.86,25.2,38.4,4.69,43,Good
47.22,82.6,55.54,44.63,0.633,84.28,15.0,59.3,1.72,131,Unhealthy for Sensitive Groups
29.24,65.27,38.13,51.72,1.914,48.66,28.0,42.0,2.49,89,Moderate
56.33,81.88,34.4,11.04,1.226,84.75,22.5,73.4,6.97,150,Unhealthy for Sensitive Groups
73.62,173.74,9.81,1.47,0.352,30.12,22.9,50.1,2.02,160,Unhealthy
73.57,86.85,12.02,12.61,1.207,71.84,24.6,54.7,1.22,164,Unhealthy
18.49,39.86,35.08,13.17,0.858,50.79,16.1,38.4,3.9,71,Moderate
53.07,146.33,15.92,21.8,0.994,18.35,45.0,41.1,0.43,134,Unhealthy for Sensitive Groups
80.85,172.48,31.65,7.64,0.851,40.65,23.0,33.5,7.35,163,Unhealthy
74.8,124.15,35.77,11.91,0.508,50.33,36.0,61.5,7.41,153,Unhealthy
13.79,17.76,5.03,11.73,1.092,108.12,13.4,30.9,2.6,53,Moderate
44.97,72.49,72.5,27.81,0.903,5.0,2.5,40.1,0.5,128,Unhealthy for Sensitive Groups
20.29,21.47,11.85,22.96,0.255,51.68,27.6,59.8,1.8,71,Moderate
31.97,43.27,27.64,21.84,1.325,51.28,35.7,40.6,1.65,99,Moderate
50.24,76.33,10.99,5.69,0.118,35.75,37.2,64.1,1.06,138,Unhealthy for Sensitive Groups
46.05,77.85,19.51,58.93,1.45,50.3,34.3,21.1,0.58,118,Unhealthy for Sensitive Groups
81.3,178.53,23.69,44.36,0.299,56.3,22.9,93.0,0.92,165,Unhealthy
81.09,155.3,18.65,36.23,0.312,43.25,30.8,74.7,2.43,169,Unhealthy
69.57,136.08,36.75,1.33,0.209,68.93,18.6,57.8,3.47,163,Unhealthy
30.26,78.25,103.87,4.34,3.687,99.54,18.9,89.1,11.68,105,Unhealthy for Sensitive Groups
9.27,17.39,19.68,18.59,2.208,58.76,27.2,85.2,0.73,37,Good
85.39,189.03,51.77,12.17,0.519,42.84,27.4,47.5,0.68,173,Unhealthy
36.68,58.55,75.05,5.03,0.962,57.25,19.7,28.7,0.37,104,Unhealthy for Sensitive Groups
49.42,57.16,62.37,9.51,1.283,51.3,26.8,38.9,8.39,128,Unhealthy for Sensitive Groups
52.14,84.71,111.47,51.22,0.331,87.42,36.4,35.7,1.44,139,Unhealthy for Sensitive Groups
67.54,96.98,62.79,6.83,0.1,48.39,16.1,76.3,7.73,159,Unhealthy
42.35,107.93,37.82,42.96,0.52,72.19,31.7,61.1,6.61,112,Unhealthy for Sensitive Groups
42.03,79.59,99.49,14.15,0.252,67.22,11.4,83.8,0.13,114,Unhealthy for Sensitive Groups
47.36,66.35,55.31,6.11,0.494,62.67,8.2,56.7,0.98,125,Unhealthy for Sensitive Groups
32.64,40.15,97.92,5.26,0.953,31.6,28.0,77.7,1.08,99,Moderate
30.02,35.94,55.17,13.83,0.117,44.64,24.4,44.3,0.97,85,Moderate
29.91,32.14,96.73,15.03,0.716,55.24,26.2,65.2,1.66,99,Moderate
46.98,72.24,126.51,17.84,0.765,30.23,26.0,68.0,2.08,129,Unhealthy for Sensitive Groups
25.66,40.17,32.37,2.58,1.18,35.51,34.6,76.9,4.26,69,Moderate
1.56,5.0,22.02,38.28,0.924,48.01,30.3,80.0,0.93,20,Good
38.85,53.76,111.3,10.22,1.019,68.55,29.7,40.7,1.06,104,Unhealthy for Sensitive Groups
18.91,46.3,95.43,35.43,0.821,95.21,38.8,48.9,2.74,97,Moderate
46.17,86.51,6.58,4.44,1.299,66.68,34.0,35.5,0.59,124,Unhealthy for Sensitive Groups
32.55,59.23,51.92,26.2,1.153,63.17,26.8,76.1,1.92,98,Moderate
57.61,74.74,122.38,2.25,0.209,61.74,35.6,40.3,0.87,158,Unhealthy
20.43,38.41,16.21,16.78,1.688,51.47,22.2,49.3,0.66,64,Moderate
11.13,5.88,14.11,41.24,0.699,57.62,22.5,80.2,4.76,51,Moderate
36.5,50.67,18.96,34.84,1.811,74.08,38.1,45.5,3.68,99,Moderate
31.88,41.74,25.95,19.34,0.99,83.66,22.7,41.9,0.86,92,Moderate
10.78,38.81,5.77,21.26,1.836,5.0,29.0,68.8,1.61,43,Good
82.4,78.96,16.41,17.09,1.556,78.04,28.5,93.2,0.5,162,Unhealthy
18.02,24.22,6.54,16.52,0.362,52.64,26.6,24.7,0.16,65,Moderate
17.81,37.95,31.18,1.0,0.427,72.36,43.0,82.6,2.64,69,Moderate
78.07,142.5,42.21,26.06,2.039,69.01,23.8,29.1,1.36,164,Unhealthy
70.61,118.39,111.97,6.14,1.398,56.71,42.7,45.9,0.7,158,Unhealthy
16.46,23.29,41.35,11.69,2.125,73.14,14.2,51.3,0.37,53,Moderate
24.7,56.9,40.87,20.29,0.314,67.13,24.5,73.9,3.42,64,Moderate
12.09,43.71,44.01,29.72,0.562,59.06,22.6,89.5,0.95,39,Good
54.24,152.86,11.66,4.37,0.704,57.27,32.7,27.7,7.14,138,Unhealthy for Sensitive Groups
54.21,163.52,10.4,6.49,1.195,35.32,11.4,75.9,0.64,141,Unhealthy for Sensitive Groups
88.27,197.7,8.99,43.18,0.462,60.36,28.8,44.2,0.84,169,Unhealthy
136.07,205.19,23.53,27.03,1.669,10.23,34.2,87.6,5.73,187,Unhealthy
32.26,46.55,28.51,34.54,1.046,67.2,21.7,40.9,2.55,90,Moderate
67.2,118.1,38.74,22.6,1.046,78.73,18.8,72.0,0.34,158,Unhealthy
5.89,10.43,46.45,13.66,1.069,23.78,18.9,32.4,2.39,45,Good
44.11,63.22,51.02,29.01,0.698,53.08,29.9,91.8,1.11,120,Unhealthy for Sensitive Groups
66.81,70.6,28.3,3.11,1.116,95.49,9.1,20.3,4.01,149,Unhealthy for Sensitive Groups
18.82,32.42,18.63,16.56,1.345,114.57,11.9,37.5,0.24,63,Moderate
26.04,54.03,22.76,29.69,0.59,57.58,25.8,70.7,7.5,81,Moderate
68.05,76.32,23.05,15.39,0.462,61.56,30.8,84.0,1.95,157,Unhealthy
41.77,113.59,6.84,6.1,0.775,58.22,27.8,94.5,3.98,121,Unhealthy for Sensitive Groups
132.54,249.07,54.32,7.09,0.781,63.76,31.0,33.0,3.66,188,Unhealthy
94.88,145.87,111.66,15.55,1.528,90.89,14.5,43.0,0.59,164,Unhealthy
12.37,15.93,43.93,16.29,0.616,60.08,7.5,86.9,6.36,49,Good
21.35,61.99,27.98,1.0,1.628,25.71,33.8,22.4,0.79,68,Moderate
19.0,43.44,50.95,31.87,1.88,66.43,12.3,75.0,0.63,66,Moderate
68.98,90.93,13.53,8.24,0.818,50.38,30.1,51.7,2.21,164,Unhealthy
61.11,64.72,24.89,4.02,1.025,32.0,6.7,71.7,12.51,148,Unhealthy for Sensitive Groups
14.6,14.61,16.72,16.22,1.606,32.01,31.8,59.4,1.13,57,Moderate
22.65,41.06,12.96,6.61,2.084,57.25,25.0,67.0,10.01,75,Moderate
82.36,185.53,96.58,10.25,0.941,75.67,35.4,70.0,1.71,163,Unhealthy
37.62,62.3,73.96,23.12,0.485,74.28,32.9,67.3,5.4,106,Unhealthy for Sensitive Groups
8.04,10.96,77.74,17.7,1.585,90.14,21.5,69.8,2.26,76,Moderate
13.56,34.01,20.28,11.86,0.829,41.08,19.5,62.6,0.69,54,Moderate
91.78,212.61,29.68,9.22,0.428,50.75,28.2,73.5,6.36,180,Unhealthy
79.47,128.04,25.97,13.55,2.092,75.89,20.0,78.2,0.22,165,Unhealthy
18.6,28.71,36.39,10.46,1.068,78.02,-7.8,79.1,3.44,59,Moderate
44.1,82.52,35.12,3.8,2.243,46.98,22.2,84.0,5.33,122,Unhealthy for Sensitive Groups
69.5,118.38,29.33,15.54,1.492,42.83,16.4,43.7,5.35,170,Unhealthy
9.39,10.52,34.79,53.08,0.85,71.78,19.6,75.9,3.2,38,Good
74.31,114.6,7.48,3.09,1.749,81.98,28.0,91.0,0.87,145,Unhealthy for Sensitive Groups
41.52,78.19,10.03,41.41,1.592,54.06,37.4,47.6,2.28,112,Unhealthy for Sensitive Groups
24.88,35.99,25.89,9.23,0.379,71.49,43.4,78.3,2.98,76,Moderate
45.81,89.38,21.59,9.93,1.468,60.07,29.9,41.9,6.61,125,Unhealthy for Sensitive Groups
47.45,58.57,26.98,1.69,2.898,43.71,19.0,33.2,0.52,138,Unhealthy for Sensitive Groups
49.57,69.05,49.91,57.32,0.865,78.38,34.7,53.5,1.88,138,Unhealthy for Sensitive Groups
47.36,98.75,44.11,8.49,1.585,54.32,9.9,80.5,1.22,127,Unhealthy for Sensitive Groups
26.0,29.85,58.04,2.79,3.342,22.11,18.1,43.0,1.67,82,Moderate
18.41,47.39,16.5,5.22,0.719,43.55,22.7,42.1,0.61,62,Moderate
36.33,72.94,15.9,7.51,1.135,5.0,5.7,40.8,0.74,101,Unhealthy for Sensitive Groups
40.23,81.4,28.79,12.7,1.083,127.6,27.5,36.4,4.41,119,Unhealthy for Sensitive Groups
59.42,149.8,54.08,13.62,0.977,92.48,16.8,65.8,1.95,161,Unhealthy
151.26,143.93,122.02,17.33,3.307,27.01,27.5,38.3,2.17,204,Very Unhealthy
50.01,96.11,23.27,13.44,0.237,45.25,22.3,90.1,6.83,133,Unhealthy for Sensitive Groups
64.63,142.0,103.08,20.6,0.882,65.63,16.6,45.9,0.82,164,Unhealthy
67.32,156.39,13.07,9.37,0.812,99.99,15.0,60.7,1.2,159,Unhealthy
79.82,88.32,10.63,33.78,0.829,78.11,24.5,50.7,1.11,164,Unhealthy
15.53,30.81,21.07,27.85,0.388,65.52,32.2,92.2,3.23,54,Moderate
87.06,124.09,14.51,15.27,1.929,45.29,31.9,51.8,2.48,166,Unhealthy
78.95,148.86,18.47,6.81,1.468,71.96,27.9,62.3,1.91,174,Unhealthy
55.47,94.04,82.72,1.59,0.514,70.95,30.7,77.3,3.31,72,Moderate
26.43,33.69,77.33,18.18,0.621,60.86,25.7,32.8,1.98,95,Moderate
43.78,80.69,44.2,50.07,0.341,58.01,18.4,22.4,5.08,129,Unhealthy for Sensitive Groups
10.53,22.1,37.87,12.11,0.682,48.82,39.0,54.1,1.58,51,Moderate
75.15,155.48,14.58,14.96,1.127,92.17,18.4,61.3,6.64,163,Unhealthy
24.62,55.09,29.1,44.95,0.267,17.71,40.8,41.5,0.38,74,Moderate
41.41,69.18,33.03,13.08,0.746,67.71,31.4,54.7,0.3,113,Unhealthy for Sensitive Groups
71.96,119.22,8.11,13.9,0.174,60.42,22.5,66.1,3.2,153,Unhealthy
83.56,157.39,104.98,20.04,0.559,10.79,12.2,93.0,1.48,164,Unhealthy
53.52,73.48,28.56,20.35,1.175,50.54,28.4,65.1,1.82,144,Unhealthy for Sensitive Groups
81.93,199.69,10.79,12.57,0.715,34.52,24.5,53.7,3.57,167,Unhealthy
24.61,42.96,11.92,9.81,0.254,34.19,37.1,21.7,0.72,70,Moderate
53.54,114.41,51.35,14.25,1.128,40.42,14.6,43.3,0.13,140,Unhealthy for Sensitive Groups
20.96,29.75,108.99,4.43,0.827,91.13,35.6,46.9,1.73,96,Moderate
83.65,116.42,132.7,26.98,0.554,58.52,39.7,55.8,6.75,167,Unhealthy
96.75,109.94,39.76,32.45,0.692,78.63,17.8,78.7,1.8,175,Unhealthy
138.77,198.44,33.77,30.54,0.701,29.94,32.4,78.2,2.55,200,Unhealthy
38.99,56.0,35.49,13.11,0.432,44.52,39.0,83.4,0.7,105,Unhealthy for Sensitive Groups
136.94,234.61,38.39,53.25,2.005,49.37,38.6,41.7,1.87,191,Unhealthy
14.26,16.9,5.0,22.46,2.184,64.0,35.5,46.0,1.97,50,Good
30.07,69.77,18.79,10.65,0.1,73.29,42.2,31.3,0.8,84,Moderate
20.17,32.05,46.24,6.41,0.886,66.77,25.7,84.3,0.54,70,Moderate
57.76,100.11,62.92,12.55,2.461,39.81,24.6,68.9,1.29,165,Unhealthy
19.62,38.26,50.97,18.68,0.644,78.5,40.7,25.8,0.12,64,Moderate
99.02,127.24,44.89,20.39,1.764,44.77,1.4,42.8,0.55,165,Unhealthy
68.89,71.61,16.82,23.91,1.522,66.66,22.2,31.5,3.94,167,Unhealthy
18.29,23.68,32.97,52.23,0.42,25.65,16.8,92.7,3.14,55,Moderate
72.12,102.66,85.06,26.33,0.841,53.6,25.4,44.3,1.13,157,Unhealthy
98.11,190.27,44.31,6.37,0.917,72.94,29.2,57.2,2.4,173,Unhealthy
61.9,131.05,29.52,25.8,0.573,62.57,30.9,43.8,5.31,159,Unhealthy
16.71,32.49,166.31,14.59,1.291,39.55,25.8,55.6,5.48,120,Unhealthy for Sensitive Groups
28.15,73.47,28.72,6.65,1.539,73.55,26.7,94.9,3.19,83,Moderate
66.94,118.08,32.57,1.0,1.011,40.56,34.7,41.6,0.4,166,Unhealthy
32.92,86.97,54.13,38.88,1.645,16.31,19.3,41.2,0.53,93,Moderate
17.64,48.04,11.77,18.87,1.035,85.83,21.6,47.9,1.03,55,Moderate
105.96,147.93,33.71,28.67,0.907,34.91,15.8,32.7,3.33,176,Unhealthy
35.13,54.19,33.15,15.58,0.141,79.73,24.9,75.4,0.9,98,Moderate
98.15,173.09,6.97,37.09,0.279,54.08,8.8,48.5,1.87,170,Unhealthy
34.83,41.17,49.96,40.88,2.765,76.14,38.0,63.6,5.24,103,Unhealthy for Sensitive Groups
39.84,64.51,62.7,11.41,1.391,40.37,33.0,69.6,6.67,104,Unhealthy for Sensitive Groups
27.82,39.87,23.82,17.14,2.413,81.37,15.2,22.7,5.47,86,Moderate
38.25,45.79,61.64,44.75,0.796,46.37,37.4,68.3,0.37,108,Unhealthy for Sensitive Groups
57.69,77.73,76.57,6.36,4.026,53.15,22.3,60.0,7.25,146,Unhealthy for Sensitive Groups
23.89,31.33,98.27,4.49,0.867,6.11,18.0,26.2,3.46,98,Moderate
20.45,38.6,17.34,4.18,0.802,19.49,28.7,29.3,2.89,76,Moderate
7.36,21.84,29.88,1.0,0.168,78.95,8.5,53.1,0.85,33,Good
10.61,16.88,67.55,11.97,1.667,43.34,21.5,46.0,7.9,62,Moderate
12.98,22.42,37.26,4.58,2.384,10.96,28.7,52.8,0.1,57,Moderate
34.66,58.71,86.17,5.66,3.216,44.4,42.8,67.7,0.26,91,Moderate
48.29,80.58,43.51,18.61,0.946,73.46,12.3,31.6,0.5,134,Unhealthy for Sensitive Groups
65.78,105.09,16.84,15.64,0.498,30.09,13.1,69.7,3.55,164,Unhealthy
46.83,49.1,73.82,9.54,0.841,85.9,22.6,81.4,2.93,122,Unhealthy for Sensitive Groups
118.89,171.75,47.31,20.39,1.368,46.23,21.8,20.2,8.68,188,Unhealthy
87.32,174.63,76.64,14.58,0.722,50.37,32.8,47.6,1.29,162,Unhealthy
41.66,58.46,16.93,8.56,0.813,40.63,40.2,40.6,1.28,115,Unhealthy for Sensitive Groups
24.21,45.84,47.96,22.56,0.912,13.0,35.3,52.4,3.32,68,Moderate
129.09,176.48,91.08,27.74,0.959,52.23,20.6,66.1,0.57,194,Unhealthy
63.85,119.57,32.16,14.12,0.294,57.56,39.5,34.1,1.87,149,Unhealthy for Sensitive Groups
83.88,145.72,64.2,23.0,1.122,68.96,24.2,30.1,0.1,164,Unhealthy
25.89,57.25,71.34,1.0,0.455,40.38,30.2,74.7,2.69,86,Moderate
86.55,118.13,45.85,2.78,1.029,18.63,29.2,71.4,4.6,169,Unhealthy
42.8,93.32,16.9,20.57,0.199,102.33,29.5,54.6,0.68,123,Unhealthy for Sensitive Groups
40.78,84.93,69.94,8.62,2.079,64.0,33.7,57.6,1.1,119,Unhealthy for Sensitive Groups
40.73,58.88,33.53,6.47,0.929,57.52,33.1,40.2,0.42,115,Unhealthy for Sensitive Groups
53.99,88.02,5.0,57.71,0.784,85.71,32.3,44.7,2.87,156,Unhealthy
74.6,155.05,64.0,9.87,1.91,35.03,19.8,44.0,2.49,163,Unhealthy
148.99,306.27,114.21,7.97,1.368,30.94,16.3,74.5,5.25,198,Unhealthy
23.39,34.91,16.65,8.25,0.717,75.18,32.4,61.7,10.55,73,Moderate
48.85,69.48,37.51,56.39,2.248,104.27,28.3,74.7,12.34,132,Unhealthy for Sensitive Groups
29.15,74.78,87.74,55.13,0.931,24.01,33.8,64.3,0.34,86,Moderate
56.9,104.71,101.54,15.11,0.88,58.36,20.4,60.9,2.42,156,Unhealthy
33.4,58.37,52.07,39.92,1.049,67.58,32.4,44.0,4.68,89,Moderate
18.97,50.22,69.21,9.7,3.388,70.13,22.0,49.7,3.23,57,Moderate
29.27,50.33,28.94,2.26,0.176,51.06,21.3,86.6,6.82,78,Moderate
26.16,50.32,9.88,9.67,3.584,35.79,36.7,63.2,1.75,75,Moderate
38.76,67.93,82.59,3.83,1.863,6.93,36.0,59.3,1.67,109,Unhealthy for Sensitive Groups
17.94,34.36,43.25,17.03,0.739,108.96,27.2,24.0,0.1,70,Moderate
26.53,45.16,7.61,8.8,0.641,98.64,21.5,70.3,0.1,81,Moderate
66.83,120.13,27.89,5.5,1.161,41.95,24.2,71.5,3.54,158,Unhealthy
56.28,109.17,30.82,46.0,1.334,58.92,26.5,71.8,1.91,154,Unhealthy
46.08,59.59,30.7,13.71,2.139,43.2,21.1,26.8,3.24,130,Unhealthy for Sensitive Groups
114.9,187.53,24.23,21.67,0.884,50.93,28.2,42.5,0.82,188,Unhealthy
42.17,70.17,11.25,20.11,0.884,54.81,19.9,47.8,5.97,115,Unhealthy for Sensitive Groups
112.64,216.78,8.62,20.83,0.1,28.01,40.5,82.0,6.99,178,Unhealthy
135.51,315.8,6.36,40.08,0.606,56.58,5.2,93.6,3.26,189,Unhealthy
87.9,104.89,42.53,18.64,2.79,61.23,18.7,51.1,0.98,175,Unhealthy
15.24,22.09,45.25,78.77,1.409,17.41,32.7,61.6,0.73,61,Moderate
61.47,85.16,17.88,1.26,1.39,40.39,40.8,20.6,2.95,154,Unhealthy
34.28,75.71,68.15,1.51,0.662,23.25,19.0,20.7,8.48,108,Unhealthy for Sensitive Groups
127.46,166.89,31.63,14.53,0.593,32.21,22.7,25.6,2.59,186,Unhealthy
28.9,61.29,24.63,9.08,1.418,52.47,29.6,74.0,5.48,81,Moderate
27.72,49.17,38.14,25.1,1.193,54.55,30.0,33.4,2.5,77,Moderate
30.43,38.35,5.86,35.86,1.423,54.74,26.4,76.8,3.37,92,Moderate
15.73,27.31,73.43,8.98,1.028,110.77,32.8,52.4,2.52,65,Moderate
1.93,9.86,66.65,24.89,1.195,66.31,28.0,83.7,2.57,67,Moderate
122.6,220.42,87.07,69.97,0.281,68.19,28.2,85.3,4.03,184,Unhealthy
39.5,87.74,83.28,3.95,3.047,61.55,40.7,86.0,1.51,107,Unhealthy for Sensitive Groups
12.37,14.55,37.44,37.37,0.685,22.58,23.3,60.8,7.03,55,Moderate
82.71,129.29,43.07,70.24,1.059,55.57,22.6,79.1,5.97,162,Unhealthy
113.96,220.38,12.89,8.52,0.1,58.79,22.0,69.6,3.88,177,Unhealthy
35.06,74.94,19.58,12.28,0.582,77.13,19.1,34.0,4.08,99,Moderate
13.22,28.56,29.18,1.0,1.0,30.98,23.8,48.6,1.6,50,Good
36.6,70.31,28.36,43.04,1.362,44.52,18.8,92.2,5.36,107,Unhealthy for Sensitive Groups
26.79,79.15,65.56,1.0,0.135,31.54,29.6,77.9,8.09,88,Moderate
52.52,81.13,49.62,9.62,0.998,42.01,29.8,39.7,4.76,154,Unhealthy
17.11,33.16,17.23,5.08,2.146,51.31,27.4,41.1,0.43,59,Moderate
56.85,90.28,62.72,9.15,1.262,28.8,29.0,39.1,4.63,148,Unhealthy for Sensitive Groups
4.47,9.2,31.3,3.85,2.291,79.4,33.1,44.7,1.87,22,Good
62.6,165.97,51.88,19.55,1.362,34.07,14.7,89.6,2.81,156,Unhealthy
70.78,154.56,10.13,31.45,0.642,75.98,27.7,52.5,14.19,165,Unhealthy
39.25,46.41,53.81,17.14,0.831,47.6,41.1,47.3,1.34,103,Unhealthy for Sensitive Groups
29.86,65.43,13.23,43.08,1.082,47.02,19.7,37.9,1.29,81,Moderate
76.17,191.99,31.81,15.94,1.465,80.21,45.0,86.9,0.92,176,Unhealthy
65.34,89.55,56.53,18.4,1.537,74.8,22.0,91.8,0.41,149,Unhealthy for Sensitive Groups
24.77,68.84,9.22,19.78,0.712,70.49,27.5,44.3,0.55,74,Moderate
26.89,43.8,25.9,15.53,0.699,15.9,27.9,66.2,2.17,70,Moderate
59.6,67.72,13.83,14.1,0.61,89.74,10.7,91.9,7.22,139,Unhealthy for Sensitive Groups
116.02,179.58,67.23,2.17,0.233,95.88,17.0,57.5,4.98,181,Unhealthy
44.65,67.24,45.4,2.09,1.801,52.6,31.6,55.1,0.6,130,Unhealthy for Sensitive Groups
30.29,70.61,17.18,20.6,0.72,35.08,22.7,59.6,2.47,89,Moderate
44.23,56.32,23.31,7.28,0.362,28.89,16.3,22.5,5.63,111,Unhealthy for Sensitive Groups
44.41,51.53,26.25,19.86,1.351,51.62,37.2,42.5,2.33,122,Unhealthy for Sensitive Groups
62.66,97.2,112.05,40.08,1.451,31.83,28.1,72.4,7.27,146,Unhealthy for Sensitive Groups
29.92,77.57,25.21,66.33,0.297,53.59,23.6,92.5,7.15,83,Moderate
64.89,101.87,47.63,15.06,2.111,45.19,45.0,62.7,1.28,156,Unhealthy
20.08,19.23,32.68,34.2,1.914,25.7,15.0,34.3,6.21,66,Moderate
56.86,127.73,14.21,45.96,1.054,42.25,14.7,52.0,2.64,152,Unhealthy
68.9,97.86,27.33,37.38,1.021,61.29,21.0,56.8,1.96,163,Unhealthy
23.64,35.81,47.07,4.22,1.787,36.31,27.8,31.4,4.47,75,Moderate
41.09,97.15,5.0,12.48,0.673,50.32,29.5,44.7,4.68,110,Unhealthy for Sensitive Groups
59.28,83.17,52.95,59.95,2.126,81.49,17.7,53.4,3.38,155,Unhealthy
4.18,5.0,24.38,8.44,0.142,40.35,11.1,39.6,5.0,14,Good
20.46,40.66,41.72,4.67,1.136,35.93,30.8,46.5,9.07,68,Moderate
130.06,237.9,28.28,8.21,0.901,62.17,20.6,40.7,6.19,195,Unhealthy
33.19,28.44,71.25,57.87,0.279,88.22,25.1,66.0,0.23,91,Moderate
20.06,35.82,44.82,7.53,1.826,69.98,25.9,63.4,5.69,64,Moderate
7.82,22.79,53.4,5.67,0.596,42.38,34.6,61.4,4.56,41,Good
13.8,18.85,5.33,21.9,1.659,42.3,19.9,27.3,7.84,55,Moderate
29.06,44.92,23.06,15.12,1.412,46.97,40.9,33.8,4.04,87,Moderate
11.62,29.79,14.76,5.94,0.465,50.95,23.5,28.3,6.31,49,Good
77.87,148.82,61.32,4.99,0.149,121.59,11.6,24.7,0.1,157,Unhealthy
27.55,35.52,86.69,4.36,1.253,62.31,14.9,38.5,11.42,91,Moderate
53.28,64.05,71.55,15.05,1.45,104.7,14.5,34.6,0.64,152,Unhealthy
118.9,223.85,116.11,1.25,1.154,80.49,17.7,74.4,5.99,182,Unhealthy
114.43,202.46,88.14,18.23,0.468,5.0,27.6,72.2,7.96,183,Unhealthy
47.9,104.1,28.61,3.81,3.352,47.17,35.1,35.1,0.1,136,Unhealthy for Sensitive Groups
21.24,38.04,19.39,35.9,0.91,58.18,2.8,32.4,7.35,75,Moderate
49.48,57.13,9.35,12.68,0.175,64.07,33.9,30.9,5.3,141,Unhealthy for Sensitive Groups
63.6,108.17,18.65,35.78,1.851,61.59,39.1,44.0,7.67,147,Unhealthy for Sensitive Groups
195.74,309.35,7.77,35.91,0.516,16.86,45.0,42.1,0.58,249,Very Unhealthy
8.51,17.83,11.25,1.0,1.499,15.89,29.2,22.1,4.51,43,Good
38.15,93.88,40.44,9.58,0.441,58.81,7.2,62.6,2.01,110,Unhealthy for Sensitive Groups
76.12,97.05,8.64,31.25,0.934,49.78,11.6,87.4,0.89,169,Unhealthy
33.88,91.8,35.47,9.56,0.332,91.76,33.9,60.4,4.23,96,Moderate
59.15,73.89,27.45,3.7,0.872,60.06,25.9,24.8,1.92,154,Unhealthy
22.19,35.31,35.62,14.03,0.485,79.16,18.7,65.0,6.9,72,Moderate
91.39,103.56,47.21,15.35,0.762,76.18,10.1,56.4,3.72,172,Unhealthy
32.31,97.53,71.64,5.57,0.603,58.21,14.2,88.0,0.45,97,Moderate
49.93,75.14,41.05,2.45,1.897,87.54,30.2,47.2,0.87,130,Unhealthy for Sensitive Groups
97.44,136.9,13.9,20.58,2.382,48.33,29.8,76.4,0.92,173,Unhealthy
31.64,56.57,15.65,11.59,0.581,58.62,34.7,22.9,1.27,92,Moderate
110.65,209.72,47.13,29.6,2.034,61.66,38.2,74.1,3.29,176,Unhealthy
14.1,22.78,27.59,28.4,3.239,38.81,16.2,23.1,6.74,56,Moderate
61.24,101.7,48.77,6.89,0.305,30.95,34.2,45.9,2.7,149,Unhealthy for Sensitive Groups
27.48,45.69,58.39,39.08,0.824,27.74,17.6,91.1,4.18,78,Moderate
18.72,31.48,17.82,5.62,0.664,33.8,23.8,72.7,1.14,61,Moderate
126.74,198.05,50.47,11.13,3.147,56.56,17.7,89.4,2.22,181,Unhealthy
19.17,31.39,64.55,7.33,1.119,67.63,32.7,57.2,2.1,62,Moderate
40.92,99.1,37.96,7.61,3.236,28.5,19.2,65.5,3.62,123,Unhealthy for Sensitive Groups
11.03,29.89,86.22,10.44,1.612,61.33,31.5,58.8,2.19,79,Moderate
90.12,122.99,8.18,15.64,1.756,53.58,29.8,55.9,1.22,164,Unhealthy
38.24,68.27,128.8,17.04,0.914,83.18,36.4,63.4,0.84,108,Unhealthy for Sensitive Groups
74.71,127.38,25.61,48.02,1.362,47.36,30.8,22.9,0.88,155,Unhealthy
74.48,125.17,23.77,4.92,1.276,99.62,43.7,33.9,11.87,156,Unhealthy
178.64,314.98,61.23,6.72,1.387,79.04,18.6,36.1,1.33,222,Very Unhealthy
12.61,19.8,23.32,12.62,0.126,51.67,32.9,48.7,4.93,52,Moderate
18.48,43.21,63.71,26.73,2.757,46.29,29.0,52.6,0.22,63,Moderate
93.9,141.35,32.53,15.87,1.42,82.15,17.5,75.5,0.28,173,Unhealthy
53.46,121.23,76.75,11.27,0.822,51.64,34.6,32.4,3.48,146,Unhealthy for Sensitive Groups
33.28,45.92,13.74,15.28,1.798,60.95,33.5,62.7,1.83,101,Unhealthy for Sensitive Groups
122.42,219.13,42.27,22.4,0.855,47.22,18.5,40.4,6.37,182,Unhealthy
50.72,87.4,22.28,6.23,2.061,46.08,8.3,58.7,5.95,132,Unhealthy for Sensitive Groups
28.3,21.87,56.46,54.97,0.584,29.42,24.0,67.0,4.23,80,Moderate
75.27,103.12,9.07,13.56,2.831,94.22,18.1,63.7,5.07,170,Unhealthy
39.91,93.76,9.85,22.07,1.114,50.12,26.6,36.2,6.13,101,Unhealthy for Sensitive Groups
46.23,68.43,27.33,4.37,2.81,63.36,25.1,73.2,4.59,132,Unhealthy for Sensitive Groups
48.31,143.08,57.54,15.53,3.582,72.28,42.8,69.0,2.25,138,Unhealthy for Sensitive Groups
61.88,87.35,7.76,5.21,0.663,93.92,17.6,89.9,0.92,155,Unhealthy
23.76,23.35,105.23,14.22,0.1,46.03,30.9,67.6,4.64,97,Moderate
31.95,83.72,43.49,20.7,0.311,5.0,11.5,74.0,1.15,95,Moderate
16.59,17.96,88.6,21.49,0.262,62.27,15.2,80.8,0.84,83,Moderate
39.26,96.01,27.6,12.86,0.654,72.48,20.6,28.0,0.57,107,Unhealthy for Sensitive Groups
113.99,221.02,38.25,6.77,2.018,46.48,16.5,72.2,2.96,182,Unhealthy
24.56,48.56,36.61,46.03,0.751,73.71,29.4,43.9,0.83,74,Moderate
13.96,20.43,33.5,48.61,1.27,60.01,24.7,81.7,1.41,49,Good
31.88,41.95,72.62,1.42,1.663,51.22,33.2,56.0,3.7,91,Moderate
36.38,53.13,15.17,17.13,1.543,93.16,14.7,63.5,4.74,105,Unhealthy for Sensitive Groups
80.9,127.45,44.12,7.0,0.293,51.98,26.8,39.5,1.13,169,Unhealthy
24.55,47.88,6.08,8.66,0.389,101.42,17.6,68.8,5.55,80,Moderate
64.54,82.33,13.44,30.58,0.469,60.83,37.7,22.7,0.18,163,Unhealthy
27.26,47.89,31.44,4.86,0.435,39.2,14.7,76.1,12.78,84,Moderate
27.49,37.88,15.91,1.0,1.049,12.36,7.4,32.2,1.62,82,Moderate
27.58,34.18,37.37,7.09,0.466,89.77,19.1,37.1,1.18,92,Moderate
13.04,40.66,12.67,16.51,0.758,83.87,13.8,20.1,7.72,51,Moderate
63.64,107.43,51.62,10.71,1.148,79.89,26.4,43.5,0.43,159,Unhealthy
22.92,65.83,8.83,15.75,0.1,92.11,30.8,49.1,1.33,80,Moderate
57.21,108.67,111.25,32.65,0.539,104.92,32.3,37.5,1.33,140,Unhealthy for Sensitive Groups
23.06,25.21,86.23,15.98,0.454,6.51,3.6,37.3,1.66,85,Moderate
31.35,78.77,37.8,42.83,0.913,15.75,32.2,87.0,5.66,85,Moderate
7.44,12.3,12.42,17.05,1.06,52.97,27.3,44.5,5.68,25,Good
39.28,63.2,37.42,23.12,2.116,84.46,32.0,74.2,2.69,106,Unhealthy for Sensitive Groups
29.53,52.31,64.05,16.27,1.842,67.22,33.8,37.8,14.4,78,Moderate
103.88,157.25,85.36,5.74,0.58,67.27,18.8,80.7,5.58,180,Unhealthy
14.26,27.47,65.41,23.58,0.704,48.86,16.0,70.8,3.43,61,Moderate
35.35,47.02,56.72,7.15,0.755,38.84,28.3,76.7,0.67,105,Unhealthy for Sensitive Groups
53.55,83.68,5.5,45.54,1.637,57.57,34.6,53.0,2.39,146,Unhealthy for Sensitive Groups
58.5,167.49,11.44,11.31,2.29,53.64,12.5,86.0,0.72,152,Unhealthy
66.98,102.73,57.81,24.63,1.369,48.77,25.6,48.1,1.08,152,Unhealthy
41.04,62.28,23.1,46.1,1.079,75.73,19.8,65.1,3.47,112,Unhealthy for Sensitive Groups
53.25,78.61,54.22,12.83,0.204,59.75,19.8,68.0,0.61,146,Unhealthy for Sensitive Groups
87.85,173.88,116.14,41.27,0.858,71.06,21.1,91.4,0.29,166,Unhealthy
36.82,66.91,20.17,23.94,1.784,57.21,31.6,30.1,2.27,101,Unhealthy for Sensitive Groups
35.14,102.25,55.04,6.87,0.879,77.16,30.8,30.2,0.1,99,Moderate
81.48,106.78,43.36,33.5,0.855,32.39,16.1,54.7,2.82,170,Unhealthy
119.08,245.43,109.88,66.92,0.217,24.64,11.3,88.8,6.95,184,Unhealthy
37.16,97.49,34.76,15.79,2.397,51.58,35.7,21.6,0.63,110,Unhealthy for Sensitive Groups
71.38,85.44,27.62,69.28,0.242,79.11,33.0,40.7,1.45,148,Unhealthy for Sensitive Groups
52.59,135.66,27.23,24.4,2.456,50.94,37.4,41.3,7.44,143,Unhealthy for Sensitive Groups
64.8,121.05,10.85,14.65,1.075,110.85,30.5,42.9,3.65,155,Unhealthy
96.54,88.81,71.7,9.32,2.948,34.53,38.3,21.9,0.44,167,Unhealthy
28.3,37.42,26.88,40.21,1.658,55.16,1.8,81.9,1.44,85,Moderate
38.79,110.58,27.2,5.43,1.814,14.09,23.8,20.7,4.23,113,Unhealthy for Sensitive Groups
74.58,143.46,72.57,8.28,0.789,96.95,18.1,55.8,3.28,161,Unhealthy
91.54,208.31,12.25,24.98,0.902,56.99,44.9,24.2,0.51,163,Unhealthy
38.94,56.71,72.4,16.09,0.794,5.0,13.0,79.9,0.19,111,Unhealthy for Sensitive Groups
52.5,96.81,9.4,6.78,0.45,52.11,11.6,76.0,3.43,148,Unhealthy for Sensitive Groups
51.35,89.86,30.84,8.94,1.083,5.0,18.7,74.1,2.82,140,Unhealthy for Sensitive Groups
32.04,88.99,37.95,21.43,0.368,90.48,19.7,75.2,0.18,92,Moderate
37.54,104.71,46.25,82.51,0.559,37.23,21.2,90.5,11.04,102,Unhealthy for Sensitive Groups
264.53,446.14,17.22,8.8,0.545,61.01,34.0,51.3,0.87,316,Hazardous
37.83,38.36,117.3,18.81,0.589,41.49,39.8,84.6,1.46,104,Unhealthy for Sensitive Groups
29.0,75.51,38.37,34.49,0.473,55.0,34.7,33.8,0.59,105,Unhealthy for Sensitive Groups
10.68,17.76,64.18,19.83,0.185,80.08,45.0,53.8,5.29,67,Moderate
6.59,13.14,38.55,11.63,0.354,49.87,37.8,20.7,9.86,37,Good
59.07,76.75,15.16,11.44,1.288,73.93,18.7,41.3,0.72,155,Unhealthy
74.76,116.02,18.64,36.5,0.674,5.0,23.9,54.4,1.0,160,Unhealthy
66.44,113.23,78.97,1.05,0.744,28.17,32.9,88.2,3.68,158,Unhealthy
16.73,25.15,64.57,15.97,2.304,61.31,13.4,43.8,2.25,65,Moderate
83.22,79.1,6.5,10.13,3.175,42.04,21.9,70.4,0.33,161,Unhealthy
39.44,78.76,60.2,2.11,2.606,89.35,31.5,82.5,7.92,109,Unhealthy for Sensitive Groups
29.98,58.71,30.41,14.6,2.457,80.92,44.1,44.5,2.83,90,Moderate
14.38,30.3,50.44,7.56,1.595,94.08,25.3,32.7,1.08,57,Moderate
18.37,49.86,30.91,4.38,2.026,62.46,26.9,64.3,2.02,62,Moderate
70.86,86.4,49.64,39.86,2.137,41.41,30.2,41.3,2.08,156,Unhealthy
62.61,97.28,21.48,5.35,2.208,75.31,7.7,68.9,2.24,157,Unhealthy
34.9,59.04,53.54,3.91,0.342,33.63,21.4,30.1,2.06,101,Unhealthy for Sensitive Groups
5.08,11.54,21.11,2.69,0.801,52.74,16.5,31.4,2.48,18,Good
57.1,80.43,38.88,18.07,1.047,70.2,32.8,70.7,1.5,141,Unhealthy for Sensitive Groups
33.08,38.76,21.94,19.86,0.244,42.37,20.6,93.0,0.47,98,Moderate
62.9,75.98,44.19,65.29,0.173,119.72,37.2,38.5,3.28,159,Unhealthy
90.75,147.41,12.31,10.33,1.154,78.02,29.4,73.5,4.72,172,Unhealthy
31.12,37.02,24.2,8.7,0.409,37.02,23.4,59.9,5.52,99,Moderate
41.81,68.44,66.68,3.74,1.297,83.95,19.4,83.3,0.1,120,Unhealthy for Sensitive Groups
97.59,262.86,10.37,20.85,1.349,100.82,17.9,49.2,1.56,174,Unhealthy
51.5,116.52,59.75,2.54,0.814,22.3,41.1,92.9,11.51,135,Unhealthy for Sensitive Groups
49.94,56.6,13.31,7.44,0.83,91.99,4.6,26.2,0.19,136,Unhealthy for Sensitive Groups
21.18,46.26,19.98,17.18,0.565,28.45,24.2,93.8,4.62,69,Moderate
71.65,152.34,22.28,7.75,0.279,59.78,25.9,83.5,0.4,160,Unhealthy
18.45,26.22,62.54,7.52,1.193,64.38,2.4,85.0,5.22,58,Moderate
110.16,197.18,105.59,6.17,0.816,43.53,38.1,83.2,3.35,182,Unhealthy
59.4,89.24,26.05,41.67,0.345,43.45,27.1,84.6,3.87,150,Unhealthy for Sensitive Groups
33.94,57.61,14.45,7.1,0.734,38.6,32.3,81.1,11.36,98,Moderate
21.73,45.86,22.84,21.09,1.865,46.49,32.4,87.5,8.41,68,Moderate
17.71,46.35,19.49,6.6,0.17,35.15,34.1,54.6,1.09,62,Moderate
8.38,17.57,22.21,8.59,0.932,87.83,33.1,90.4,1.41,30,Good
42.3,68.03,24.34,14.06,0.319,23.24,33.1,48.9,1.57,113,Unhealthy for Sensitive Groups
4.64,5.0,13.5,38.76,0.734,104.95,28.9,74.6,0.6,21,Good
47.79,72.46,15.23,1.0,0.1,56.66,34.9,73.3,1.44,135,Unhealthy for Sensitive Groups
35.15,84.67,5.7,35.23,0.194,7.63,45.0,81.6,11.59,99,Moderate
34.07,53.96,66.71,5.27,0.173,79.32,16.5,75.4,2.02,103,Unhealthy for Sensitive Groups
42.11,119.65,30.72,15.76,2.921,50.29,30.1,22.7,9.15,122,Unhealthy for Sensitive Groups
34.0,41.14,66.16,12.66,1.141,30.18,33.4,75.4,0.22,98,Moderate
48.4,55.12,50.83,3.29,0.407,51.47,9.6,21.7,0.12,127,Unhealthy for Sensitive Groups
84.72,190.47,32.06,7.6,0.425,40.64,43.9,60.0,2.57,167,Unhealthy
45.35,65.74,24.3,12.7,1.537,92.19,31.5,82.9,4.0,126,Unhealthy for Sensitive Groups
29.06,52.62,105.05,2.92,1.326,40.48,28.1,82.2,0.74,104,Unhealthy for Sensitive Groups
39.21,49.19,22.46,29.54,0.855,26.89,21.4,83.1,2.1,108,Unhealthy for Sensitive Groups
34.09,51.21,38.05,14.13,2.432,42.28,33.5,65.2,6.19,93,Moderate
45.25,69.14,31.35,7.93,0.428,35.19,13.8,33.8,4.3,116,Unhealthy for Sensitive Groups
58.36,87.02,18.94,9.81,0.181,86.93,42.3,58.1,0.79,153,Unhealthy
13.82,9.61,148.74,29.4,2.324,65.03,35.5,58.7,1.22,109,Unhealthy for Sensitive Groups
13.14,17.84,64.06,35.01,0.573,23.34,23.8,44.4,1.09,67,Moderate
19.81,18.46,19.68,5.72,0.189,33.6,39.4,51.8,3.81,62,Moderate
59.68,100.92,17.92,3.68,0.89,48.87,7.6,85.4,10.34,152,Unhealthy
47.24,141.27,43.38,23.44,1.035,13.94,14.9,58.8,0.99,124,Unhealthy for Sensitive Groups
71.13,138.31,77.24,4.32,0.86,32.31,25.6,72.9,2.66,167,Unhealthy
22.47,24.29,14.09,19.9,2.221,68.11,26.0,57.2,13.41,70,Moderate
45.81,48.74,32.36,5.04,3.065,105.36,29.5,66.3,0.51,119,Unhealthy for Sensitive Groups
29.71,77.66,34.46,5.0,0.58,14.06,27.1,26.9,3.23,88,Moderate
39.39,68.48,38.13,2.08,1.69,128.17,37.5,89.9,1.21,111,Unhealthy for Sensitive Groups
29.34,57.44,39.86,53.43,0.652,69.37,10.5,52.7,14.36,84,Moderate
60.55,109.08,35.32,35.18,2.303,31.64,5.9,76.1,0.35,153,Unhealthy
23.8,37.82,31.21,10.24,0.241,98.18,11.1,70.0,1.8,70,Moderate
63.21,148.08,26.05,16.48,0.987,70.46,12.1,79.9,0.88,152,Unhealthy
103.28,198.79,15.77,16.06,1.417,81.15,25.5,22.6,0.1,172,Unhealthy
58.5,103.85,113.77,54.09,1.444,80.63,23.7,90.2,9.94,165,Unhealthy
73.4,110.11,56.5,19.07,0.618,86.88,28.4,82.2,2.52,165,Unhealthy
9.71,9.57,54.11,27.23,0.799,28.73,28.8,82.5,3.62,51,Moderate
90.03,124.53,45.14,39.68,1.335,80.18,27.9,55.0,2.9,167,Unhealthy
49.95,102.15,137.9,5.57,1.008,61.34,9.8,79.7,0.48,142,Unhealthy for Sensitive Groups
32.35,42.42,6.5,6.59,0.961,74.52,23.1,63.1,0.56,99,Moderate
23.05,37.62,35.49,35.07,0.6,43.12,20.1,57.8,2.95,72,Moderate
79.23,239.35,12.67,9.89,0.37,43.83,37.5,78.9,4.54,174,Unhealthy
65.32,91.51,37.61,4.74,1.96,45.52,28.8,67.1,2.83,154,Unhealthy
28.13,45.68,71.87,15.26,0.34,78.28,43.9,25.8,2.53,83,Moderate
12.02,16.48,53.37,34.22,2.233,57.9,15.4,43.6,4.11,2,Good
67.52,136.17,26.24,58.35,2.547,46.52,22.3,66.7,0.84,157,Unhealthy
16.41,29.65,96.1,46.19,1.637,51.57,34.5,87.8,3.95,93,Moderate
30.1,70.52,63.33,1.0,0.639,91.27,20.4,90.0,1.59,87,Moderate
35.13,79.6,49.5,10.2,0.161,72.35,29.1,82.9,3.36,96,Moderate
18.23,36.22,38.84,3.44,1.429,71.46,19.2,39.1,0.96,64,Moderate
37.45,55.91,66.86,5.88,0.256,66.66,37.0,55.5,0.44,104,Unhealthy for Sensitive Groups
38.81,72.83,21.09,15.75,0.487,86.79,11.3,52.5,0.1,111,Unhealthy for Sensitive Groups
33.56,48.46,18.9,15.66,0.587,33.56,44.5,52.9,4.88,97,Moderate
62.52,57.68,18.8,1.0,0.376,82.15,33.0,23.7,0.66,150,Unhealthy for Sensitive Groups
101.27,255.66,21.87,5.91,0.447,61.91,30.3,33.0,1.36,172,Unhealthy
12.55,12.95,92.13,48.62,0.997,36.68,29.3,31.5,4.39,97,Moderate
47.66,63.91,32.37,2.54,3.849,59.52,18.4,66.3,1.79,130,Unhealthy for Sensitive Groups
13.24,32.99,74.74,34.33,1.331,53.13,32.4,50.9,0.74,68,Moderate
14.95,24.29,26.74,8.05,1.975,68.53,20.2,44.3,0.65,55,Moderate
90.97,85.35,93.77,13.31,0.548,82.51,4.3,53.3,1.57,169,Unhealthy
59.54,62.56,105.92,37.86,3.28,31.76,26.3,44.3,2.5,163,Unhealthy
11.94,20.62,41.95,10.72,3.035,102.94,17.9,76.8,1.49,47,Good
44.24,72.41,37.79,50.94,0.643,17.98,26.8,32.5,7.05,120,Unhealthy for Sensitive Groups
15.88,28.42,14.18,2.41,3.185,41.49,25.2,24.2,0.1,60,Moderate
34.86,53.19,66.29,29.0,0.436,109.27,11.2,68.8,1.54,102,Unhealthy for Sensitive Groups
60.39,113.88,28.23,26.1,0.762,22.88,41.4,37.3,4.07,163,Unhealthy
45.25,127.48,20.4,46.65,0.825,45.21,18.7,68.3,6.65,123,Unhealthy for Sensitive Groups
23.59,44.55,35.53,22.5,0.611,40.54,36.0,24.4,1.33,74,Moderate
57.61,99.09,42.81,11.82,0.125,5.0,18.2,38.5,3.36,146,Unhealthy for Sensitive Groups
97.68,164.83,18.62,5.44,0.142,57.25,25.5,31.5,2.6,166,Unhealthy
61.02,141.36,44.29,9.84,0.704,71.1,28.2,41.8,0.68,154,Unhealthy
28.65,32.28,89.9,2.02,2.087,71.02,5.0,44.7,3.43,84,Moderate
35.65,66.34,14.23,27.76,0.846,45.13,19.2,57.1,0.86,93,Moderate
79.47,123.03,53.82,13.22,0.476,10.42,28.0,59.0,4.6,159,Unhealthy
40.4,45.13,86.95,11.52,1.688,42.43,25.9,67.3,6.03,106,Unhealthy for Sensitive Groups
45.34,106.47,56.68,9.12,1.408,37.27,25.7,44.9,1.95,124,Unhealthy for Sensitive Groups
18.04,30.77,44.1,24.9,1.14,66.18,34.4,59.9,0.17,57,Moderate
79.56,157.64,58.42,11.44,0.457,45.53,17.2,94.3,4.01,161,Unhealthy
26.81,42.45,85.46,14.5,0.933,69.73,26.0,35.8,1.89,86,Moderate
40.4,63.11,48.66,14.26,0.1,11.34,11.7,31.5,0.3,111,Unhealthy for Sensitive Groups
72.03,90.97,31.24,22.25,2.153,75.19,20.2,83.2,1.21,159,Unhealthy
145.23,199.93,30.66,20.87,1.437,72.12,37.5,50.8,1.03,191,Unhealthy
58.82,57.48,41.53,37.79,0.556,31.74,25.4,83.5,3.89,155,Unhealthy
25.96,84.13,46.21,34.1,0.993,41.22,20.5,51.9,1.66,81,Moderate
33.82,74.76,35.94,8.98,0.71,51.08,17.1,21.6,2.65,96,Moderate
56.3,104.01,23.02,56.67,0.973,86.18,11.4,48.1,2.09,152,Unhealthy
52.58,70.82,70.42,20.63,3.881,51.79,34.7,65.8,3.86,142,Unhealthy for Sensitive Groups
65.6,76.25,42.88,66.0,2.197,67.54,45.0,53.6,3.8,158,Unhealthy
95.11,199.54,10.52,18.31,1.779,59.1,20.9,54.5,1.79,175,Unhealthy
32.49,78.19,11.59,9.88,1.787,81.95,7.0,94.9,0.44,91,Moderate
50.22,115.73,12.92,7.82,2.331,63.39,40.5,60.8,1.57,134,Unhealthy for Sensitive Groups
30.45,64.6,33.3,1.77,2.38,28.15,16.1,72.3,0.52,86,Moderate
21.9,43.55,15.0,16.95,1.566,52.72,28.9,74.1,9.59,68,Moderate
27.75,45.08,31.95,17.76,0.902,84.34,30.3,20.0,9.0,79,Moderate
4.89,9.84,29.18,13.44,0.323,67.43,36.3,61.4,1.83,27,Good
71.56,98.55,11.28,19.28,1.247,28.75,22.7,92.2,0.1,157,Unhealthy
56.63,91.05,15.61,3.01,0.797,103.78,29.7,76.3,1.41,151,Unhealthy
70.6,92.54,124.59,12.4,0.359,44.21,21.8,45.5,6.76,160,Unhealthy
16.65,50.51,20.95,4.07,1.006,82.61,5.1,47.3,1.02,62,Moderate
28.1,54.8,27.33,19.79,0.215,94.81,20.9,42.8,2.92,91,Moderate
27.43,45.96,26.26,15.87,0.653,86.01,28.7,67.3,0.61,83,Moderate
99.72,158.14,53.08,33.84,1.828,37.54,15.0,27.3,5.23,172,Unhealthy
48.57,87.4,37.5,10.17,0.903,86.94,25.9,41.8,6.67,133,Unhealthy for Sensitive Groups
40.32,79.21,110.2,33.68,1.453,65.7,27.7,57.4,2.86,116,Unhealthy for Sensitive Groups
69.44,122.24,80.78,12.31,1.403,26.75,38.4,60.1,2.93,168,Unhealthy
27.5,43.9,118.7,24.58,0.843,57.71,15.7,65.6,1.43,106,Unhealthy for Sensitive Groups
54.38,83.7,62.78,6.21,1.614,34.89,27.4,79.8,3.68,148,Unhealthy for Sensitive Groups
96.38,139.12,41.81,14.29,0.936,69.68,14.1,32.2,1.95,177,Unhealthy
67.33,162.67,10.95,12.95,0.281,79.63,3.2,36.9,4.11,154,Unhealthy
48.95,107.35,10.35,35.42,0.814,88.06,20.2,85.4,10.37,133,Unhealthy for Sensitive Groups
41.34,105.01,9.13,12.92,3.241,58.02,19.5,82.3,5.18,116,Unhealthy for Sensitive Groups
70.21,90.82,39.22,13.05,0.421,36.99,28.4,81.6,2.19,154,Unhealthy
91.29,158.85,63.93,62.4,3.097,29.84,36.6,35.6,11.57,162,Unhealthy
96.13,125.78,22.29,27.94,0.1,76.87,26.1,24.4,2.8,175,Unhealthy
130.8,136.47,21.44,10.59,0.207,84.27,18.5,59.3,0.2,184,Unhealthy
36.64,98.97,48.32,22.57,0.381,73.62,16.8,85.3,3.93,108,Unhealthy for Sensitive Groups
7.48,5.0,21.63,30.18,0.241,38.57,36.7,37.8,5.15,29,Good
92.31,227.84,73.8,15.41,1.873,43.95,31.9,87.8,0.43,169,Unhealthy
24.05,40.96,16.18,27.09,0.171,45.64,16.2,30.6,3.41,67,Moderate
68.73,111.84,70.12,14.27,0.425,22.39,11.3,42.4,7.61,159,Unhealthy
4.71,12.47,33.23,35.63,1.601,72.55,16.2,42.4,0.87,33,Good
51.69,76.64,6.5,1.37,1.132,56.39,34.9,31.3,2.64,143,Unhealthy for Sensitive Groups
24.89,52.34,14.33,5.21,0.856,95.74,15.6,85.5,0.96,81,Moderate
100.76,239.59,66.25,9.36,0.761,35.65,29.6,50.9,4.47,165,Unhealthy
54.29,114.5,9.82,27.04,1.547,56.31,41.9,34.3,2.61,140,Unhealthy for Sensitive Groups
31.58,50.5,20.03,19.12,0.27,28.81,17.0,31.0,1.68,85,Moderate
68.78,54.37,12.13,6.5,0.393,50.44,21.2,51.6,0.1,155,Unhealthy
1.82,5.0,24.22,15.92,1.305,79.72,24.7,21.3,8.69,18,Good
31.95,42.62,58.25,1.48,0.423,61.39,8.9,29.1,2.07,94,Moderate
30.18,67.07,40.7,2.1,0.962,35.82,17.9,20.3,4.89,88,Moderate
75.79,109.62,51.13,4.21,0.67,22.52,26.8,21.8,1.49,163,Unhealthy
20.12,33.15,40.54,26.08,0.49,51.62,15.3,94.8,5.67,70,Moderate
48.95,104.41,30.91,19.72,0.829,65.14,45.0,53.7,0.52,124,Unhealthy for Sensitive Groups
48.03,74.52,76.62,10.92,0.1,80.5,20.1,74.7,0.79,136,Unhealthy for Sensitive Groups
20.46,47.34,6.94,26.78,1.272,41.33,23.2,75.3,1.22,66,Moderate
26.83,69.82,88.9,37.42,1.237,40.7,19.3,86.0,0.28,92,Moderate
29.37,88.39,30.46,4.44,2.401,113.08,22.6,27.8,1.76,79,Moderate
9.92,11.08,12.8,34.63,0.365,59.4,17.8,59.4,2.0,44,Good
70.03,122.11,89.17,6.45,2.106,83.84,4.2,44.1,0.37,158,Unhealthy
28.27,50.3,37.49,7.74,0.382,28.36,21.4,61.1,1.67,92,Moderate
26.01,49.63,17.61,53.41,1.651,68.05,43.1,44.9,0.66,81,Moderate
128.1,194.13,13.11,16.44,0.237,78.46,41.3,33.8,6.24,193,Unhealthy
70.78,161.78,22.04,8.91,0.423,61.44,14.5,70.5,2.14,150,Unhealthy for Sensitive Groups
20.49,38.38,79.28,23.02,0.458,16.49,9.0,22.9,9.11,77,Moderate
1.95,5.0,17.32,29.5,0.976,37.3,4.5,87.2,1.25,12,Good
59.8,104.58,67.99,16.62,1.176,69.19,15.3,31.0,1.25,151,Unhealthy
43.45,39.48,32.78,8.92,0.16,20.05,19.4,66.1,1.24,120,Unhealthy for Sensitive Groups
35.74,101.89,11.13,19.0,1.07,123.32,29.0,76.6,0.94,97,Moderate
50.41,94.12,16.75,24.28,0.967,88.49,20.8,25.5,4.6,140,Unhealthy for Sensitive Groups
69.29,141.85,46.95,12.52,1.161,22.32,33.8,87.7,1.0,162,Unhealthy
29.0,46.38,39.28,51.02,1.179,66.56,30.9,46.7,1.02,81,Moderate
29.04,83.82,76.59,18.32,2.542,61.9,28.5,94.8,0.14,87,Moderate
55.41,77.12,28.89,28.2,0.5,87.22,23.8,25.2,10.09,17,Good
68.26,79.53,82.04,28.89,2.164,5.0,34.9,73.8,6.52,162,Unhealthy
57.71,65.13,39.19,2.7,1.295,64.24,31.3,32.1,1.04,152,Unhealthy
119.58,224.4,22.11,23.12,0.664,29.95,10.4,50.2,2.21,183,Unhealthy
57.35,117.24,12.89,25.05,0.551,70.97,30.3,53.2,1.98,160,Unhealthy
49.95,131.81,21.24,8.77,1.517,32.81,19.3,50.5,0.28,138,Unhealthy for Sensitive Groups
37.5,80.98,26.48,7.45,0.385,94.23,34.2,45.3,2.27,119,Unhealthy for Sensitive Groups
20.0,34.58,87.28,2.64,1.348,67.73,31.6,77.5,0.36,80,Moderate
26.97,32.55,104.5,40.09,0.56,14.94,42.2,81.5,1.71,96,Moderate
12.17,32.05,75.86,6.11,1.561,5.0,5.0,45.2,0.28,78,Moderate
96.36,112.6,24.26,2.8,0.477,72.46,28.1,56.2,2.67,170,Unhealthy
14.04,24.98,20.18,10.45,0.762,42.63,18.5,51.6,0.15,60,Moderate
45.87,78.51,26.12,5.0,0.589,74.34,45.0,64.5,2.97,121,Unhealthy for Sensitive Groups
24.12,52.51,23.58,2.74,2.418,43.51,-5.3,31.3,3.68,82,Moderate
38.47,39.8,8.74,70.41,3.051,90.09,29.4,80.4,2.54,107,Unhealthy for Sensitive Groups
34.6,68.83,16.05,4.66,0.603,85.23,30.6,79.8,1.9,98,Moderate
82.02,137.28,60.54,6.54,1.147,70.8,3.6,64.3,0.19,158,Unhealthy
5.69,14.57,32.78,15.88,0.911,37.52,30.2,76.0,0.1,36,Good
110.6,126.45,27.84,2.69,0.55,45.35,4.8,94.1,1.26,181,Unhealthy
33.35,75.45,7.54,13.06,0.368,53.52,17.8,89.2,4.43,98,Moderate
53.2,148.64,32.23,23.78,0.314,33.76,29.1,65.9,3.13,137,Unhealthy for Sensitive Groups
45.27,63.44,38.07,17.36,0.443,76.54,15.2,58.4,0.4,123,Unhealthy for Sensitive Groups
13.23,35.01,11.66,20.7,0.627,51.86,25.8,60.1,3.49,53,Moderate
117.05,164.49,70.95,12.63,0.708,55.45,24.9,55.0,2.57,176,Unhealthy
89.89,182.48,24.49,9.08,0.107,46.99,30.3,56.0,0.55,172,Unhealthy
17.55,29.08,37.44,21.02,1.811,59.55,14.3,74.9,4.22,67,Moderate
57.0,87.81,94.16,19.81,2.242,64.39,34.3,94.4,5.32,144,Unhealthy for Sensitive Groups
32.98,64.35,68.3,4.42,2.536,46.3,-3.9,23.4,0.79,94,Moderate
12.35,21.89,11.2,15.67,0.209,54.08,40.2,37.3,3.03,55,Moderate
23.97,56.04,57.96,13.43,0.756,48.36,22.4,35.8,1.43,84,Moderate
86.87,188.82,19.24,24.28,1.922,48.42,23.5,82.5,0.18,171,Unhealthy
87.76,96.65,61.38,18.87,0.1,60.51,28.1,51.5,5.93,162,Unhealthy
41.23,43.17,81.48,37.07,0.282,5.0,26.9,59.4,5.16,110,Unhealthy for Sensitive Groups
87.12,144.86,37.45,29.83,1.6,95.06,25.0,55.2,1.15,168,Unhealthy
62.34,127.41,8.77,32.69,0.666,79.07,37.5,84.0,2.27,158,Unhealthy
21.82,55.71,5.0,24.84,0.769,64.01,9.7,57.5,2.15,71,Moderate
110.08,224.18,78.92,31.53,0.46,80.93,15.5,70.1,0.59,176,Unhealthy
23.95,61.06,69.45,9.9,1.118,26.08,29.3,21.5,0.47,79,Moderate
26.33,46.15,14.65,28.9,1.009,16.34,21.3,68.9,5.58,86,Moderate
5.84,21.99,5.0,13.5,0.323,12.77,37.9,38.1,6.06,22,Good
27.52,62.28,9.96,2.82,2.079,70.82,45.0,85.0,3.87,83,Moderate
35.47,44.38,23.04,28.57,0.1,63.53,25.1,76.4,0.23,25,Good
38.19,103.68,49.86,17.48,1.227,68.99,7.8,28.2,7.2,105,Unhealthy for Sensitive Groups
21.55,22.13,6.5,42.08,1.009,83.39,16.2,27.8,11.85,75,Moderate
29.36,34.7,101.47,15.51,2.582,5.0,4.6,42.0,4.48,98,Moderate
81.12,214.33,57.56,6.34,0.598,29.97,31.2,29.4,1.31,169,Unhealthy
74.79,148.69,77.03,8.18,0.508,43.67,15.5,75.5,1.56,157,Unhealthy
91.67,111.83,14.91,11.52,1.906,76.64,23.4,94.0,6.11,181,Unhealthy
30.03,69.78,52.75,17.93,0.45,63.72,22.1,69.1,0.99,88,Moderate
53.52,123.26,37.47,31.89,0.275,125.84,36.3,38.7,0.46,148,Unhealthy for Sensitive Groups
75.14,127.45,16.59,17.61,1.72,32.67,25.6,62.3,5.19,167,Unhealthy
130.66,220.99,48.22,4.31,1.655,73.06,22.3,80.4,0.64,189,Unhealthy
8.81,11.71,26.53,18.13,1.392,83.76,15.8,92.2,7.14,38,Good
29.58,34.07,9.92,35.9,0.402,96.62,31.0,20.4,2.72,88,Moderate
45.81,71.64,50.98,15.82,2.034,54.87,14.0,59.3,2.43,137,Unhealthy for Sensitive Groups
53.72,63.48,41.53,20.58,0.977,27.44,12.5,54.0,4.48,154,Unhealthy
24.61,38.24,26.94,13.09,0.971,76.4,19.1,51.1,0.1,73,Moderate
54.68,81.36,23.73,12.98,3.136,67.29,45.0,57.8,3.75,143,Unhealthy for Sensitive Groups
30.44,39.2,46.45,32.86,0.25,74.39,24.0,50.3,2.74,92,Moderate
51.14,57.43,29.02,26.68,1.586,93.76,24.5,45.8,2.23,140,Unhealthy for Sensitive Groups
69.09,109.51,6.5,74.46,2.738,54.06,28.2,28.6,0.74,166,Unhealthy
22.9,42.07,9.71,9.09,0.282,34.04,27.3,57.5,5.31,75,Moderate
70.44,116.73,35.46,7.26,1.165,74.17,22.8,81.6,0.87,158,Unhealthy
92.83,88.37,27.65,2.95,0.449,67.7,15.3,27.9,2.02,165,Unhealthy
25.32,37.23,26.64,11.41,1.345,52.07,20.6,75.4,0.52,76,Moderate
22.02,38.4,11.25,13.65,1.238,34.72,22.9,40.1,10.92,68,Moderate
24.17,49.52,18.48,6.92,1.546,68.55,10.8,48.6,0.65,74,Moderate
50.38,80.06,61.69,21.01,0.446,81.41,22.8,94.1,4.88,135,Unhealthy for Sensitive Groups
47.71,80.32,36.64,27.11,1.138,20.22,27.0,70.6,0.92,129,Unhealthy for Sensitive Groups
24.48,40.17,12.78,20.23,1.608,61.1,19.6,73.9,0.89,77,Moderate
51.53,101.26,25.9,4.93,0.537,74.75,37.4,65.2,1.64,143,Unhealthy for Sensitive Groups
29.7,67.54,61.71,7.48,1.226,105.01,27.8,44.2,5.61,93,Moderate
27.64,42.84,11.63,15.21,0.676,61.67,17.4,70.6,3.49,87,Moderate
39.46,91.97,49.14,34.53,1.969,98.87,20.9,54.3,6.16,103,Unhealthy for Sensitive Groups
31.87,69.86,31.46,12.51,0.218,80.96,37.3,82.4,0.15,86,Moderate
41.09,79.86,26.18,1.05,1.128,81.47,18.8,62.8,9.35,113,Unhealthy for Sensitive Groups
50.45,109.38,9.52,11.31,2.441,39.86,17.0,77.8,0.24,132,Unhealthy for Sensitive Groups
60.33,98.02,199.05,14.39,0.7,121.93,16.5,83.6,3.83,155,Unhealthy
30.01,66.51,48.77,45.47,0.174,61.56,25.7,81.6,0.7,88,Moderate
60.72,127.94,5.0,1.04,1.097,65.09,27.2,50.2,5.51,154,Unhealthy
11.54,20.82,41.93,27.27,2.386,60.49,31.8,47.7,5.95,54,Moderate
1.39,5.0,78.4,3.01,0.856,91.0,17.7,85.2,2.4,75,Moderate
44.94,119.17,32.07,9.35,0.908,108.97,40.2,30.7,1.55,118,Unhealthy for Sensitive Groups
36.65,102.12,45.72,19.69,0.184,76.49,30.1,41.0,4.73,102,Unhealthy for Sensitive Groups
21.66,25.73,26.65,30.15,1.913,50.41,20.8,29.1,6.22,60,Moderate
46.2,72.4,20.13,7.56,0.745,102.46,33.3,23.2,4.02,126,Unhealthy for Sensitive Groups
32.04,37.19,33.36,9.66,1.904,28.46,44.0,66.2,7.12,80,Moderate
42.89,85.43,26.95,12.36,1.644,42.61,29.9,87.6,2.95,119,Unhealthy for Sensitive Groups
1.72,5.0,20.9,7.12,0.426,25.3,42.6,29.7,3.33,25,Good
32.59,69.52,28.11,42.16,1.238,50.83,14.9,79.7,2.54,96,Moderate
34.33,38.58,15.97,17.41,1.664,85.1,5.7,48.5,2.01,99,Moderate
70.61,123.44,7.37,25.47,2.209,54.42,30.3,66.4,3.19,161,Unhealthy
9.84,13.67,21.18,12.49,0.645,61.47,36.4,77.3,2.47,37,Good
44.24,61.26,113.89,12.4,0.931,69.11,11.7,73.3,3.94,112,Unhealthy for Sensitive Groups
55.74,84.23,75.1,32.31,0.1,54.29,37.4,30.3,8.16,145,Unhealthy for Sensitive Groups
111.77,232.79,38.82,14.26,2.59,32.08,20.6,28.7,1.4,183,Unhealthy
35.85,54.8,10.64,22.31,1.471,18.65,31.1,89.3,1.59,106,Unhealthy for Sensitive Groups
53.07,109.76,32.99,10.33,1.283,92.66,27.6,26.0,0.1,150,Unhealthy for Sensitive Groups
8.88,9.05,39.41,7.76,0.1,44.12,29.6,36.4,2.25,30,Good
42.74,102.91,21.83,16.82,1.362,42.86,30.7,52.9,0.42,124,Unhealthy for Sensitive Groups
87.23,153.86,86.06,6.32,1.091,22.64,24.1,81.6,3.78,161,Unhealthy
112.43,265.52,11.73,2.4,0.842,56.57,20.7,65.2,4.54,182,Unhealthy
51.21,115.02,47.54,10.41,1.183,73.56,28.4,62.8,3.85,142,Unhealthy for Sensitive Groups
10.43,27.83,11.44,49.68,0.966,50.89,22.2,71.9,2.37,40,Good
113.19,107.54,16.72,21.72,1.405,68.77,18.1,80.2,2.29,184,Unhealthy
10.52,39.06,30.01,8.88,1.144,10.6,28.2,37.4,3.12,32,Good
12.28,30.15,5.0,22.46,0.79,64.26,19.0,21.4,2.43,46,Good
119.04,202.57,48.19,35.98,1.344,49.77,23.1,29.5,4.16,179,Unhealthy
29.57,47.66,17.43,7.01,0.508,24.0,19.7,32.4,6.75,91,Moderate
27.9,41.53,31.11,22.43,1.149,19.54,40.6,23.0,2.3,87,Moderate
48.48,86.59,14.28,10.16,1.236,38.51,26.1,76.1,0.35,134,Unhealthy for Sensitive Groups
47.87,68.92,84.5,39.1,1.249,29.64,9.2,86.4,0.42,132,Unhealthy for Sensitive Groups
74.99,105.93,59.92,8.76,1.224,68.68,37.5,73.3,1.41,167,Unhealthy
35.88,97.74,37.78,9.85,1.753,70.88,6.9,34.1,2.06,100,Moderate
59.19,51.15,17.56,20.51,1.366,64.3,45.0,65.5,0.76,150,Unhealthy for Sensitive Groups
80.71,125.43,56.45,6.05,1.671,69.41,25.4,59.0,1.81,163,Unhealthy
47.61,45.12,52.82,5.64,0.603,20.74,18.8,81.5,0.44,125,Unhealthy for Sensitive Groups
25.86,28.76,181.35,37.88,0.736,72.7,21.4,90.7,0.83,119,Unhealthy for Sensitive Groups
81.62,90.33,10.48,32.37,2.305,76.67,9.1,75.7,3.97,158,Unhealthy
31.77,41.12,26.71,26.14,0.33,66.85,24.0,58.4,12.72,91,Moderate
61.39,88.58,23.52,7.57,1.601,57.55,20.5,58.3,0.62,158,Unhealthy
5.14,11.35,33.29,14.76,2.104,41.44,24.4,80.6,1.24,30,Good
35.6,47.24,7.12,16.45,0.862,68.47,34.0,29.2,1.3,96,Moderate
29.37,43.9,59.45,47.44,0.381,50.44,28.0,31.5,0.76,89,Moderate
6.84,6.0,7.75,13.72,0.949,83.07,13.4,45.8,0.68,32,Good
47.29,93.58,54.77,6.88,0.165,66.93,15.1,76.0,0.42,132,Unhealthy for Sensitive Groups
40.95,71.44,26.12,24.33,0.664,55.8,27.5,24.9,7.14,116,Unhealthy for Sensitive Groups
54.41,95.59,16.5,16.78,0.777,51.43,29.9,45.8,3.14,144,Unhealthy for Sensitive Groups
62.79,122.52,9.24,26.95,1.294,56.03,24.3,43.9,1.03,165,Unhealthy
56.71,129.04,14.33,41.56,0.59,56.16,30.6,56.4,0.9,156,Unhealthy
36.51,41.03,31.77,43.48,0.748,58.05,26.4,54.8,2.67,100,Moderate
57.37,47.09,40.95,8.52,2.166,27.7,26.7,73.6,3.58,153,Unhealthy
43.27,89.64,27.74,10.4,0.427,65.96,33.4,66.9,0.88,121,Unhealthy for Sensitive Groups
22.94,47.31,21.64,1.0,2.21,64.26,44.2,87.7,1.28,74,Moderate
14.84,11.28,29.99,6.77,1.189,30.54,28.0,33.5,1.03,58,Moderate
26.99,68.05,73.4,13.41,1.741,65.76,45.0,52.4,0.28,82,Moderate
104.65,199.41,67.04,38.51,0.375,59.71,26.4,50.0,1.47,179,Unhealthy
10.92,22.32,19.85,12.98,0.866,39.25,26.3,28.4,2.29,49,Good
18.3,34.77,29.15,30.17,0.868,75.16,44.5,32.4,3.2,66,Moderate
23.7,48.71,17.03,8.01,0.813,93.48,23.4,45.2,1.62,72,Moderate
20.31,40.36,26.97,4.54,1.027,45.68,6.9,75.1,12.29,74,Moderate
78.99,105.69,11.74,14.4,0.566,62.62,14.1,31.3,2.95,162,Unhealthy
31.95,48.38,43.53,18.53,0.544,91.22,34.1,39.9,6.53,93,Moderate
80.32,76.37,146.53,6.9,0.593,5.19,29.9,70.7,7.43,161,Unhealthy
44.21,75.33,38.5,3.79,1.771,107.32,15.7,64.7,5.17,128,Unhealthy for Sensitive Groups
6.9,10.63,27.92,8.92,0.294,62.01,5.4,27.8,0.94,25,Good
23.3,45.89,21.64,24.14,0.571,78.94,21.2,90.8,1.69,74,Moderate
79.4,119.39,12.14,14.36,1.527,17.45,37.0,31.1,0.1,175,Unhealthy
43.24,56.54,97.76,5.45,2.386,25.88,23.9,24.6,1.8,111,Unhealthy for Sensitive Groups
39.97,73.9,49.1,6.35,2.348,35.88,21.4,42.8,1.04,107,Unhealthy for Sensitive Groups
105.42,140.7,61.27,26.42,1.664,33.58,14.0,22.0,0.36,182,Unhealthy
18.55,30.7,25.31,12.1,2.079,5.0,21.8,22.3,5.47,65,Moderate
32.83,29.03,62.69,2.7,0.725,30.22,30.3,63.4,3.36,97,Moderate
54.45,87.29,77.87,35.26,0.587,39.22,23.1,87.0,20.0,141,Unhealthy for Sensitive Groups
77.98,125.21,99.17,2.94,0.1,24.16,23.3,50.2,2.07,161,Unhealthy
12.58,39.86,5.0,31.5,0.607,97.21,36.2,42.7,1.2,51,Moderate
58.22,70.8,80.31,8.22,0.673,75.94,17.2,88.6,0.92,152,Unhealthy
24.27,29.66,13.5,5.1,0.112,41.61,29.7,24.6,1.71,77,Moderate
7.67,15.53,18.64,16.22,0.369,74.51,23.4,55.5,1.11,21,Good
34.3,46.13,14.34,11.41,3.062,68.39,41.4,38.9,14.05,96,Moderate
151.77,278.78,55.12,8.77,0.845,16.93,33.7,48.6,0.61,209,Very Unhealthy
58.36,140.61,27.71,17.0,0.379,70.74,38.4,50.8,0.1,151,Unhealthy
49.09,59.7,64.8,3.48,0.761,49.57,31.1,60.9,0.42,129,Unhealthy for Sensitive Groups
11.34,18.08,34.81,15.39,1.079,77.26,20.1,54.0,6.66,44,Good
6.71,13.02,14.89,16.38,0.875,32.95,39.2,94.1,3.55,33,Good
32.22,55.36,42.38,8.16,0.487,73.6,28.6,21.9,4.6,80,Moderate
65.94,113.6,32.3,1.0,1.56,86.28,27.2,76.8,1.16,159,Unhealthy
61.21,135.48,53.95,11.91,3.869,69.96,17.1,23.8,2.92,155,Unhealthy
62.55,122.12,41.9,11.58,1.945,15.2,32.4,52.3,3.69,150,Unhealthy for Sensitive Groups
77.92,126.43,44.01,10.48,0.752,121.47,20.7,35.1,1.19,177,Unhealthy
37.44,75.77,87.66,1.67,0.812,74.87,19.7,90.9,3.87,110,Unhealthy for Sensitive Groups
88.03,160.8,5.5,15.54,1.351,54.02,28.0,74.2,2.98,168,Unhealthy
34.66,51.85,6.93,28.77,1.026,75.58,18.8,54.7,1.05,104,Unhealthy for Sensitive Groups
31.89,85.21,14.39,10.94,1.886,112.81,17.4,91.4,0.16,95,Moderate
11.25,17.09,70.76,3.53,2.124,24.66,15.6,74.1,0.81,70,Moderate
21.0,57.66,16.22,20.22,0.181,87.33,35.3,91.4,2.9,70,Moderate
93.25,166.58,33.09,42.23,1.281,55.84,39.3,72.8,2.74,167,Unhealthy
58.74,101.29,5.71,5.41,0.1,52.07,44.1,25.8,2.13,157,Unhealthy
5.03,5.0,68.67,5.63,2.686,53.56,34.3,66.2,0.87,66,Moderate
97.59,236.47,5.0,36.0,0.69,7.71,1.9,93.5,1.76,178,Unhealthy
43.31,70.85,23.11,11.88,0.192,72.01,28.2,36.1,0.47,125,Unhealthy for Sensitive Groups
43.86,86.34,5.0,1.48,1.105,5.0,22.5,79.5,3.26,126,Unhealthy for Sensitive Groups
27.52,57.37,67.32,52.33,2.312,46.93,45.0,33.8,6.1,81,Moderate
32.16,54.18,6.09,1.0,2.269,47.43,28.9,53.9,1.87,88,Moderate
47.29,81.41,24.02,1.14,1.267,50.44,16.7,26.3,0.72,129,Unhealthy for Sensitive Groups
45.32,109.52,14.62,3.89,0.584,6.07,17.7,45.5,5.28,125,Unhealthy for Sensitive Groups
38.59,73.62,37.91,24.84,0.731,82.26,7.5,78.2,1.13,106,Unhealthy for Sensitive Groups
34.48,42.11,45.93,26.6,0.328,13.98,24.3,23.4,2.7,103,Unhealthy for Sensitive Groups
19.67,49.44,105.43,2.86,0.979,36.84,9.3,44.0,0.24,106,Unhealthy for Sensitive Groups
14.9,38.09,6.42,5.86,1.032,46.37,4.8,67.2,3.8,60,Moderate
97.74,91.63,94.78,17.98,0.251,52.14,15.7,91.1,1.85,179,Unhealthy
90.6,101.43,108.62,41.78,1.812,69.53,14.8,38.4,1.65,170,Unhealthy
42.71,116.55,82.26,1.0,0.1,60.49,25.7,33.0,8.19,113,Unhealthy for Sensitive Groups
74.85,164.17,31.68,1.25,1.361,108.28,28.9,35.3,2.03,167,Unhealthy
28.62,85.83,7.78,8.2,1.687,68.7,25.0,37.8,0.1,88,Moderate
85.82,102.13,57.05,2.23,1.911,66.89,23.9,67.9,9.64,172,Unhealthy
44.13,133.93,5.24,34.37,0.936,45.61,28.9,94.9,0.1,124,Unhealthy for Sensitive Groups
73.84,124.78,74.01,12.76,1.019,67.58,36.5,59.3,2.3,157,Unhealthy
22.28,42.17,37.62,32.0,1.757,47.79,15.0,40.4,3.01,66,Moderate
2.56,5.0,32.21,18.18,1.093,48.02,28.3,76.0,6.75,35,Good
37.09,61.41,82.05,24.15,0.484,139.27,25.3,31.9,3.41,102,Unhealthy for Sensitive Groups
30.42,73.02,35.04,6.81,1.09,98.57,29.1,22.3,5.0,94,Moderate
4.81,5.0,9.85,1.0,2.859,38.28,23.1,65.4,4.41,10,Good
90.88,130.12,32.05,11.29,0.607,76.23,16.1,35.8,0.72,172,Unhealthy
90.76,156.03,24.4,28.95,0.506,66.76,23.6,49.9,3.62,172,Unhealthy
53.94,105.25,41.73,51.21,0.752,43.43,17.7,37.3,3.04,154,Unhealthy
22.7,43.15,24.9,10.55,1.169,112.11,15.1,88.9,0.84,71,Moderate
9.11,16.34,18.43,24.98,0.419,54.99,36.9,45.3,0.41,37,Good
4.73,5.0,29.93,6.67,0.174,94.63,26.5,53.7,4.18,36,Good
20.88,64.71,7.57,8.98,1.082,43.53,5.2,37.6,10.63,76,Moderate
66.54,75.37,30.68,12.53,0.982,87.5,-8.0,26.4,4.02,154,Unhealthy
30.65,70.13,45.86,44.39,0.178,93.4,23.5,58.4,4.15,84,Moderate
43.05,86.66,69.6,24.24,0.27,35.75,18.7,85.2,0.55,120,Unhealthy for Sensitive Groups
44.42,124.62,15.34,21.44,0.917,51.79,25.2,46.4,0.85,128,Unhealthy for Sensitive Groups
77.92,85.71,152.87,42.6,0.614,57.84,27.4,78.6,2.64,166,Unhealthy
6.9,9.64,40.76,5.83,0.418,100.86,24.9,22.4,0.1,37,Good
24.32,52.61,26.15,10.45,0.627,98.83,17.2,37.7,3.31,87,Moderate
69.13,90.57,34.08,21.58,0.447,50.11,34.7,29.9,0.47,156,Unhealthy
74.89,199.88,24.69,7.69,0.77,50.41,13.4,50.2,1.6,163,Unhealthy
85.89,174.96,23.73,9.97,1.555,66.13,37.2,87.1,1.16,160,Unhealthy
52.14,111.33,18.84,16.76,1.747,20.71,30.8,48.0,0.34,138,Unhealthy for Sensitive Groups
66.52,200.31,29.74,12.99,0.466,91.8,18.4,65.2,2.59,156,Unhealthy
61.31,92.26,6.5,4.16,1.004,38.42,29.4,87.4,1.34,156,Unhealthy
13.84,16.27,19.09,6.57,0.997,62.43,21.4,47.0,0.13,43,Good
77.09,72.91,69.53,4.11,0.213,95.04,38.7,47.4,1.76,158,Unhealthy
63.78,128.92,5.0,24.93,0.1,71.13,18.6,26.6,2.68,144,Unhealthy for Sensitive Groups
111.38,156.58,42.19,6.33,2.13,50.06,33.0,46.2,0.42,171,Unhealthy
20.45,46.0,26.96,21.67,1.341,34.43,12.3,76.0,2.64,76,Moderate
12.55,24.94,14.67,15.52,2.085,58.63,28.4,83.3,1.08,48,Good
72.75,81.25,24.51,13.26,1.716,52.77,28.0,74.2,0.9,171,Unhealthy
40.92,53.82,23.79,3.29,1.343,125.62,31.4,20.5,4.76,108,Unhealthy for Sensitive Groups
38.56,114.64,34.67,15.36,1.733,39.87,29.9,28.8,1.89,112,Unhealthy for Sensitive Groups
83.86,170.59,40.55,19.85,0.769,46.7,22.0,74.8,1.42,166,Unhealthy
52.78,119.07,55.7,25.07,1.429,34.94,5.6,90.7,5.03,143,Unhealthy for Sensitive Groups
59.69,130.32,42.69,4.05,1.69,53.52,11.6,72.2,7.24,146,Unhealthy for Sensitive Groups
36.42,34.93,102.47,10.8,1.378,73.05,4.4,37.0,1.14,101,Unhealthy for Sensitive Groups
68.94,159.26,5.5,30.48,0.414,36.34,22.3,28.1,0.16,157,Unhealthy
15.14,34.55,68.72,27.94,0.31,68.82,36.3,85.8,2.33,65,Moderate
51.78,75.91,26.31,12.54,1.297,29.69,17.6,27.4,3.77,143,Unhealthy for Sensitive Groups
49.54,79.15,46.38,3.16,0.437,83.31,21.0,31.3,2.66,133,Unhealthy for Sensitive Groups
13.22,21.47,64.39,26.21,0.454,48.57,19.1,64.8,3.49,59,Moderate
40.99,86.51,9.77,13.54,0.619,51.83,27.5,34.2,3.12,114,Unhealthy for Sensitive Groups
28.16,62.09,28.7,5.12,0.702,95.17,26.7,37.1,9.37,89,Moderate
55.49,62.67,81.07,11.16,0.642,49.09,20.8,30.7,6.03,90,Moderate
20.61,33.15,95.44,3.27,0.6,69.93,15.3,90.8,0.42,91,Moderate
66.39,90.67,18.21,26.08,0.773,77.65,31.3,29.4,1.81,145,Unhealthy for Sensitive Groups
81.97,153.97,37.71,1.56,0.26,92.53,36.0,89.8,1.82,168,Unhealthy
15.14,23.57,21.9,32.17,0.172,68.21,33.0,44.5,1.83,63,Moderate
18.71,52.44,7.05,17.24,2.512,52.08,13.5,81.6,8.01,58,Moderate
16.93,21.31,107.65,3.34,0.371,46.95,2.2,91.2,1.19,108,Unhealthy for Sensitive Groups
33.6,55.95,12.19,10.19,0.1,67.87,22.6,58.9,2.86,99,Moderate
64.92,91.55,188.71,9.13,0.519,41.03,38.8,77.8,6.8,149,Unhealthy for Sensitive Groups
66.33,138.42,9.91,5.54,0.108,73.51,5.1,40.0,0.16,143,Unhealthy for Sensitive Groups
37.18,118.79,53.95,15.85,0.196,65.03,20.9,48.7,6.32,101,Unhealthy for Sensitive Groups
76.9,123.92,84.62,43.09,0.825,30.83,41.1,61.5,4.34,167,Unhealthy
48.34,96.97,28.68,6.12,0.222,29.29,34.8,83.8,0.7,129,Unhealthy for Sensitive Groups
25.38,63.04,39.43,14.55,2.108,62.07,27.3,66.6,1.18,79,Moderate
21.0,42.42,24.83,13.72,1.454,52.82,13.1,21.7,1.12,61,Moderate
34.47,72.14,14.93,15.7,1.741,80.39,39.9,42.9,0.75,102,Unhealthy for Sensitive Groups
25.31,25.47,57.99,1.0,0.872,37.07,23.1,84.9,3.05,77,Moderate
39.18,88.78,46.46,33.97,0.274,78.29,2.5,38.0,12.19,114,Unhealthy for Sensitive Groups
21.69,48.29,18.73,72.11,0.597,79.0,39.5,47.6,0.55,65,Moderate
30.2,37.03,91.19,13.46,1.029,30.45,14.6,49.2,0.79,81,Moderate
97.44,114.99,50.13,24.55,1.894,54.43,45.0,31.6,1.03,177,Unhealthy
63.49,153.49,25.08,19.24,0.289,94.16,23.2,46.2,8.32,158,Unhealthy
62.28,180.9,25.67,3.93,0.843,70.02,29.2,81.3,2.95,151,Unhealthy
37.61,44.42,81.28,12.51,1.682,57.54,25.9,83.7,0.72,118,Unhealthy for Sensitive Groups
20.92,59.66,19.68,6.67,1.06,81.45,22.3,63.6,4.89,70,Moderate
69.98,113.78,33.25,11.4,2.512,47.72,32.9,70.9,7.69,157,Unhealthy
20.05,41.46,80.03,14.11,0.561,51.8,27.0,60.1,1.55,81,Moderate
68.38,164.18,92.79,15.04,0.58,64.21,25.6,23.3,0.57,160,Unhealthy
24.43,54.85,64.18,6.08,0.784,95.52,14.7,72.3,1.11,82,Moderate
33.48,63.39,10.07,15.09,1.253,36.98,23.5,94.7,0.73,92,Moderate
50.42,86.88,92.52,11.81,1.824,71.77,13.2,37.1,0.67,138,Unhealthy for Sensitive Groups
10.29,16.41,46.74,31.92,0.867,50.01,29.1,93.7,0.56,43,Good
27.73,54.52,33.7,23.62,1.917,91.07,28.4,94.8,6.26,84,Moderate
64.55,107.96,83.7,27.5,1.327,79.14,26.8,30.6,0.27,163,Unhealthy
56.62,120.72,42.36,29.12,2.98,58.09,37.4,89.5,1.6,150,Unhealthy for Sensitive Groups
40.74,78.0,18.18,4.95,1.087,74.93,33.0,70.7,0.1,113,Unhealthy for Sensitive Groups
43.15,75.43,120.31,22.77,1.433,45.59,45.0,55.0,1.04,119,Unhealthy for Sensitive Groups
73.7,111.16,33.53,4.7,1.273,44.16,34.8,45.8,3.68,159,Unhealthy
14.87,28.05,28.17,39.12,1.827,123.08,26.6,67.2,0.68,55,Moderate
19.76,25.45,101.24,22.41,1.128,50.68,22.0,83.2,20.0,102,Unhealthy for Sensitive Groups
54.28,66.04,67.65,4.34,0.656,64.45,10.9,22.6,0.15,147,Unhealthy for Sensitive Groups
16.96,44.39,50.98,15.54,0.261,50.18,38.8,60.2,0.44,62,Moderate
135.95,168.95,28.45,5.69,0.534,27.87,30.7,68.8,4.64,195,Unhealthy
33.48,46.94,57.21,8.5,0.621,34.48,20.5,21.9,11.19,100,Moderate
72.85,156.79,50.64,17.82,1.982,68.46,28.1,86.7,9.24,164,Unhealthy
11.73,24.48,36.19,7.45,1.588,24.71,26.4,91.4,4.8,53,Moderate
73.21,112.34,24.97,10.49,3.722,42.22,24.1,65.9,10.83,163,Unhealthy
39.38,60.48,17.05,29.64,0.846,76.31,34.3,28.8,5.51,104,Unhealthy for Sensitive Groups
25.24,36.14,67.83,11.42,0.338,65.66,9.5,89.9,0.18,75,Moderate
41.08,46.24,27.46,5.03,0.392,49.69,33.5,80.4,5.61,112,Unhealthy for Sensitive Groups
24.56,34.05,37.22,23.78,1.745,48.92,38.2,22.1,1.98,76,Moderate
43.45,74.31,6.5,23.45,0.502,34.26,13.9,63.4,1.83,117,Unhealthy for Sensitive Groups
15.39,20.61,60.3,15.61,0.166,115.73,5.4,28.6,0.1,53,Moderate
33.59,36.32,18.81,65.16,1.288,35.43,29.7,30.6,2.9,89,Moderate
71.99,153.66,50.67,10.05,1.666,85.26,34.7,34.4,3.34,157,Unhealthy
58.26,87.92,13.78,32.32,0.145,5.0,16.2,49.7,4.69,152,Unhealthy
20.13,41.35,31.05,6.69,0.552,81.88,11.0,85.7,1.18,66,Moderate
27.38,66.65,20.87,24.88,0.503,84.43,6.2,22.3,0.41,81,Moderate
103.9,140.82,19.03,4.18,0.898,36.69,35.8,71.7,1.74,177,Unhealthy
22.44,61.97,31.36,24.44,0.499,44.57,24.0,92.3,1.35,75,Moderate
16.82,21.81,8.43,10.53,0.794,86.7,38.0,68.1,4.2,62,Moderate
55.32,68.2,55.6,20.53,1.049,31.46,-2.8,81.2,0.78,151,Unhealthy
5.63,5.0,63.6,16.18,0.146,70.92,25.8,87.6,0.45,64,Moderate
32.1,53.28,16.06,23.14,0.708,43.07,36.1,73.6,1.74,90,Moderate
67.35,185.59,64.42,1.1,0.595,82.52,15.6,69.5,2.97,162,Unhealthy
36.91,85.72,31.59,11.72,0.71,106.56,32.4,21.3,0.99,101,Unhealthy for Sensitive Groups
76.43,117.95,14.7,30.84,0.709,34.85,14.5,58.9,0.36,160,Unhealthy
18.29,30.25,6.48,34.27,0.119,74.72,15.5,55.2,1.73,52,Moderate
32.66,55.99,77.5,19.75,2.83,84.46,25.7,59.2,9.8,91,Moderate
33.61,78.93,19.81,31.76,0.938,10.14,18.9,52.4,10.26,89,Moderate
58.8,128.68,27.03,11.22,1.781,85.11,38.7,88.0,3.7,158,Unhealthy
32.66,102.7,18.17,7.03,0.386,68.76,25.1,86.7,4.5,98,Moderate
100.14,142.38,72.19,14.54,2.119,76.03,39.1,29.4,0.68,171,Unhealthy
35.02,52.0,62.54,16.39,0.921,14.36,31.7,60.0,1.41,96,Moderate
44.55,60.82,39.6,18.77,1.387,78.6,15.9,92.0,2.78,115,Unhealthy for Sensitive Groups
34.49,55.87,10.19,13.53,0.198,55.43,27.2,64.9,4.16,93,Moderate
30.85,99.22,75.93,13.73,0.622,31.52,16.7,80.1,0.55,93,Moderate
47.14,36.74,63.68,25.65,0.98,77.53,36.5,48.0,1.84,135,Unhealthy for Sensitive Groups
19.9,48.57,49.82,5.55,2.842,80.28,39.6,48.3,0.53,66,Moderate
82.2,89.96,13.62,16.19,1.258,58.08,7.7,44.4,3.01,165,Unhealthy
26.24,50.24,13.93,19.78,0.295,69.07,30.7,21.6,4.44,81,Moderate
29.41,23.72,45.64,7.5,0.334,55.96,37.1,89.4,5.37,84,Moderate
10.72,18.24,35.81,10.32,0.167,25.62,33.9,46.2,3.95,45,Good
34.3,35.16,19.01,44.15,0.42,56.39,24.0,47.5,0.52,96,Moderate
30.72,42.42,13.85,15.52,2.143,90.0,45.0,77.0,5.29,93,Moderate
6.87,8.55,22.69,79.69,1.193,90.35,27.4,59.5,1.22,28,Good
26.66,67.79,20.53,14.52,1.396,39.36,10.2,47.2,5.42,74,Moderate
97.45,108.07,10.33,26.75,2.151,65.99,31.9,86.3,0.87,175,Unhealthy
13.77,11.64,55.11,2.45,1.42,61.92,35.9,81.9,1.94,55,Moderate
49.52,49.54,67.92,1.09,0.223,72.36,30.9,93.3,2.58,133,Unhealthy for Sensitive Groups
32.78,48.4,46.57,4.75,1.659,61.3,27.1,68.1,0.11,94,Moderate
46.46,132.75,7.96,29.49,3.276,78.05,11.1,71.8,7.02,123,Unhealthy for Sensitive Groups
66.84,128.8,22.41,10.53,0.231,49.65,8.5,44.3,2.15,151,Unhealthy
167.04,193.63,74.08,2.3,1.06,87.58,15.3,27.5,0.64,215,Very Unhealthy
50.48,93.93,41.7,14.28,2.093,46.72,0.9,27.9,0.53,139,Unhealthy for Sensitive Groups
21.37,41.7,81.4,27.26,1.739,64.81,40.3,68.4,3.48,82,Moderate
28.44,44.31,80.99,5.41,3.3,76.64,25.7,28.5,0.26,79,Moderate
22.24,53.92,25.79,28.62,0.479,65.43,21.6,88.0,1.74,72,Moderate
19.48,29.27,16.0,3.27,1.903,5.0,10.6,72.8,2.33,61,Moderate
132.41,139.33,71.71,26.68,0.865,67.48,12.2,37.0,0.8,191,Unhealthy
64.86,58.37,64.98,6.99,0.688,77.23,25.2,40.9,0.42,154,Unhealthy
42.53,73.76,51.34,36.49,0.497,67.45,22.1,73.2,2.02,119,Unhealthy for Sensitive Groups
18.91,34.6,41.24,42.15,1.935,83.53,26.3,81.8,1.25,61,Moderate
48.31,65.83,14.36,18.98,0.263,89.3,11.7,83.0,0.45,138,Unhealthy for Sensitive Groups
76.25,119.93,46.07,7.54,1.022,42.63,28.8,65.1,0.71,171,Unhealthy
33.19,55.83,47.55,83.01,0.506,17.15,37.8,31.6,1.91,94,Moderate
20.51,29.11,43.15,6.42,0.907,30.01,22.1,81.4,0.43,65,Moderate
73.92,141.24,17.46,46.57,0.758,61.78,32.8,79.4,8.25,154,Unhealthy
25.57,46.46,50.31,59.63,0.933,75.32,23.3,82.7,4.48,72,Moderate
23.63,20.17,8.7,19.62,1.2,56.88,21.2,31.8,1.18,80,Moderate
15.08,27.15,46.08,4.17,0.445,25.43,29.3,71.3,0.9,54,Moderate
29.48,71.64,29.18,18.23,0.266,67.42,20.3,92.0,6.22,80,Moderate
50.38,96.68,21.37,66.55,0.433,60.28,18.7,39.2,1.67,131,Unhealthy for Sensitive Groups
56.02,140.92,63.36,7.49,1.026,64.02,35.8,73.8,5.96,144,Unhealthy for Sensitive Groups
54.69,83.03,24.37,12.72,0.912,105.24,6.8,39.4,4.07,154,Unhealthy
59.55,127.46,40.43,1.0,0.438,80.46,25.9,43.0,0.29,160,Unhealthy
83.37,153.75,21.29,12.79,1.014,56.65,14.4,56.4,5.04,164,Unhealthy
19.98,42.58,37.34,23.97,2.018,26.85,43.1,87.1,2.33,65,Moderate
9.5,21.05,38.53,4.86,0.921,93.62,34.1,22.9,3.4,28,Good
73.3,136.8,29.55,45.18,0.41,15.84,37.8,94.2,0.74,152,Unhealthy
39.26,78.34,31.36,2.76,0.205,52.96,27.0,77.9,0.1,105,Unhealthy for Sensitive Groups
77.2,173.71,62.55,7.61,0.908,30.0,31.3,47.0,1.22,165,Unhealthy
49.38,71.53,6.5,38.95,0.373,49.8,27.1,46.6,0.63,147,Unhealthy for Sensitive Groups
32.5,38.01,77.14,11.87,0.661,57.73,19.4,56.2,1.71,97,Moderate
56.9,117.44,67.47,52.82,1.224,27.11,42.7,85.7,0.29,150,Unhealthy for Sensitive Groups
32.95,101.99,10.67,9.72,1.134,5.0,32.0,21.3,6.76,95,Moderate
49.41,91.71,8.09,18.67,2.078,35.84,16.8,61.1,0.38,135,Unhealthy for Sensitive Groups
156.94,234.33,11.31,64.75,0.128,26.16,9.3,24.2,4.33,205,Very Unhealthy
103.41,172.58,19.72,15.72,0.74,36.08,14.8,28.7,8.41,174,Unhealthy
79.89,83.21,14.92,22.46,0.762,52.93,25.6,71.8,0.48,154,Unhealthy
33.63,76.04,40.67,13.59,1.034,98.04,18.5,37.6,1.28,92,Moderate
31.76,55.81,23.93,12.33,0.299,45.03,34.3,23.1,3.94,90,Moderate
31.5,48.7,41.38,7.5,0.475,46.75,27.8,32.3,3.76,86,Moderate
35.88,114.59,50.95,20.15,0.268,57.39,22.5,35.6,0.11,102,Unhealthy for Sensitive Groups
27.44,39.03,54.73,10.62,1.099,76.55,25.0,77.7,0.22,85,Moderate
19.78,40.02,118.62,23.56,0.454,74.04,23.8,66.9,0.38,110,Unhealthy for Sensitive Groups
37.69,76.31,72.22,15.49,1.718,12.03,22.7,75.1,2.52,104,Unhealthy for Sensitive Groups
47.23,52.02,27.49,9.56,1.542,33.88,28.9,47.7,0.17,120,Unhealthy for Sensitive Groups
56.22,119.4,36.86,45.65,1.879,87.69,19.9,28.5,2.66,159,Unhealthy
28.05,34.13,121.46,6.75,0.605,46.97,13.3,80.4,1.26,99,Moderate
39.91,58.75,24.36,7.86,0.609,84.08,32.5,30.5,3.32,122,Unhealthy for Sensitive Groups
70.75,118.09,63.53,1.0,0.648,77.93,17.0,48.7,4.57,166,Unhealthy
59.03,142.94,122.84,11.15,0.414,5.0,37.4,39.7,4.7,151,Unhealthy
108.7,153.37,58.22,42.97,0.244,18.59,23.4,42.2,0.12,176,Unhealthy
35.12,42.36,15.22,43.84,0.354,51.67,20.5,65.1,8.82,93,Moderate
26.29,35.59,8.56,8.7,2.407,70.01,15.7,32.3,2.65,69,Moderate
45.81,91.69,18.09,21.93,0.55,53.31,21.9,53.4,6.78,128,Unhealthy for Sensitive Groups
26.46,56.12,23.2,26.15,2.855,55.13,28.5,67.9,2.86,80,Moderate
37.94,35.92,137.11,2.51,0.522,60.87,17.1,85.2,1.99,113,Unhealthy for Sensitive Groups
29.13,45.28,72.62,35.33,1.0,57.48,32.4,47.8,3.92,93,Moderate
52.08,112.11,26.42,3.18,1.128,59.18,13.9,43.9,0.74,132,Unhealthy for Sensitive Groups
23.89,40.8,14.53,9.38,0.884,5.0,34.1,47.6,0.33,76,Moderate
79.85,113.43,18.7,4.31,0.524,52.21,26.1,57.6,0.28,174,Unhealthy
65.61,148.85,138.45,18.55,0.1,51.98,20.5,43.5,5.67,151,Unhealthy
65.12,101.47,16.65,5.92,0.815,33.31,28.8,38.8,7.31,161,Unhealthy
23.58,41.97,76.45,7.52,0.408,40.85,41.0,48.1,5.05,76,Moderate
36.79,86.9,45.24,30.1,0.548,18.29,36.5,78.3,7.04,105,Unhealthy for Sensitive Groups
80.44,184.86,29.71,8.52,0.514,69.65,28.6,39.0,12.55,163,Unhealthy
51.32,147.06,9.44,13.79,2.404,31.18,34.4,83.3,2.24,133,Unhealthy for Sensitive Groups
64.6,137.01,51.33,3.12,0.335,56.98,20.8,41.4,0.5,147,Unhealthy for Sensitive Groups
51.37,87.35,130.26,1.94,2.808,47.73,18.7,65.2,2.81,136,Unhealthy for Sensitive Groups
49.87,78.97,13.53,16.34,3.241,55.37,32.1,92.8,1.31,130,Unhealthy for Sensitive Groups
104.42,126.15,45.79,8.15,1.676,82.76,27.4,91.4,1.28,178,Unhealthy
60.93,74.89,70.84,51.54,0.1,41.66,22.1,52.6,3.9,164,Unhealthy
51.97,103.82,105.53,69.67,0.235,57.5,33.1,25.1,0.29,149,Unhealthy for Sensitive Groups
167.02,277.16,5.0,3.51,1.939,75.95,25.4,87.7,0.11,214,Very Unhealthy
40.89,59.22,64.94,2.06,0.31,63.85,37.8,29.5,3.57,120,Unhealthy for Sensitive Groups
6.27,11.62,104.06,52.39,0.949,40.14,3.9,89.3,0.91,105,Unhealthy for Sensitive Groups
45.06,68.75,76.79,20.64,0.515,21.24,19.9,74.9,1.46,125,Unhealthy for Sensitive Groups
36.04,50.59,19.94,15.98,2.057,39.08,34.2,90.1,1.1,110,Unhealthy for Sensitive Groups
51.07,111.49,40.04,2.42,0.898,64.53,41.5,69.9,2.86,130,Unhealthy for Sensitive Groups
69.36,103.19,84.72,65.78,1.01,58.85,38.3,94.6,0.5,154,Unhealthy
5.44,5.0,54.7,5.66,4.183,75.94,18.7,55.0,3.83,55,Moderate
54.04,102.72,58.34,26.94,2.842,51.71,37.7,44.7,7.77,148,Unhealthy for Sensitive Groups
30.0,58.86,31.31,25.79,0.894,40.64,6.9,49.5,5.43,85,Moderate
25.96,56.2,24.9,1.78,0.1,22.87,15.8,46.3,7.13,73,Moderate
13.2,26.88,93.38,6.94,1.474,29.71,22.4,50.1,8.3,85,Moderate
72.29,113.97,37.7,2.7,3.545,33.81,29.5,86.4,1.4,158,Unhealthy
31.8,67.46,41.12,1.0,0.1,92.76,15.2,64.4,4.77,95,Moderate
59.21,67.65,18.37,11.14,1.61,30.45,23.6,74.4,2.05,159,Unhealthy
23.48,44.98,19.12,3.21,2.137,30.74,38.6,41.6,0.94,69,Moderate
38.18,82.7,25.51,5.69,0.892,42.2,13.3,94.2,4.12,106,Unhealthy for Sensitive Groups
36.08,64.17,57.59,2.31,0.973,85.8,12.5,41.1,0.84,97,Moderate
58.1,100.53,49.7,9.79,0.911,71.79,17.1,31.9,0.35,154,Unhealthy
25.64,68.87,38.04,51.19,0.279,53.61,45.0,78.4,3.66,82,Moderate
20.61,44.49,35.78,18.22,4.415,20.46,29.2,82.9,1.02,64,Moderate
50.22,76.52,87.69,7.92,0.184,56.71,16.4,49.5,1.1,130,Unhealthy for Sensitive Groups
48.57,47.96,99.57,12.84,1.625,77.52,34.2,60.6,6.39,141,Unhealthy for Sensitive Groups
50.32,81.81,14.08,17.05,1.544,90.81,6.6,51.1,0.44,137,Unhealthy for Sensitive Groups
75.84,109.0,23.29,17.29,0.314,5.0,23.7,42.0,4.34,161,Unhealthy
13.81,21.49,99.12,10.18,0.959,36.49,26.3,81.0,1.46,93,Moderate
53.48,117.2,24.26,6.46,0.251,58.19,36.1,76.8,6.71,144,Unhealthy for Sensitive Groups
19.83,29.43,40.31,26.79,1.303,86.98,10.6,56.4,1.74,63,Moderate
73.76,104.48,22.21,3.82,2.224,22.8,37.8,54.2,1.58,157,Unhealthy
57.83,121.84,68.66,27.14,0.992,28.19,35.3,33.5,1.69,147,Unhealthy for Sensitive Groups
36.21,44.86,188.11,8.74,1.551,43.97,38.4,67.8,5.45,123,Unhealthy for Sensitive Groups
28.8,28.64,22.26,35.59,0.352,20.53,13.0,89.3,0.1,82,Moderate
21.3,24.32,71.67,4.54,0.348,6.43,42.3,73.9,3.66,74,Moderate
53.35,86.14,19.56,4.42,0.925,108.57,6.2,58.0,0.69,138,Unhealthy for Sensitive Groups
66.14,112.87,70.92,14.27,0.226,49.24,12.5,22.9,6.41,163,Unhealthy
35.37,62.81,15.34,5.61,0.316,39.23,26.8,89.8,1.41,100,Moderate
6.6,7.45,6.5,52.78,0.499,25.91,21.2,43.1,1.24,30,Good
26.59,51.56,122.95,6.68,1.308,54.61,11.6,42.5,3.74,96,Moderate
33.71,47.51,30.46,5.03,0.344,41.78,45.0,55.2,3.85,99,Moderate
69.07,102.8,11.38,19.95,0.864,75.19,8.0,52.2,3.01,168,Unhealthy
43.86,115.66,31.34,55.39,1.61,28.64,7.6,92.2,1.2,122,Unhealthy for Sensitive Groups
43.08,92.13,52.9,23.32,0.561,55.03,28.3,32.4,2.83,132,Unhealthy for Sensitive Groups
73.61,94.91,81.08,17.16,0.576,53.95,24.5,71.7,0.17,151,Unhealthy
90.91,102.68,37.78,5.99,1.316,68.87,10.4,28.0,9.32,164,Unhealthy
30.47,46.52,30.48,11.85,1.023,50.9,45.0,40.8,1.81,91,Moderate
16.76,40.15,18.95,6.92,0.626,69.85,26.0,74.2,1.09,55,Moderate
40.73,87.62,39.99,8.46,0.398,62.86,19.3,80.3,5.92,124,Unhealthy for Sensitive Groups
34.42,70.08,45.64,29.09,0.487,76.9,25.0,55.2,1.18,92,Moderate
26.74,28.24,43.85,18.76,1.636,70.2,9.3,79.2,17.61,85,Moderate
152.41,412.32,18.36,9.38,0.562,50.83,35.9,90.1,3.52,199,Unhealthy
113.46,196.48,45.48,1.55,4.745,96.89,27.6,90.2,3.15,171,Unhealthy
20.01,56.86,9.04,72.55,0.436,42.66,22.5,45.7,0.49,66,Moderate
17.82,30.65,29.72,29.29,1.413,93.81,25.0,43.4,2.82,61,Moderate
23.59,51.03,26.6,6.69,1.462,82.63,16.1,74.5,0.51,77,Moderate
91.88,86.17,96.34,15.9,1.18,72.53,36.4,69.1,4.59,173,Unhealthy
93.21,92.19,50.98,5.07,0.205,55.54,18.5,49.4,0.45,166,Unhealthy
96.69,118.78,33.05,6.43,1.877,40.28,19.4,37.2,1.33,176,Unhealthy
26.64,46.99,43.31,5.89,0.842,62.79,27.0,66.4,1.94,81,Moderate
42.4,80.3,23.77,14.9,2.316,62.55,4.9,52.3,4.91,113,Unhealthy for Sensitive Groups
28.49,46.07,17.58,6.0,0.674,55.37,30.5,29.9,3.01,82,Moderate
108.98,180.99,61.94,14.31,0.666,71.46,24.7,67.9,4.13,178,Unhealthy
27.33,30.62,6.5,39.29,1.229,80.54,30.3,72.3,0.84,85,Moderate
16.27,35.96,25.59,3.56,0.844,37.1,22.6,47.3,0.81,59,Moderate
22.17,25.87,23.43,3.58,0.222,41.41,16.6,82.4,1.44,70,Moderate
38.74,61.67,23.7,46.28,1.638,26.23,26.1,25.5,0.1,105,Unhealthy for Sensitive Groups
77.5,135.45,72.06,23.81,0.179,67.29,34.9,57.2,5.33,162,Unhealthy
45.83,64.02,24.21,13.46,1.841,97.18,19.5,91.7,1.39,127,Unhealthy for Sensitive Groups
17.62,35.34,33.7,2.21,0.372,25.07,33.3,34.3,0.21,72,Moderate
38.9,70.44,69.18,1.65,3.353,39.05,22.0,32.9,6.17,104,Unhealthy for Sensitive Groups
35.45,64.33,65.66,4.96,0.215,23.83,20.4,48.4,10.31,69,Moderate
15.73,35.75,47.93,15.29,0.356,44.85,33.9,40.1,3.12,62,Moderate
26.82,42.63,34.12,31.19,1.795,6.47,28.5,36.6,1.32,81,Moderate
85.71,164.0,71.05,14.88,1.341,87.24,11.3,91.2,1.6,176,Unhealthy
11.26,24.17,14.01,15.75,1.906,76.82,23.0,45.9,0.89,46,Good
58.34,63.8,39.09,34.48,1.431,64.6,13.4,24.5,3.73,153,Unhealthy
95.56,116.47,26.62,19.81,0.834,82.48,30.3,87.5,1.32,169,Unhealthy
109.53,137.7,32.81,7.66,2.201,81.15,15.9,53.6,0.1,182,Unhealthy
132.31,233.18,20.3,12.65,2.821,58.37,26.6,75.2,0.14,190,Unhealthy
47.66,79.07,61.33,31.9,0.323,26.28,30.2,47.6,2.86,126,Unhealthy for Sensitive Groups
57.3,96.02,56.69,17.05,2.11,41.06,30.3,90.1,1.03,153,Unhealthy
35.32,54.87,38.23,49.35,2.084,57.8,19.5,41.6,0.55,107,Unhealthy for Sensitive Groups
17.97,19.15,59.68,6.14,0.381,40.57,25.5,69.7,2.41,60,Moderate
35.33,83.65,63.93,4.03,0.498,103.21,18.0,81.8,0.98,104,Unhealthy for Sensitive Groups
98.62,114.12,121.06,18.23,1.713,63.93,20.8,37.8,0.23,170,Unhealthy
3.99,5.0,8.2,14.55,0.565,62.58,15.5,80.1,0.65,18,Good
36.46,56.92,40.22,3.54,1.012,83.68,25.6,79.4,4.51,106,Unhealthy for Sensitive Groups
44.19,73.39,61.29,7.02,1.071,66.92,29.8,92.3,5.73,128,Unhealthy for Sensitive Groups
39.08,72.46,128.44,39.57,0.351,53.37,16.6,89.2,6.17,105,Unhealthy for Sensitive Groups
105.96,180.71,55.91,20.56,0.352,97.85,16.6,49.1,2.3,175,Unhealthy
57.01,99.2,48.12,7.56,0.293,70.86,41.0,64.3,9.04,149,Unhealthy for Sensitive Groups
16.15,11.91,6.5,4.76,1.367,47.65,16.6,89.4,0.49,63,Moderate
41.24,61.69,44.66,9.39,0.214,64.46,32.2,20.3,3.4,118,Unhealthy for Sensitive Groups
22.71,45.46,28.58,30.54,1.826,46.75,35.1,67.1,3.65,74,Moderate
29.25,44.95,72.96,14.08,0.54,39.49,27.8,36.2,0.16,86,Moderate
13.25,29.42,96.93,12.41,1.004,79.74,28.6,75.4,1.0,101,Unhealthy for Sensitive Groups
36.57,87.01,27.08,31.78,0.279,47.47,25.7,79.7,8.93,97,Moderate
82.52,197.3,32.6,3.77,3.401,40.82,11.4,73.5,4.27,165,Unhealthy
48.32,100.89,21.28,5.81,1.452,64.52,35.7,94.7,0.17,137,Unhealthy for Sensitive Groups
10.05,26.09,5.0,15.21,1.408,86.22,20.5,55.9,2.33,35,Good
48.95,85.77,29.56,12.39,1.515,7.5,33.3,62.1,3.14,132,Unhealthy for Sensitive Groups
53.91,105.48,9.52,10.0,1.317,41.89,24.8,50.7,10.85,144,Unhealthy for Sensitive Groups
46.57,71.17,13.76,33.04,0.323,5.0,29.8,93.0,3.78,126,Unhealthy for Sensitive Groups
38.22,99.02,36.17,1.01,0.414,5.0,27.7,89.2,3.05,116,Unhealthy for Sensitive Groups
31.3,53.99,15.78,4.21,0.82,61.19,20.3,94.0,7.18,80,Moderate
33.08,38.17,36.09,22.26,1.356,27.05,32.9,93.9,3.24,92,Moderate
31.71,25.95,118.8,8.52,1.636,79.14,11.6,87.2,8.07,107,Unhealthy for Sensitive Groups
91.54,216.97,25.14,66.56,0.45,29.98,37.3,89.8,2.04,173,Unhealthy
14.33,31.08,8.52,34.31,0.759,74.68,36.0,29.0,3.8,61,Moderate
5.73,13.53,100.39,8.57,2.961,67.23,22.3,33.0,3.0,16,Good
114.54,158.13,19.65,21.71,0.649,36.62,27.5,86.4,2.41,187,Unhealthy
46.37,64.83,25.85,20.77,1.884,47.41,22.5,74.5,1.18,133,Unhealthy for Sensitive Groups
16.6,21.85,74.83,42.56,0.182,64.34,16.7,85.6,7.02,69,Moderate
67.54,96.36,13.09,10.33,0.666,73.26,24.1,77.8,0.94,152,Unhealthy
44.77,85.66,17.49,7.38,2.119,94.09,27.7,30.5,0.52,117,Unhealthy for Sensitive Groups
130.49,170.93,16.13,19.51,2.464,65.36,38.3,88.7,3.73,178,Unhealthy
57.63,86.65,87.58,10.46,1.227,58.86,23.0,77.8,2.37,162,Unhealthy
114.33,355.26,9.54,23.89,0.1,60.58,25.1,62.8,0.91,181,Unhealthy
46.85,67.01,64.44,38.84,0.1,53.62,38.1,59.9,6.13,119,Unhealthy for Sensitive Groups
56.03,106.42,31.29,4.92,1.152,48.3,30.1,63.0,1.01,139,Unhealthy for Sensitive Groups
79.36,110.21,27.11,6.68,1.237,36.66,11.0,49.3,0.2,158,Unhealthy
212.61,372.16,33.82,36.1,3.621,69.65,24.7,80.2,0.1,260,Very Unhealthy
23.05,61.39,19.03,13.4,0.463,38.96,33.4,88.2,7.69,77,Moderate
36.63,38.82,22.68,13.86,0.269,64.3,45.0,39.0,1.54,108,Unhealthy for Sensitive Groups
80.36,79.27,6.96,31.44,0.784,59.13,26.9,22.9,0.72,165,Unhealthy
11.24,15.84,10.27,12.02,0.615,76.05,4.2,35.2,2.51,47,Good
29.38,35.49,50.86,26.95,1.478,65.92,6.8,76.8,2.01,88,Moderate
28.3,75.58,21.24,5.42,1.676,40.61,18.1,85.1,20.0,91,Moderate
98.53,147.03,48.87,8.94,0.762,32.27,15.5,46.1,6.58,173,Unhealthy
49.47,147.97,28.8,44.2,1.614,85.96,33.3,31.4,0.95,137,Unhealthy for Sensitive Groups
53.38,98.24,6.5,13.6,0.347,49.47,43.7,84.4,3.59,139,Unhealthy for Sensitive Groups
35.04,62.23,58.76,5.07,1.091,94.93,32.8,36.1,1.47,100,Moderate
121.99,294.9,11.02,4.87,0.1,5.0,34.1,38.1,1.36,182,Unhealthy
48.73,63.17,43.43,12.38,0.454,64.53,31.6,26.9,1.37,135,Unhealthy for Sensitive Groups
24.84,39.86,8.0,27.79,1.378,81.39,28.6,88.3,3.06,75,Moderate
149.37,198.39,71.94,1.0,2.865,62.18,17.4,44.5,2.32,201,Very Unhealthy
18.96,36.47,74.17,7.86,0.397,65.3,32.9,32.9,4.22,68,Moderate
109.27,196.44,35.89,20.85,1.115,74.3,21.3,91.5,0.5,173,Unhealthy
51.2,97.79,72.16,16.53,0.381,80.67,33.3,45.2,1.66,135,Unhealthy for Sensitive Groups
49.4,107.11,10.97,19.19,0.632,75.09,29.3,76.1,5.91,131,Unhealthy for Sensitive Groups
71.6,127.96,25.37,6.08,1.287,90.72,25.0,37.3,0.1,160,Unhealthy
48.96,83.38,51.29,14.96,0.313,48.18,17.6,74.5,2.93,137,Unhealthy for Sensitive Groups
185.97,179.07,6.5,32.43,0.631,101.77,24.3,37.4,4.62,236,Very Unhealthy
169.35,279.44,36.99,8.68,1.018,34.16,19.2,67.8,1.45,220,Very Unhealthy
30.53,40.73,55.63,14.26,1.079,83.95,7.7,53.1,6.45,90,Moderate
53.77,133.11,22.47,20.52,0.933,69.86,13.9,79.9,3.99,151,Unhealthy
7.32,5.85,61.24,6.31,1.018,116.03,27.9,74.8,2.79,53,Moderate
65.31,149.93,91.51,3.07,0.48,67.47,-1.0,90.2,0.66,157,Unhealthy
97.26,132.45,58.63,7.8,0.415,77.18,45.0,48.2,3.33,173,Unhealthy
5.81,16.16,11.12,21.47,0.324,18.68,20.0,76.6,5.38,28,Good
38.42,93.45,56.24,6.49,0.371,81.36,33.6,92.7,3.93,104,Unhealthy for Sensitive Groups
67.85,141.33,126.56,3.92,0.339,67.05,3.4,45.2,2.57,165,Unhealthy
49.06,86.44,34.67,24.55,0.946,78.41,15.2,41.8,3.76,133,Unhealthy for Sensitive Groups
11.86,35.47,23.68,4.9,0.381,36.18,35.6,77.7,11.3,43,Good
21.05,17.75,18.98,63.83,1.021,47.53,29.2,53.4,0.1,67,Moderate
46.08,50.1,53.51,31.36,0.774,64.54,21.0,49.9,3.27,130,Unhealthy for Sensitive Groups
31.69,48.51,33.39,44.38,1.17,58.22,44.9,60.9,4.73,91,Moderate
33.85,69.66,5.5,15.47,0.894,66.82,10.9,90.2,3.06,93,Moderate
10.53,21.88,43.03,6.21,0.823,64.13,36.0,26.3,0.96,50,Good
31.87,86.67,7.88,33.2,1.82,47.59,20.7,54.9,5.19,95,Moderate
128.67,216.29,166.91,3.5,1.697,54.02,16.5,28.3,7.34,187,Unhealthy
19.97,21.18,47.36,1.13,1.107,41.33,5.3,86.3,3.45,68,Moderate
33.46,74.25,27.7,19.24,1.673,128.93,6.8,30.3,2.15,100,Moderate
45.99,76.27,28.14,2.64,0.373,68.49,26.4,26.7,1.37,132,Unhealthy for Sensitive Groups
11.66,19.07,36.85,12.32,0.647,103.9,25.8,92.3,1.2,45,Good
52.14,58.23,30.99,11.62,0.666,33.99,17.4,62.3,3.85,145,Unhealthy for Sensitive Groups
95.47,141.84,8.45,26.94,1.052,57.79,23.0,81.9,2.8,181,Unhealthy
18.15,25.77,77.72,3.23,0.196,48.85,23.5,55.3,0.51,73,Moderate
46.98,49.22,38.27,2.1,1.097,69.9,20.3,52.7,0.46,131,Unhealthy for Sensitive Groups
91.29,120.07,88.18,10.74,1.364,65.1,15.0,88.4,0.22,171,Unhealthy
110.97,199.72,6.04,17.99,1.329,31.58,30.3,94.2,3.45,178,Unhealthy
33.03,59.39,13.43,16.54,0.178,71.9,37.5,66.4,1.13,90,Moderate
18.39,31.6,17.76,16.82,0.219,66.69,28.8,88.9,0.1,59,Moderate
7.92,15.69,11.42,10.54,0.468,67.36,29.4,84.7,1.24,31,Good
23.13,47.98,53.71,53.67,2.927,88.81,32.6,60.8,5.35,70,Moderate
10.02,31.67,21.45,19.74,1.117,83.69,22.7,90.6,0.85,34,Good
114.2,237.75,44.38,24.57,0.231,100.63,18.6,35.8,3.01,175,Unhealthy
87.91,139.33,24.97,7.16,1.174,68.47,5.1,86.4,1.74,165,Unhealthy
21.05,37.15,90.8,10.93,0.935,82.85,19.5,43.2,2.39,89,Moderate
28.61,41.71,75.83,5.19,1.296,55.24,18.7,22.3,2.72,82,Moderate
32.67,67.74,42.0,14.98,0.813,64.8,14.5,79.0,1.82,89,Moderate
58.48,158.32,29.1,5.3,0.845,74.53,27.3,89.8,0.18,157,Unhealthy
43.09,64.56,62.2,25.15,0.462,47.64,23.1,36.3,2.52,114,Unhealthy for Sensitive Groups
50.59,114.24,58.83,12.92,3.456,61.54,29.3,60.1,1.52,138,Unhealthy for Sensitive Groups
44.59,103.03,31.09,1.0,0.624,27.96,13.8,76.2,0.67,129,Unhealthy for Sensitive Groups
13.53,25.85,16.72,4.73,0.74,90.85,9.8,44.9,6.8,54,Moderate
32.95,81.56,21.36,41.15,0.545,91.58,31.7,31.0,4.0,106,Unhealthy for Sensitive Groups
41.75,54.9,51.31,43.4,0.1,29.67,33.3,49.4,1.0,118,Unhealthy for Sensitive Groups
16.08,15.69,9.72,21.99,0.203,88.94,16.6,54.2,2.32,58,Moderate
102.26,129.36,16.13,10.89,0.962,84.2,21.4,75.7,9.9,172,Unhealthy
32.99,57.47,100.04,36.89,0.602,68.0,27.7,34.9,0.84,98,Moderate
10.13,30.77,52.28,11.72,0.151,68.06,30.8,81.1,8.83,52,Moderate
22.84,74.26,21.5,35.41,1.432,74.31,7.4,57.7,3.45,76,Moderate
35.82,30.97,200.0,14.88,1.4,27.15,34.8,87.8,2.34,116,Unhealthy for Sensitive Groups
40.9,72.98,62.2,9.87,1.238,117.6,11.7,62.4,12.26,112,Unhealthy for Sensitive Groups
32.19,71.83,35.06,25.04,0.907,5.76,11.0,53.5,1.22,86,Moderate
38.62,53.46,66.19,4.02,2.54,23.44,20.9,41.5,0.98,108,Unhealthy for Sensitive Groups
56.03,92.06,26.2,5.31,0.564,86.54,20.7,28.0,1.24,153,Unhealthy
54.14,59.21,22.76,2.36,0.903,82.94,25.3,47.9,4.17,143,Unhealthy for Sensitive Groups
50.36,65.39,30.16,19.92,0.284,102.6,26.6,51.0,1.23,135,Unhealthy for Sensitive Groups
41.84,103.85,27.02,12.43,0.175,62.61,42.0,62.6,0.33,115,Unhealthy for Sensitive Groups
53.13,101.11,17.54,95.15,2.296,36.92,15.9,84.5,3.1,146,Unhealthy for Sensitive Groups
80.18,80.03,109.51,20.54,1.235,61.63,35.6,54.8,0.76,157,Unhealthy
23.38,32.38,24.89,9.56,1.118,81.31,10.2,43.6,0.1,71,Moderate
31.22,44.83,7.42,11.55,3.338,42.63,12.6,85.5,0.67,84,Moderate
95.3,109.18,47.38,16.5,0.134,33.34,15.6,75.0,5.13,170,Unhealthy
37.92,43.44,36.8,7.19,0.229,60.79,5.7,43.0,8.45,108,Unhealthy for Sensitive Groups
39.38,68.51,67.15,2.4,2.938,41.94,29.5,32.5,3.25,113,Unhealthy for Sensitive Groups
26.93,67.51,16.29,8.24,0.928,55.65,37.2,41.8,1.12,85,Moderate
176.43,234.24,70.3,13.28,0.911,44.56,34.1,29.3,1.72,224,Very Unhealthy
16.4,43.19,32.52,31.05,0.629,74.56,9.6,87.8,0.65,65,Moderate
16.16,49.99,55.16,5.36,0.878,48.75,45.0,65.9,6.38,68,Moderate
38.71,53.18,36.2,8.51,1.18,47.05,26.1,84.8,3.29,107,Unhealthy for Sensitive Groups
37.75,53.02,18.43,11.42,2.152,77.63,40.4,81.5,0.26,107,Unhealthy for Sensitive Groups
17.67,41.3,46.44,9.76,2.649,32.24,23.6,31.5,1.37,61,Moderate
29.29,44.51,10.28,13.42,1.56,37.35,23.7,53.2,2.32,85,Moderate
31.54,55.17,5.0,1.0,0.459,68.47,21.2,92.9,4.79,88,Moderate
27.12,29.06,17.95,33.71,1.84,38.13,45.0,37.5,7.6,85,Moderate
35.14,67.54,72.05,10.56,1.169,92.52,38.9,23.8,0.43,105,Unhealthy for Sensitive Groups
28.63,65.49,140.14,4.76,1.082,33.67,24.4,46.0,5.4,101,Unhealthy for Sensitive Groups
17.71,45.06,8.09,17.34,0.503,57.01,21.8,58.3,0.2,65,Moderate
31.91,72.57,70.14,29.75,0.814,38.3,32.5,24.2,0.83,88,Moderate
14.5,28.32,76.88,3.84,0.581,96.57,6.4,52.0,0.1,77,Moderate
17.78,30.87,16.25,17.99,0.1,33.59,3.3,39.0,0.2,64,Moderate
6.1,17.59,67.86,38.26,1.059,107.94,14.6,35.9,0.1,68,Moderate
36.07,72.44,8.08,38.5,2.997,62.08,28.8,39.8,0.47,103,Unhealthy for Sensitive Groups
36.83,48.25,39.37,25.63,0.487,55.39,35.6,27.9,6.28,102,Unhealthy for Sensitive Groups
80.93,93.54,48.72,7.34,1.101,7.84,12.6,25.7,1.0,163,Unhealthy
24.02,34.93,10.81,4.1,0.339,101.65,40.4,64.7,1.96,82,Moderate
35.95,62.97,65.1,5.3,1.699,72.7,19.6,91.1,2.0,102,Unhealthy for Sensitive Groups
24.47,34.4,32.75,37.8,2.208,29.52,29.3,80.4,16.06,80,Moderate
41.71,94.51,65.67,21.89,0.1,46.97,19.6,82.5,1.36,114,Unhealthy for Sensitive Groups
6.15,12.16,11.42,26.33,0.746,18.64,23.8,75.1,0.92,25,Good
37.32,81.67,145.66,12.5,0.607,40.55,43.1,91.7,9.91,114,Unhealthy for Sensitive Groups
16.48,44.21,38.6,1.0,0.726,57.14,19.6,91.3,2.69,55,Moderate
69.03,123.86,46.78,17.77,1.622,100.92,15.6,78.4,1.03,158,Unhealthy
47.4,79.68,48.08,4.74,0.712,122.29,31.7,73.7,1.02,129,Unhealthy for Sensitive Groups
69.51,98.3,52.03,31.75,1.937,73.33,34.7,42.9,0.27,164,Unhealthy
78.51,106.57,55.71,5.36,0.1,21.08,9.9,26.8,2.44,171,Unhealthy
27.07,55.7,24.96,15.98,1.006,118.23,28.7,27.0,3.86,86,Moderate
54.48,102.96,12.37,22.51,1.08,15.69,30.4,75.2,1.93,154,Unhealthy
16.84,17.96,9.98,96.95,0.257,81.47,42.5,22.1,6.47,55,Moderate
39.48,69.9,27.94,12.09,2.733,61.65,21.0,81.2,1.98,97,Moderate
59.34,94.88,107.84,12.61,0.642,90.82,38.5,47.5,1.28,155,Unhealthy
51.95,68.43,33.11,31.98,1.431,41.11,26.6,34.4,0.87,145,Unhealthy for Sensitive Groups
21.64,47.87,59.69,10.71,0.448,85.87,22.0,50.6,0.84,69,Moderate
86.38,141.63,24.93,8.6,0.364,96.28,17.6,72.7,1.14,164,Unhealthy
31.49,72.64,72.37,6.42,1.583,70.25,30.0,40.6,14.48,93,Moderate
21.99,24.07,60.38,14.12,0.405,60.33,13.3,33.0,1.34,78,Moderate
74.31,95.75,54.09,7.59,0.73,85.51,14.1,75.3,2.23,162,Unhealthy
56.23,97.75,55.79,40.11,0.491,93.55,31.0,86.1,0.96,156,Unhealthy
18.9,24.05,50.65,25.5,1.513,48.36,43.5,63.9,0.46,69,Moderate
35.84,79.34,59.42,15.23,0.594,44.13,10.8,59.3,3.11,104,Unhealthy for Sensitive Groups
9.96,19.67,27.53,13.93,0.292,43.88,17.7,76.6,2.36,47,Good
88.36,185.34,48.05,6.0,1.183,5.0,27.9,74.9,0.21,164,Unhealthy
36.36,87.99,10.91,12.4,2.531,83.33,19.5,20.5,6.43,100,Moderate
26.87,46.78,104.86,11.23,1.686,59.84,6.2,41.1,2.13,98,Moderate
56.67,154.99,66.0,55.03,1.721,52.9,16.5,89.9,1.23,152,Unhealthy
38.65,75.97,25.99,10.58,0.507,48.91,29.9,92.0,4.53,115,Unhealthy for Sensitive Groups
84.48,155.81,41.64,20.51,1.02,70.94,22.2,58.3,0.36,169,Unhealthy
41.07,64.2,88.28,21.53,0.637,43.43,28.7,62.0,1.93,102,Unhealthy for Sensitive Groups
18.6,35.81,26.6,4.56,0.323,82.44,11.4,20.0,2.39,79,Moderate
34.32,75.51,75.59,10.36,1.202,50.56,28.4,70.4,4.48,100,Moderate
23.21,46.05,43.56,24.97,1.102,31.31,4.0,35.9,1.39,80,Moderate
20.82,44.8,10.43,3.92,0.783,75.12,32.8,29.6,5.79,71,Moderate
12.77,30.1,62.14,65.2,2.078,38.27,38.7,42.9,3.59,53,Moderate
96.71,287.68,63.47,14.91,0.181,58.23,11.1,69.9,4.42,175,Unhealthy
60.67,98.79,37.48,7.48,1.377,83.38,19.3,52.7,10.43,148,Unhealthy for Sensitive Groups
40.91,115.14,9.19,3.0,1.223,61.21,10.2,46.2,5.59,116,Unhealthy for Sensitive Groups
83.25,135.85,67.87,46.08,0.123,62.71,25.9,74.5,1.28,168,Unhealthy
20.97,59.04,6.73,11.04,1.194,49.04,26.5,81.0,3.11,74,Moderate
17.2,27.05,11.69,20.17,0.169,64.21,11.6,85.2,6.09,60,Moderate
49.2,152.48,91.28,3.63,0.605,44.4,19.2,53.4,2.23,123,Unhealthy for Sensitive Groups
16.57,27.2,78.18,6.36,0.671,73.18,35.8,73.8,3.44,75,Moderate
48.48,92.58,28.84,30.42,0.47,51.6,30.6,86.4,0.57,136,Unhealthy for Sensitive Groups
11.57,9.2,48.89,45.1,0.446,55.29,27.0,88.2,5.08,48,Good
18.46,37.11,19.68,5.12,0.483,34.83,36.0,56.9,4.25,64,Moderate
24.36,48.51,39.17,19.67,0.959,72.93,43.1,46.6,6.59,75,Moderate
59.2,99.42,12.68,19.39,1.887,46.41,26.4,87.5,3.72,157,Unhealthy
129.39,142.09,15.99,30.41,1.29,32.67,28.1,39.6,6.28,196,Unhealthy
40.87,109.49,51.09,21.1,1.498,47.04,22.2,79.8,0.53,113,Unhealthy for Sensitive Groups
27.57,53.29,25.87,24.37,2.421,80.36,26.7,88.1,5.04,87,Moderate
68.44,161.42,20.47,18.86,2.106,74.5,17.9,75.5,9.17,162,Unhealthy
12.4,21.96,50.06,2.86,1.466,5.0,8.1,71.0,5.07,48,Good
15.5,38.41,15.82,17.44,0.234,42.64,33.0,23.8,2.87,54,Moderate
32.92,64.89,22.57,34.03,0.59,95.96,32.0,35.3,7.83,100,Moderate
62.76,71.17,103.24,16.29,0.107,91.39,25.7,70.0,0.3,151,Unhealthy
37.1,75.51,9.82,24.84,0.217,28.67,26.3,78.9,0.1,103,Unhealthy for Sensitive Groups
25.03,36.26,73.9,29.34,0.653,82.46,18.0,24.8,10.08,80,Moderate
42.34,62.97,200.0,27.16,0.923,24.04,37.0,21.4,3.45,115,Unhealthy for Sensitive Groups
75.27,140.65,9.63,17.38,1.901,39.08,12.9,43.4,0.36,160,Unhealthy
17.72,44.3,8.9,18.68,1.527,33.23,39.1,68.4,1.25,64,Moderate
18.39,36.27,51.88,32.99,2.284,78.45,30.8,58.4,4.14,55,Moderate
32.22,39.9,36.71,73.74,0.329,60.83,27.9,20.6,4.16,94,Moderate
106.17,177.18,22.75,5.81,2.225,72.67,28.5,31.4,0.56,170,Unhealthy
19.25,27.26,64.87,8.45,1.263,11.0,35.1,76.4,1.91,63,Moderate
42.25,41.28,32.57,27.52,1.704,82.09,19.4,42.3,4.94,117,Unhealthy for Sensitive Groups
11.11,16.79,41.35,56.85,1.043,100.9,32.9,28.8,10.22,36,Good
26.75,49.79,45.62,2.21,1.246,66.02,21.0,23.8,2.92,80,Moderate
49.74,106.6,53.47,2.9,0.903,109.66,29.7,83.8,3.05,129,Unhealthy for Sensitive Groups
15.09,34.4,34.06,14.43,0.701,81.77,9.3,55.4,1.9,50,Good
60.29,90.8,47.14,28.96,0.953,105.17,18.3,57.8,2.32,153,Unhealthy
58.29,51.36,9.94,14.53,1.201,54.25,42.5,24.6,0.31,157,Unhealthy
26.83,53.97,70.81,16.3,2.824,68.02,38.3,56.6,1.29,85,Moderate
36.05,100.54,21.27,5.2,0.483,43.04,41.5,68.4,2.12,99,Moderate
68.91,90.73,70.14,13.4,0.495,23.71,36.4,29.2,0.96,152,Unhealthy
9.47,10.66,36.25,7.35,0.612,39.68,18.7,87.7,1.34,38,Good
60.05,103.24,26.68,18.14,2.373,67.12,19.9,78.8,10.64,157,Unhealthy
79.93,157.33,31.01,11.08,1.912,28.51,34.9,80.1,0.1,165,Unhealthy
28.49,36.15,54.97,5.75,1.07,62.84,35.8,60.2,1.08,80,Moderate
21.79,57.72,37.98,46.96,0.809,5.62,38.9,45.0,2.63,69,Moderate
30.51,67.03,42.84,24.76,0.348,51.73,26.9,68.0,0.98,85,Moderate
63.19,129.85,19.26,18.41,0.186,66.51,24.4,36.9,3.39,141,Unhealthy for Sensitive Groups
13.77,36.55,11.03,6.33,0.713,42.38,37.0,30.3,1.07,59,Moderate
66.91,122.98,19.58,24.6,0.316,52.17,9.7,60.4,3.05,159,Unhealthy
24.72,38.91,22.38,4.64,1.835,59.5,23.3,55.9,5.69,85,Moderate
81.87,247.19,42.7,6.03,1.009,50.27,22.4,31.3,3.22,171,Unhealthy
32.16,66.45,56.02,13.34,0.859,67.14,22.5,59.8,0.15,94,Moderate
4.92,8.34,21.44,15.54,0.27,17.74,38.3,61.0,4.76,25,Good
46.1,84.43,27.36,8.64,0.617,30.34,31.2,85.4,0.72,125,Unhealthy for Sensitive Groups
54.8,87.17,9.28,2.13,0.877,34.35,26.2,76.9,3.02,150,Unhealthy for Sensitive Groups
47.97,93.98,27.52,10.23,2.391,54.7,9.7,36.3,3.12,129,Unhealthy for Sensitive Groups
86.47,172.37,23.45,42.86,0.921,105.19,13.7,81.3,4.88,167,Unhealthy
10.75,14.46,18.96,1.18,1.322,74.48,33.1,92.7,2.11,47,Good
25.48,32.79,48.17,21.55,0.445,17.1,27.5,73.7,1.41,82,Moderate
37.79,58.98,105.57,11.41,0.771,65.22,37.3,79.0,2.19,95,Moderate
46.31,106.33,39.2,3.03,0.224,46.22,17.9,40.0,2.37,131,Unhealthy for Sensitive Groups
27.34,80.97,59.57,38.39,2.105,48.63,25.4,94.4,5.17,77,Moderate
11.26,9.54,63.85,6.98,1.78,41.8,23.3,33.2,0.69,58,Moderate
35.66,69.43,28.93,49.56,2.762,53.0,33.9,76.3,5.63,92,Moderate
98.06,237.48,59.28,16.35,0.873,15.31,45.0,49.6,1.37,169,Unhealthy
18.23,30.64,120.62,18.16,0.111,56.95,19.4,46.8,4.09,111,Unhealthy for Sensitive Groups
48.4,76.96,14.62,10.8,0.801,67.89,4.6,41.4,1.23,134,Unhealthy for Sensitive Groups
67.07,95.73,82.92,31.98,0.455,39.95,29.9,53.1,3.7,157,Unhealthy
49.65,131.9,25.82,12.02,1.006,46.76,29.1,79.3,4.82,145,Unhealthy for Sensitive Groups
45.96,91.02,15.5,33.46,0.908,30.13,6.8,90.6,2.45,123,Unhealthy for Sensitive Groups
33.83,35.05,59.01,18.5,0.712,49.85,15.1,51.2,2.9,97,Moderate
19.54,37.13,46.29,10.54,0.431,62.23,20.6,68.9,3.69,72,Moderate
82.26,134.98,117.42,1.55,1.799,55.26,36.4,79.1,3.5,169,Unhealthy
72.43,150.92,22.05,40.82,0.365,76.35,14.7,27.5,3.9,163,Unhealthy
51.5,63.26,46.27,15.7,1.035,83.86,22.3,92.0,5.68,146,Unhealthy for Sensitive Groups
86.86,155.52,35.1,7.6,2.6,45.24,5.3,35.9,0.75,171,Unhealthy
11.08,24.22,19.94,25.29,1.713,54.19,29.9,88.6,0.73,49,Good
10.64,30.08,12.29,18.44,0.402,32.4,12.6,94.0,10.59,38,Good
5.08,7.11,24.55,18.48,1.084,47.93,45.0,27.5,5.72,23,Good
33.43,107.11,25.11,88.17,0.211,61.29,16.5,87.0,2.69,101,Unhealthy for Sensitive Groups
43.09,111.69,14.45,6.17,0.348,78.84,34.5,68.1,0.1,116,Unhealthy for Sensitive Groups
12.29,12.11,66.35,26.22,0.682,57.53,30.4,81.3,5.79,60,Moderate
83.7,118.33,64.57,40.21,0.749,67.7,16.3,28.2,4.18,165,Unhealthy
7.27,31.66,11.55,11.07,1.635,26.56,36.1,82.6,9.4,35,Good
47.85,80.91,24.2,5.86,0.734,66.09,4.8,67.0,0.1,127,Unhealthy for Sensitive Groups
54.94,92.78,37.64,10.87,0.882,38.27,24.7,58.3,0.1,145,Unhealthy for Sensitive Groups
45.61,64.21,62.62,18.16,1.585,99.24,32.1,62.0,2.19,116,Unhealthy for Sensitive Groups
8.69,14.86,25.26,35.45,0.422,105.37,22.6,75.8,5.81,32,Good
85.92,160.36,60.14,6.67,2.541,98.56,13.6,42.3,14.24,170,Unhealthy
34.64,64.31,56.61,10.94,2.193,36.98,40.8,90.8,1.16,94,Moderate
34.72,55.68,77.06,25.98,0.965,76.41,23.7,43.1,0.11,93,Moderate
25.37,48.78,19.6,29.84,1.479,5.0,19.4,85.8,0.65,77,Moderate
58.69,95.04,50.77,32.32,0.963,86.76,13.9,20.9,6.29,150,Unhealthy for Sensitive Groups
33.48,30.47,42.09,2.44,0.812,59.11,26.0,88.7,1.88,99,Moderate
15.36,34.64,72.99,64.03,1.102,14.44,22.9,83.9,5.76,65,Moderate
55.23,117.8,13.98,8.8,1.819,75.03,22.1,29.3,1.76,141,Unhealthy for Sensitive Groups
36.64,54.57,44.14,62.59,1.689,51.35,41.5,75.3,0.16,109,Unhealthy for Sensitive Groups
77.57,161.57,39.4,70.82,0.478,51.24,41.3,48.1,2.88,164,Unhealthy
38.47,76.8,29.87,1.82,0.85,73.17,27.5,56.0,1.72,102,Unhealthy for Sensitive Groups
21.93,31.52,25.12,25.32,0.288,84.95,31.9,25.1,2.03,77,Moderate
8.35,13.46,26.66,9.96,1.335,66.67,10.1,35.9,8.93,24,Good
33.52,107.59,80.48,14.49,1.492,5.0,25.9,91.5,1.83,100,Moderate
39.72,42.43,37.97,29.96,1.252,66.62,27.7,51.3,4.78,117,Unhealthy for Sensitive Groups
60.21,137.95,95.68,4.47,4.518,34.04,22.8,22.0,0.18,161,Unhealthy
32.38,41.08,38.81,9.41,1.028,71.95,20.6,58.6,1.96,87,Moderate
48.78,94.11,38.67,24.53,0.1,68.03,17.1,94.6,2.65,133,Unhealthy for Sensitive Groups
48.66,95.38,44.28,19.35,0.902,51.83,25.4,45.0,0.36,125,Unhealthy for Sensitive Groups
16.42,49.19,79.51,29.68,0.39,56.26,36.5,30.6,1.08,85,Moderate
34.26,43.87,79.74,9.01,1.601,13.6,38.1,68.3,4.04,100,Moderate
16.97,22.1,30.23,4.1,1.859,98.67,25.0,89.0,0.61,61,Moderate
85.69,144.14,7.11,69.27,0.718,66.3,35.7,84.4,0.41,162,Unhealthy
62.54,93.06,30.84,6.14,0.9,64.46,15.7,69.3,1.07,153,Unhealthy
12.34,10.46,82.18,4.99,1.135,65.63,30.6,33.8,5.88,81,Moderate
114.22,177.9,13.54,6.76,1.104,12.89,23.9,78.8,4.32,187,Unhealthy
16.39,22.95,9.34,16.74,1.864,82.42,18.2,81.7,4.5,63,Moderate
19.68,51.58,15.69,17.96,1.069,47.74,45.0,83.7,1.17,65,Moderate
25.68,37.77,11.48,2.58,0.86,60.69,20.3,50.3,0.31,75,Moderate
30.43,90.97,13.2,5.5,0.722,42.74,21.3,50.7,0.1,91,Moderate
59.22,85.57,5.26,32.73,0.246,27.12,20.4,31.6,2.65,157,Unhealthy
7.31,11.37,43.1,10.32,0.363,44.13,28.5,78.0,3.63,46,Good
49.97,97.18,58.6,18.78,0.341,52.94,38.5,75.3,1.42,132,Unhealthy for Sensitive Groups
34.07,71.03,32.01,5.89,3.882,57.37,13.5,27.5,2.26,95,Moderate
33.92,56.75,7.22,22.58,0.84,45.09,29.8,21.5,0.98,100,Moderate
32.91,35.84,21.68,5.59,1.481,55.01,28.5,91.4,1.36,91,Moderate
29.91,64.21,48.45,3.68,1.337,50.08,8.9,21.3,3.93,89,Moderate
34.67,59.92,48.45,13.83,0.117,23.37,38.5,67.1,3.8,99,Moderate
110.47,214.78,6.07,23.51,0.759,56.82,27.7,54.0,0.1,176,Unhealthy
35.84,44.94,45.32,24.02,1.232,56.81,32.2,78.3,8.66,108,Unhealthy for Sensitive Groups
75.97,128.85,18.37,16.22,0.1,40.23,4.3,26.6,0.94,161,Unhealthy
53.6,78.64,43.1,32.24,0.759,80.89,39.6,71.2,7.14,141,Unhealthy for Sensitive Groups
43.98,86.98,10.77,2.94,1.573,57.41,45.0,66.1,2.15,126,Unhealthy for Sensitive Groups
34.13,113.61,5.26,3.21,0.655,67.38,23.5,84.0,2.07,105,Unhealthy for Sensitive Groups
41.19,69.23,22.8,4.99,1.411,36.13,17.8,58.9,1.8,115,Unhealthy for Sensitive Groups
29.09,53.51,30.61,9.55,0.401,40.83,0.5,74.6,7.67,82,Moderate
94.66,86.41,20.53,13.37,0.616,50.82,12.0,52.8,0.7,164,Unhealthy
56.72,88.4,99.21,34.64,1.482,27.45,33.4,93.8,2.84,151,Unhealthy
14.02,34.65,17.92,10.36,0.786,11.73,24.7,62.0,1.15,67,Moderate
6.45,5.85,22.93,25.32,0.288,91.92,9.8,76.5,7.4,29,Good
98.58,246.17,33.97,21.6,1.582,43.61,40.3,27.0,0.56,169,Unhealthy
56.61,95.29,39.99,34.51,1.097,54.47,18.3,54.7,3.38,150,Unhealthy for Sensitive Groups
10.12,33.7,14.39,20.29,0.419,65.34,10.2,24.8,1.64,38,Good
27.54,54.26,44.82,36.32,1.462,52.87,25.4,29.1,3.25,84,Moderate
72.41,84.48,49.03,1.02,0.693,29.94,30.1,58.0,0.51,151,Unhealthy
43.27,56.23,44.86,10.64,2.211,84.27,11.6,46.4,1.5,121,Unhealthy for Sensitive Groups
38.9,57.74,42.82,1.71,1.853,46.35,22.0,54.5,0.34,109,Unhealthy for Sensitive Groups
58.45,88.68,32.32,4.97,0.907,74.24,40.4,57.2,10.4,160,Unhealthy
46.27,87.66,30.89,4.59,1.281,94.85,11.5,32.0,0.72,130,Unhealthy for Sensitive Groups
70.14,98.07,12.94,36.22,2.116,27.17,28.5,47.4,14.98,163,Unhealthy
75.49,138.35,46.72,11.32,0.899,80.13,21.8,84.5,1.63,165,Unhealthy
22.39,39.02,62.1,63.83,0.105,62.45,30.4,84.2,0.22,73,Moderate
23.97,54.19,38.98,10.36,1.27,37.2,14.5,56.8,0.1,78,Moderate
26.55,54.69,33.97,1.52,1.629,70.6,27.3,76.2,2.74,82,Moderate
19.95,53.92,48.15,9.51,1.674,62.6,15.5,76.5,2.86,61,Moderate
37.88,49.36,42.92,20.54,0.393,44.71,5.0,23.3,2.23,109,Unhealthy for Sensitive Groups
39.77,66.93,19.57,17.44,2.234,107.59,10.9,65.8,0.21,110,Unhealthy for Sensitive Groups
85.27,144.18,60.08,13.92,4.009,69.56,22.8,80.3,1.21,174,Unhealthy
44.85,72.59,22.29,18.63,1.651,32.66,27.3,64.5,1.33,120,Unhealthy for Sensitive Groups
45.37,51.67,16.74,29.59,0.685,68.23,37.1,60.6,3.66,118,Unhealthy for Sensitive Groups
18.9,42.45,17.61,1.0,1.157,55.44,28.6,59.8,1.63,69,Moderate
33.4,46.69,22.69,15.56,1.41,31.66,40.6,58.1,2.55,83,Moderate
103.06,200.26,9.43,4.52,1.525,54.17,23.0,78.4,1.01,180,Unhealthy
81.67,252.11,62.21,23.08,1.033,69.68,30.5,68.2,3.88,169,Unhealthy
30.1,30.73,6.27,5.33,0.329,36.81,15.2,36.2,0.14,87,Moderate
9.36,14.78,48.78,5.47,1.5,25.06,28.1,52.5,13.4,44,Good
27.36,62.27,40.43,2.82,0.504,25.61,21.3,59.6,3.08,77,Moderate
94.41,117.2,42.36,14.53,0.679,26.89,20.2,51.4,0.48,167,Unhealthy
27.68,69.13,35.59,1.5,0.422,73.35,25.7,37.8,3.79,84,Moderate
46.79,92.09,22.56,2.78,0.297,70.21,10.8,29.4,4.63,131,Unhealthy for Sensitive Groups
41.07,85.9,53.83,14.81,0.656,36.97,28.3,28.8,4.66,112,Unhealthy for Sensitive Groups
9.44,14.5,24.15,10.74,1.11,54.6,32.0,42.2,0.95,37,Good
42.05,60.74,26.49,10.62,0.559,27.19,18.0,50.2,9.56,118,Unhealthy for Sensitive Groups
82.36,132.36,13.71,1.0,0.404,43.8,26.8,71.2,0.1,168,Unhealthy
32.09,43.94,54.17,14.87,0.879,43.42,37.5,93.9,1.43,93,Moderate
68.56,87.78,46.47,16.04,0.133,67.48,32.5,87.3,0.33,159,Unhealthy
43.82,74.84,35.48,31.81,0.1,89.45,23.7,81.0,1.46,120,Unhealthy for Sensitive Groups
66.32,101.32,61.92,21.3,1.722,32.65,29.0,81.0,0.18,147,Unhealthy for Sensitive Groups
51.36,92.51,77.87,4.32,0.239,39.28,39.9,64.7,3.11,144,Unhealthy for Sensitive Groups
19.89,33.04,23.57,4.21,0.946,66.83,27.5,39.0,0.19,55,Moderate
33.63,50.37,55.24,33.85,1.738,24.0,34.5,55.4,2.87,91,Moderate
23.92,64.22,8.29,29.71,0.963,37.13,33.0,30.7,0.8,76,Moderate
30.99,33.44,44.25,12.24,0.442,81.41,25.9,62.5,0.59,87,Moderate
57.66,53.57,36.9,23.78,0.897,90.59,37.9,21.7,1.28,152,Unhealthy
114.12,243.23,57.4,27.14,0.495,36.72,14.9,34.2,3.07,188,Unhealthy
94.73,171.05,29.69,2.08,0.631,39.34,29.3,73.4,2.59,163,Unhealthy
102.48,121.64,95.32,3.42,0.179,76.75,19.5,40.8,3.42,176,Unhealthy
22.79,43.32,27.13,8.87,0.1,83.96,33.9,51.5,7.54,65,Moderate
79.62,150.5,10.54,34.31,0.592,52.37,24.8,82.4,0.68,162,Unhealthy
105.27,179.09,7.67,50.03,0.275,42.33,34.5,23.3,1.6,173,Unhealthy
24.47,45.41,59.13,15.88,1.258,72.58,32.7,21.7,0.93,69,Moderate
65.06,60.2,12.25,3.96,0.862,67.94,20.8,37.2,2.65,162,Unhealthy
50.89,107.74,45.86,4.79,0.633,58.09,30.4,71.3,1.0,140,Unhealthy for Sensitive Groups
35.33,36.29,58.35,9.49,2.718,104.9,29.6,37.7,2.45,106,Unhealthy for Sensitive Groups
33.67,78.07,14.04,9.3,1.093,65.2,23.0,84.8,5.2,92,Moderate
57.72,124.79,43.73,4.57,0.989,30.55,33.7,46.4,2.4,157,Unhealthy
36.96,55.95,98.83,10.51,2.171,69.51,23.9,41.3,5.46,106,Unhealthy for Sensitive Groups
70.77,105.05,28.9,1.08,0.365,41.9,17.2,37.5,2.84,152,Unhealthy
18.31,35.51,10.11,11.17,0.546,54.8,27.9,63.0,6.13,58,Moderate
38.75,71.43,25.98,5.91,0.322,78.19,29.6,84.2,8.0,103,Unhealthy for Sensitive Groups
47.37,121.93,77.99,5.62,0.849,80.58,-4.8,50.5,2.13,131,Unhealthy for Sensitive Groups
139.13,176.65,72.79,19.79,3.27,5.0,45.0,38.9,4.69,195,Unhealthy
73.5,106.48,11.8,20.67,0.551,44.8,45.0,51.6,1.9,167,Unhealthy
33.22,104.59,55.66,8.73,0.773,46.37,16.7,87.9,3.66,90,Moderate
45.12,62.31,93.92,3.35,0.237,58.92,31.2,45.1,0.11,127,Unhealthy for Sensitive Groups
30.98,79.86,23.07,14.73,1.748,37.02,14.3,69.2,10.23,91,Moderate
31.11,54.85,10.18,8.42,2.462,51.85,8.4,44.7,6.74,87,Moderate
9.13,9.04,72.05,25.03,0.562,57.05,20.4,70.6,6.71,73,Moderate
135.74,259.24,137.69,19.55,3.977,17.12,11.1,86.1,0.99,190,Unhealthy
40.12,80.89,19.74,22.27,0.121,54.78,30.3,64.9,1.0,113,Unhealthy for Sensitive Groups
27.58,23.13,69.88,1.0,0.712,83.4,33.8,91.1,1.55,84,Moderate
64.41,76.25,23.83,44.41,0.549,28.18,42.6,65.1,6.37,152,Unhealthy
24.74,39.46,19.44,15.28,0.903,62.75,25.5,93.1,5.87,79,Moderate
73.36,87.25,43.83,1.0,1.535,61.31,33.6,74.3,1.03,163,Unhealthy
23.89,45.46,17.6,9.87,2.356,14.09,28.9,69.0,2.34,81,Moderate
79.16,104.3,41.0,12.62,0.475,50.58,27.9,82.2,1.93,161,Unhealthy
30.67,73.48,73.83,36.23,1.116,57.24,15.0,20.8,3.16,89,Moderate
59.1,86.64,10.95,20.97,1.003,90.71,22.6,39.3,0.72,146,Unhealthy for Sensitive Groups
70.14,158.3,64.51,17.13,1.689,50.34,21.3,36.2,0.27,155,Unhealthy
25.97,41.2,37.6,12.92,0.616,68.89,30.9,28.3,0.1,76,Moderate
62.82,120.69,44.91,10.78,0.45,41.85,3.9,90.3,1.44,156,Unhealthy
8.65,11.48,35.04,1.93,0.51,67.04,35.5,29.8,8.79,39,Good
100.44,195.8,88.81,15.8,1.388,81.43,22.3,39.7,3.46,179,Unhealthy
90.39,177.34,56.07,4.61,0.166,18.13,18.3,45.1,4.15,174,Unhealthy
35.63,86.73,24.69,6.43,0.529,63.08,28.4,66.8,8.71,104,Unhealthy for Sensitive Groups
61.74,147.83,30.16,21.69,0.787,72.94,24.8,77.6,1.64,154,Unhealthy
94.07,140.1,30.72,6.0,1.091,56.29,26.6,65.4,1.93,163,Unhealthy
30.27,94.13,14.99,1.01,1.057,65.65,38.1,76.2,1.34,91,Moderate
48.84,95.02,89.75,10.1,0.336,78.54,7.1,50.2,0.6,129,Unhealthy for Sensitive Groups
25.1,45.42,30.84,1.0,0.23,25.52,11.1,94.7,4.36,77,Moderate
31.36,64.18,5.2,13.82,1.173,69.4,19.5,32.8,7.12,90,Moderate
14.92,24.5,58.84,23.44,0.484,89.42,39.0,50.0,5.04,52,Moderate
66.47,89.51,27.31,10.94,0.773,49.03,32.9,82.4,0.15,152,Unhealthy
79.6,87.61,118.56,1.51,0.38,43.95,23.8,38.5,1.07,163,Unhealthy
8.77,14.93,50.66,25.96,0.373,43.88,31.1,76.3,2.69,46,Good
94.7,128.32,97.03,38.28,1.283,67.21,33.4,47.3,1.19,170,Unhealthy
31.67,57.67,75.03,9.87,0.938,95.37,30.2,33.3,0.49,88,Moderate
137.52,396.96,56.25,6.42,0.68,111.77,35.8,50.3,2.32,198,Unhealthy
35.16,103.92,34.81,1.93,0.831,99.24,26.8,78.9,2.21,91,Moderate
112.58,180.67,78.52,14.27,0.552,51.35,29.9,28.4,3.71,190,Unhealthy
18.84,42.37,16.6,33.02,0.872,38.49,30.0,58.7,20.0,65,Moderate
24.5,72.27,46.02,2.04,0.66,21.48,20.9,75.6,3.13,73,Moderate
28.47,44.92,10.98,1.0,2.388,71.15,23.7,76.4,1.14,77,Moderate
12.43,20.12,34.79,10.18,0.525,133.45,30.1,49.2,9.4,45,Good
18.36,24.12,26.94,2.1,0.41,65.16,15.2,55.0,2.54,65,Moderate
45.12,62.7,52.03,12.46,1.849,68.57,17.8,84.3,3.11,122,Unhealthy for Sensitive Groups
38.77,86.5,18.59,16.38,0.694,58.92,22.4,35.6,1.33,102,Unhealthy for Sensitive Groups
17.31,41.05,10.36,17.17,1.958,73.9,25.5,94.4,1.8,55,Moderate
32.27,42.01,10.41,21.28,1.306,44.45,24.8,51.4,1.63,90,Moderate
22.4,37.08,11.24,44.2,0.365,68.12,24.8,40.7,8.26,70,Moderate
29.03,82.69,32.64,25.75,0.895,52.51,26.3,20.2,4.98,90,Moderate
46.07,104.48,33.54,27.43,0.272,71.93,22.7,29.4,0.29,124,Unhealthy for Sensitive Groups
32.45,89.97,18.54,2.81,2.263,59.7,18.2,76.7,1.13,106,Unhealthy for Sensitive Groups
20.07,41.14,37.09,13.62,0.407,72.98,25.4,68.7,0.17,68,Moderate
78.0,114.64,32.2,34.76,0.1,37.21,31.4,38.5,2.18,165,Unhealthy
47.46,110.44,44.0,7.21,0.321,87.25,33.6,89.5,0.98,136,Unhealthy for Sensitive Groups
33.08,81.3,26.51,24.86,2.607,84.31,5.1,82.7,0.23,88,Moderate
19.23,31.36,64.98,53.01,1.132,52.53,15.1,40.2,4.44,62,Moderate
66.39,117.24,16.35,4.51,0.891,45.9,34.4,44.8,0.29,155,Unhealthy
50.53,85.96,5.34,2.01,0.142,28.41,22.2,33.9,0.95,143,Unhealthy for Sensitive Groups
52.2,104.25,29.5,17.58,2.748,30.88,6.6,68.2,4.43,141,Unhealthy for Sensitive Groups
35.71,38.46,39.34,11.72,2.055,50.21,37.2,72.6,2.15,101,Unhealthy for Sensitive Groups
37.18,66.74,17.27,41.19,0.318,63.85,35.1,49.7,5.1,109,Unhealthy for Sensitive Groups
136.16,237.55,20.08,3.51,0.13,65.03,13.2,75.3,1.61,196,Unhealthy
36.78,38.52,64.62,33.59,1.48,103.57,13.3,94.4,5.06,111,Unhealthy for Sensitive Groups
11.88,35.77,40.5,11.21,1.731,47.2,45.0,65.9,2.32,42,Good
55.52,90.76,37.06,6.06,1.173,44.72,15.8,68.7,0.28,148,Unhealthy for Sensitive Groups
48.91,50.31,9.57,13.71,2.034,57.67,37.2,48.0,1.91,132,Unhealthy for Sensitive Groups
80.15,109.93,53.2,8.82,1.033,37.1,40.4,20.8,2.42,159,Unhealthy
27.33,62.73,28.38,12.87,0.484,98.23,10.5,91.5,2.84,85,Moderate
62.1,119.82,23.17,32.34,2.157,104.82,15.9,77.9,7.89,157,Unhealthy
98.62,178.59,69.75,56.59,0.465,79.81,35.3,72.2,0.61,164,Unhealthy
63.27,90.32,6.5,11.98,0.84,83.27,11.4,22.2,2.79,158,Unhealthy
18.17,39.6,31.7,18.73,1.149,55.96,14.3,76.9,4.18,60,Moderate
49.55,100.45,48.8,28.67,0.783,76.82,23.0,70.3,6.62,135,Unhealthy for Sensitive Groups
23.75,63.3,8.06,18.5,1.909,91.21,23.7,62.7,2.24,70,Moderate
49.07,96.78,10.02,6.54,0.489,51.96,35.9,66.8,0.72,138,Unhealthy for Sensitive Groups
30.25,47.89,77.35,16.3,2.32,95.82,30.6,88.9,5.11,84,Moderate
14.6,34.13,50.21,11.67,0.132,59.41,27.1,20.5,7.06,56,Moderate
37.44,64.35,89.24,1.0,0.124,57.54,23.5,31.8,0.34,108,Unhealthy for Sensitive Groups
19.13,47.9,66.36,16.28,4.603,38.07,14.5,87.1,0.78,67,Moderate
21.45,48.28,33.07,5.21,1.907,65.52,37.2,20.6,6.15,66,Moderate
72.88,92.83,115.73,29.16,0.295,88.0,26.4,87.8,1.99,159,Unhealthy
43.76,78.34,41.98,6.25,0.688,5.0,31.6,22.2,0.56,120,Unhealthy for Sensitive Groups
43.48,88.14,23.83,7.5,0.688,68.58,27.2,78.5,3.11,123,Unhealthy for Sensitive Groups
33.53,84.4,48.3,23.77,1.681,78.15,26.1,86.8,1.84,95,Moderate
34.26,59.19,70.57,9.48,1.387,62.98,26.0,65.9,10.32,96,Moderate
49.16,97.0,50.23,4.94,2.217,10.81,25.0,68.1,0.76,133,Unhealthy for Sensitive Groups
7.89,13.24,16.84,20.23,0.449,26.03,23.6,23.8,1.35,25,Good
60.56,135.19,60.2,72.92,1.771,58.0,19.0,35.8,0.55,158,Unhealthy
22.85,33.7,22.79,6.08,0.402,18.17,30.3,87.5,0.15,79,Moderate
41.8,128.22,27.16,26.27,1.163,127.13,36.2,81.8,0.96,124,Unhealthy for Sensitive Groups
39.4,69.52,20.01,22.69,1.168,92.44,27.4,24.5,5.14,112,Unhealthy for Sensitive Groups
11.69,35.05,13.03,62.64,0.782,34.08,41.0,81.0,0.93,42,Good
18.82,43.2,23.3,34.68,0.399,81.83,20.4,51.8,3.58,55,Moderate
52.42,95.62,42.27,12.82,1.264,76.75,45.0,62.1,2.24,144,Unhealthy for Sensitive Groups
162.75,174.37,133.42,19.83,1.74,50.94,29.4,28.1,2.2,209,Very Unhealthy
39.86,66.31,21.2,1.45,3.674,84.57,-2.7,49.9,4.56,109,Unhealthy for Sensitive Groups
93.13,160.83,27.88,41.18,0.815,7.84,44.1,52.6,2.89,169,Unhealthy
7.87,19.69,24.26,2.81,0.708,51.45,15.5,70.2,0.52,34,Good
31.93,65.21,43.45,19.64,2.248,46.93,27.1,69.3,0.75,90,Moderate
29.0,65.57,20.7,19.54,2.147,104.94,30.1,61.2,2.35,90,Moderate
43.31,102.49,40.71,22.58,0.191,35.99,25.7,22.4,5.6,116,Unhealthy for Sensitive Groups
26.62,49.05,15.98,4.72,1.789,77.13,23.9,32.1,0.5,80,Moderate
37.89,56.72,26.1,12.71,1.626,42.81,18.6,32.0,0.34,110,Unhealthy for Sensitive Groups
33.02,71.77,41.78,24.58,0.752,86.57,19.9,86.6,2.19,93,Moderate
63.39,121.83,53.36,22.72,1.036,49.21,36.9,87.6,0.63,161,Unhealthy
55.56,49.07,67.01,59.51,0.209,29.64,14.8,80.5,15.47,147,Unhealthy for Sensitive Groups
130.72,234.46,25.66,39.14,1.742,59.25,25.5,33.1,0.1,195,Unhealthy
33.2,70.18,16.31,11.47,1.495,81.1,32.1,83.0,1.79,89,Moderate
98.98,128.7,144.29,11.09,2.371,73.07,14.5,34.1,0.53,171,Unhealthy
91.04,213.4,18.29,5.78,0.448,22.68,29.7,61.6,3.43,173,Unhealthy
2.81,13.63,8.78,23.06,0.522,20.05,35.5,75.0,2.98,20,Good
48.06,76.11,15.94,1.48,0.79,43.91,28.5,23.9,4.94,134,Unhealthy for Sensitive Groups
32.39,65.02,8.96,1.91,0.16,35.38,36.3,64.8,2.49,97,Moderate
17.92,35.65,45.6,21.15,0.631,37.45,24.6,38.8,0.63,65,Moderate
64.07,178.68,25.53,31.54,2.195,48.47,16.5,57.3,0.16,154,Unhealthy
32.79,32.9,35.17,6.74,1.237,74.8,23.5,48.8,3.84,82,Moderate
9.33,22.45,29.62,24.9,0.168,53.09,11.4,71.5,1.74,34,Good
34.73,92.71,16.77,44.67,0.471,30.38,45.0,56.7,0.75,95,Moderate
113.58,221.53,6.5,29.77,0.44,37.07,24.9,42.6,0.87,176,Unhealthy
13.17,23.35,48.37,18.67,2.739,71.09,6.2,88.3,0.48,45,Good
52.02,155.3,18.07,20.75,1.377,57.22,18.5,91.9,1.0,149,Unhealthy for Sensitive Groups
7.89,11.39,10.28,23.88,2.198,42.2,23.0,80.1,4.71,29,Good
100.27,211.49,6.91,15.25,0.111,75.79,12.2,63.6,2.91,167,Unhealthy
49.29,110.78,75.72,9.06,0.832,80.18,12.1,86.3,13.12,149,Unhealthy for Sensitive Groups
19.64,16.26,31.98,15.97,0.436,79.14,21.6,65.1,2.23,71,Moderate
79.81,104.19,31.36,8.54,0.515,57.48,30.4,31.2,2.21,158,Unhealthy
34.14,28.97,58.39,30.4,0.667,37.51,34.5,21.3,0.64,93,Moderate
15.46,27.58,16.85,15.32,0.729,54.36,36.2,74.4,2.65,51,Moderate
20.68,33.86,7.0,5.94,0.634,42.26,19.1,76.4,2.81,61,Moderate
57.58,119.82,19.36,11.39,0.223,5.0,-1.7,89.4,0.69,148,Unhealthy for Sensitive Groups
18.39,46.02,38.18,6.33,2.782,54.1,42.8,81.8,0.28,66,Moderate
3.82,5.0,15.39,45.92,0.958,6.28,22.8,68.0,1.38,22,Good
21.46,51.78,12.56,29.11,3.406,41.85,20.6,34.3,0.57,76,Moderate
106.72,162.69,16.25,9.7,2.089,45.43,37.4,64.6,2.1,183,Unhealthy
65.14,197.82,33.71,8.04,0.531,98.62,21.9,52.6,2.24,155,Unhealthy
33.58,53.46,48.63,9.56,2.081,30.36,29.9,37.4,2.81,99,Moderate
25.17,57.09,46.06,2.87,0.262,65.83,27.5,79.9,2.77,80,Moderate
19.24,43.5,21.74,16.2,0.536,52.11,12.6,31.2,3.37,66,Moderate
18.62,33.47,17.9,3.67,0.695,71.52,14.1,67.3,0.79,70,Moderate
31.81,34.21,21.32,13.66,0.888,43.42,22.8,65.8,3.94,95,Moderate
44.78,71.81,24.76,28.82,0.563,20.53,24.8,42.8,2.23,124,Unhealthy for Sensitive Groups
91.63,102.26,7.38,43.29,0.794,62.68,18.8,52.2,1.73,165,Unhealthy
14.7,40.19,31.57,8.54,1.121,60.43,18.7,28.7,3.13,63,Moderate
27.44,33.14,29.87,7.89,0.828,64.69,24.3,21.9,2.09,76,Moderate
38.52,85.13,52.32,2.47,0.718,52.5,18.0,21.0,2.24,101,Unhealthy for Sensitive Groups
65.63,74.56,33.59,23.71,1.876,51.1,33.9,33.1,0.1,144,Unhealthy for Sensitive Groups
12.62,27.93,5.5,14.01,2.053,80.11,28.0,85.0,4.86,51,Moderate
102.2,247.21,35.86,6.53,1.288,77.81,19.7,59.2,1.66,177,Unhealthy
39.55,49.67,146.82,7.44,0.394,39.89,30.9,28.8,2.19,104,Unhealthy for Sensitive Groups
13.68,21.03,46.23,33.46,0.266,56.29,38.3,87.9,1.48,54,Moderate
14.29,32.01,70.89,1.0,0.872,29.95,26.8,62.7,2.41,74,Moderate
13.55,13.28,91.16,38.55,0.482,74.2,10.5,22.1,0.17,93,Moderate
75.25,124.29,15.17,5.66,1.131,71.55,40.7,77.2,1.45,158,Unhealthy
44.0,48.23,30.86,26.37,0.332,95.39,41.7,55.5,3.31,125,Unhealthy for Sensitive Groups
98.37,178.63,20.61,3.98,2.084,78.42,37.4,60.0,8.36,178,Unhealthy
35.11,85.3,50.14,19.45,2.874,64.47,31.3,66.0,5.68,104,Unhealthy for Sensitive Groups
59.5,153.13,12.82,11.64,0.904,124.48,30.1,27.1,9.88,156,Unhealthy
27.61,60.62,21.61,37.93,0.694,68.68,26.4,91.1,4.56,76,Moderate
59.39,132.43,58.42,11.16,3.101,73.89,26.0,39.2,3.0,160,Unhealthy
47.77,93.88,64.67,41.12,1.506,14.74,13.4,66.6,1.65,132,Unhealthy for Sensitive Groups
26.48,81.49,28.31,9.47,2.663,80.31,13.6,84.2,0.39,78,Moderate
15.83,15.56,56.53,25.14,0.871,120.42,16.2,44.9,0.87,63,Moderate
46.99,83.98,42.33,29.63,0.404,67.16,4.9,67.1,0.95,128,Unhealthy for Sensitive Groups
18.18,38.18,21.38,10.86,0.909,79.6,12.5,94.2,1.68,49,Good
76.28,106.98,11.8,14.31,1.882,87.73,24.9,83.9,2.82,167,Unhealthy
53.58,49.17,18.87,2.74,1.48,105.05,2.7,78.4,2.89,142,Unhealthy for Sensitive Groups
65.63,70.63,60.78,17.95,0.766,75.23,15.5,52.9,1.82,155,Unhealthy
43.58,89.77,41.68,26.52,0.281,20.44,22.7,53.8,0.96,120,Unhealthy for Sensitive Groups
87.35,190.11,78.29,44.3,0.708,65.72,17.3,56.4,0.17,165,Unhealthy
55.76,84.35,49.31,28.31,0.286,79.43,21.7,71.8,13.49,152,Unhealthy
33.43,106.55,43.0,16.44,3.079,77.44,27.9,30.8,8.42,100,Moderate
4.21,12.58,39.06,10.36,0.1,56.19,34.6,84.6,0.61,39,Good
81.38,181.15,18.83,13.14,0.448,50.81,17.6,21.4,2.79,159,Unhealthy
11.36,17.71,19.9,11.2,0.694,50.97,22.0,32.7,1.05,40,Good
10.74,20.92,11.71,31.11,1.416,56.27,2.9,56.1,0.65,42,Good
69.54,116.34,20.76,38.51,1.093,63.28,30.9,38.9,3.46,154,Unhealthy
39.03,71.65,72.39,11.03,0.129,73.56,16.4,47.4,4.63,105,Unhealthy for Sensitive Groups
13.94,26.08,63.82,21.79,0.506,69.4,28.4,44.9,1.57,57,Moderate
20.11,32.14,22.0,12.4,0.621,49.2,21.8,40.2,0.18,74,Moderate
63.01,191.05,34.08,1.91,0.626,30.28,45.0,48.5,1.54,157,Unhealthy
34.19,64.52,33.72,3.59,1.041,69.46,43.3,57.9,2.28,95,Moderate
43.64,58.88,84.25,6.11,2.294,52.76,31.3,55.7,6.71,121,Unhealthy for Sensitive Groups
29.81,37.21,33.06,12.43,0.204,100.18,29.3,80.9,3.21,90,Moderate
64.62,116.0,37.43,17.03,1.005,82.8,27.5,43.1,3.72,152,Unhealthy
46.58,65.72,70.26,44.84,0.275,68.52,20.4,41.1,0.68,128,Unhealthy for Sensitive Groups
57.24,124.1,18.68,14.74,1.721,41.11,17.3,57.8,3.82,140,Unhealthy for Sensitive Groups
27.55,38.83,105.22,15.34,1.247,26.22,15.6,23.6,2.09,102,Unhealthy for Sensitive Groups
163.28,248.47,67.93,26.43,0.136,60.06,18.7,28.4,5.15,216,Very Unhealthy
70.11,195.22,11.62,3.97,1.631,63.65,29.2,80.2,0.73,161,Unhealthy
55.16,58.61,128.97,17.26,0.979,16.58,22.6,57.0,2.17,149,Unhealthy for Sensitive Groups
63.25,88.3,91.99,24.42,0.157,71.84,4.5,25.0,0.71,148,Unhealthy for Sensitive Groups
25.32,56.82,47.81,9.53,0.796,61.23,45.0,53.0,1.01,80,Moderate
60.14,77.78,5.32,13.51,1.24,5.0,23.4,49.9,5.36,158,Unhealthy
6.82,12.06,27.98,10.72,5.013,38.6,45.0,38.5,3.49,33,Good
81.0,243.21,28.46,9.57,0.318,40.26,21.0,47.9,3.91,163,Unhealthy
46.36,90.45,30.06,16.12,0.505,29.5,22.5,34.1,0.21,129,Unhealthy for Sensitive Groups
18.08,29.06,33.53,31.29,1.094,69.69,34.3,53.7,3.91,62,Moderate
109.73,244.41,12.17,20.86,1.098,104.71,22.0,50.6,2.03,182,Unhealthy
119.13,175.21,26.4,36.76,0.89,71.59,29.0,65.6,1.84,181,Unhealthy
40.29,73.23,22.77,9.46,0.863,75.81,21.7,90.7,1.6,110,Unhealthy for Sensitive Groups
23.61,46.3,5.5,22.2,0.755,40.6,20.2,33.9,5.73,74,Moderate
40.09,88.25,47.55,18.06,0.702,72.74,40.4,51.3,0.59,111,Unhealthy for Sensitive Groups
55.05,99.31,86.92,30.92,2.398,55.42,12.9,62.2,5.05,141,Unhealthy for Sensitive Groups
52.46,94.27,32.99,23.26,0.369,60.02,19.9,61.0,7.91,142,Unhealthy for Sensitive Groups
18.08,34.1,48.16,35.45,0.557,44.91,43.3,69.6,0.55,57,Moderate
43.54,124.83,11.83,7.61,0.2,20.54,21.7,40.1,20.0,120,Unhealthy for Sensitive Groups
86.03,119.94,44.95,45.73,1.147,82.99,10.3,67.6,13.98,178,Unhealthy
11.86,14.44,33.1,9.49,1.838,64.03,31.1,35.1,2.91,52,Moderate
21.19,21.73,85.26,8.46,0.918,54.27,24.6,29.4,0.94,79,Moderate
24.56,60.42,74.17,21.46,2.49,105.64,29.5,82.4,1.68,77,Moderate
43.68,78.59,62.07,1.01,0.791,35.09,25.7,55.5,0.56,123,Unhealthy for Sensitive Groups
85.35,161.25,24.97,13.53,0.192,76.01,13.9,49.8,0.38,160,Unhealthy
100.98,177.52,24.21,6.71,1.323,111.33,27.4,89.6,3.65,176,Unhealthy
20.76,38.97,73.66,4.87,0.11,70.47,37.7,73.2,2.6,71,Moderate
48.98,76.74,13.28,6.6,0.414,31.0,20.0,70.8,2.49,133,Unhealthy for Sensitive Groups
60.61,166.74,17.12,9.19,0.722,84.46,16.1,34.6,0.85,150,Unhealthy for Sensitive Groups
129.88,277.43,45.31,6.62,0.384,46.36,23.3,35.7,0.8,189,Unhealthy
35.5,76.63,68.08,4.47,4.008,44.64,22.9,56.2,13.74,107,Unhealthy for Sensitive Groups
50.59,74.05,98.64,9.38,0.896,37.44,21.8,68.9,2.97,136,Unhealthy for Sensitive Groups
50.56,114.73,5.0,3.26,0.868,100.71,37.4,49.6,5.14,142,Unhealthy for Sensitive Groups
24.94,56.78,31.92,22.0,1.261,49.88,27.4,24.8,1.43,78,Moderate
54.82,61.66,41.0,8.55,0.366,37.0,41.6,71.2,5.57,149,Unhealthy for Sensitive Groups
6.66,5.0,16.58,4.78,1.385,91.17,27.3,78.0,3.84,34,Good
20.34,53.26,5.0,24.85,1.625,20.31,28.6,90.8,1.29,67,Moderate
70.05,80.29,40.78,22.1,1.285,61.61,45.0,50.7,3.79,158,Unhealthy
21.82,51.7,13.03,5.85,4.162,43.0,28.4,39.4,7.8,74,Moderate
86.59,107.03,57.37,55.23,0.518,75.16,22.4,89.4,0.72,162,Unhealthy
11.86,12.41,43.63,49.66,0.785,49.42,15.6,73.6,2.38,54,Moderate
84.52,107.63,7.05,26.09,0.193,24.72,16.5,24.8,10.2,164,Unhealthy
51.93,147.03,22.04,35.76,0.709,63.6,20.8,63.5,5.17,139,Unhealthy for Sensitive Groups
105.02,326.93,7.06,4.43,0.832,48.52,22.5,22.1,2.91,170,Unhealthy
33.34,62.02,42.46,20.21,1.164,81.05,4.4,37.0,0.22,90,Moderate
50.77,94.79,66.2,12.81,0.847,61.68,24.8,25.3,1.56,140,Unhealthy for Sensitive Groups
123.95,132.56,30.89,20.63,0.365,113.54,-2.3,35.4,3.16,191,Unhealthy
114.47,112.08,92.66,23.6,1.266,46.08,37.8,56.7,1.58,177,Unhealthy
94.57,143.9,50.85,23.95,1.124,89.32,6.1,42.4,17.51,174,Unhealthy
63.38,81.07,42.74,6.4,0.732,51.24,26.8,26.6,4.2,153,Unhealthy
93.78,212.55,33.29,74.58,0.547,56.97,26.5,56.2,0.62,163,Unhealthy
175.16,328.78,30.3,14.78,0.411,78.91,38.4,73.1,2.02,223,Very Unhealthy
45.67,148.05,21.4,3.99,2.222,36.46,26.4,24.0,1.45,129,Unhealthy for Sensitive Groups
32.26,66.41,9.21,28.97,1.56,89.72,24.0,86.2,2.7,88,Moderate
61.44,112.9,81.7,7.03,1.514,77.31,28.2,69.0,1.77,147,Unhealthy for Sensitive Groups
35.17,73.27,21.83,14.63,0.829,79.78,19.7,59.0,0.82,96,Moderate
41.87,50.38,116.58,10.61,1.795,83.39,19.9,49.7,3.87,113,Unhealthy for Sensitive Groups
53.43,134.86,40.23,20.81,1.022,74.47,27.1,49.5,0.34,153,Unhealthy
35.43,34.63,38.04,35.37,0.804,77.01,22.1,45.2,2.28,36,Good
61.99,101.61,39.12,17.39,0.401,92.91,31.4,28.7,1.11,160,Unhealthy
8.9,16.52,40.74,8.99,0.843,60.14,16.2,25.9,10.19,38,Good
103.98,125.96,61.24,50.96,0.1,55.53,34.5,43.2,1.09,177,Unhealthy
17.55,36.67,25.97,40.46,1.749,72.1,29.7,70.0,1.25,66,Moderate
17.19,20.89,75.03,75.7,0.35,62.5,25.3,41.6,3.68,66,Moderate
86.22,110.57,49.68,8.34,0.443,83.39,9.6,80.9,0.41,161,Unhealthy
124.93,151.56,66.6,4.43,0.611,106.63,33.4,48.5,1.18,189,Unhealthy
52.93,79.99,63.61,2.24,0.406,36.35,44.6,67.3,3.57,144,Unhealthy for Sensitive Groups
29.23,58.5,16.48,10.8,1.204,62.46,20.4,52.4,0.1,89,Moderate
33.91,46.07,83.41,18.56,1.949,33.42,33.6,57.3,1.12,92,Moderate
51.07,86.37,45.92,6.49,2.036,54.74,23.9,38.8,0.1,138,Unhealthy for Sensitive Groups
37.94,81.44,61.13,4.31,0.708,56.28,14.0,58.5,0.49,113,Unhealthy for Sensitive Groups
45.3,70.4,42.12,21.03,0.47,50.25,17.3,28.3,2.78,122,Unhealthy for Sensitive Groups
16.14,48.49,30.6,34.4,1.854,82.62,23.9,49.0,1.83,63,Moderate
15.87,15.54,20.54,1.0,0.28,68.97,29.5,53.6,0.51,60,Moderate
33.09,70.45,10.8,1.0,1.668,45.01,10.4,72.8,0.24,91,Moderate
50.06,104.63,31.26,14.25,1.246,82.66,17.9,50.0,0.17,142,Unhealthy for Sensitive Groups
22.9,30.0,52.46,24.07,1.174,57.15,25.3,69.9,0.27,79,Moderate
27.95,51.01,23.13,5.1,0.485,46.7,12.4,33.1,0.3,77,Moderate
36.35,79.92,6.19,2.68,1.556,34.54,28.9,21.9,0.27,106,Unhealthy for Sensitive Groups
21.74,30.31,74.47,31.96,0.892,23.37,42.2,57.9,0.17,70,Moderate
81.93,159.53,13.17,14.07,1.601,48.38,24.0,55.5,3.58,163,Unhealthy
54.94,79.77,40.84,5.73,0.169,61.46,32.4,70.2,8.5,138,Unhealthy for Sensitive Groups
25.01,42.34,106.4,53.41,0.1,83.19,12.2,43.5,5.81,100,Moderate
58.49,74.51,200.0,25.35,3.418,8.9,18.7,22.2,0.93,148,Unhealthy for Sensitive Groups
26.18,30.7,38.3,12.69,0.155,106.6,34.9,74.3,0.69,80,Moderate
52.08,93.96,54.7,30.0,2.196,40.76,11.4,90.7,0.15,136,Unhealthy for Sensitive Groups
16.61,28.45,33.0,2.14,1.447,50.36,17.9,49.6,0.51,55,Moderate
39.65,81.36,16.76,9.38,1.57,51.26,36.4,65.8,2.52,106,Unhealthy for Sensitive Groups
34.44,100.35,22.12,7.48,0.102,44.21,18.9,60.9,18.84,103,Unhealthy for Sensitive Groups
95.22,164.47,22.49,10.78,1.326,52.39,5.0,62.5,5.88,170,Unhealthy
21.8,49.84,66.65,40.68,0.866,54.04,19.4,85.1,2.17,73,Moderate
16.9,35.4,75.39,46.76,0.283,56.2,42.4,75.2,1.65,75,Moderate
11.76,20.32,24.61,17.25,0.516,99.63,39.4,77.7,0.48,45,Good
146.14,261.15,10.39,7.9,0.749,41.63,24.2,26.8,1.63,199,Unhealthy
43.92,86.58,41.02,3.8,0.678,105.85,22.7,31.0,2.71,122,Unhealthy for Sensitive Groups
60.47,165.79,12.89,42.51,2.807,73.63,45.0,69.7,2.72,149,Unhealthy for Sensitive Groups
33.46,43.16,17.18,21.89,0.642,21.18,15.6,60.5,2.45,95,Moderate
22.02,46.09,15.42,6.63,1.989,39.22,18.6,78.1,5.21,80,Moderate
30.24,86.6,14.48,7.34,1.118,36.24,35.6,27.0,2.14,82,Moderate
30.85,79.72,35.2,16.61,0.148,59.44,16.3,62.5,1.92,87,Moderate
78.07,124.43,66.47,2.02,0.258,92.99,28.7,56.5,1.09,164,Unhealthy
40.71,73.63,40.51,11.8,0.179,80.35,12.6,84.1,0.6,106,Unhealthy for Sensitive Groups
38.94,65.4,20.87,6.25,1.108,34.57,39.9,34.0,0.1,108,Unhealthy for Sensitive Groups
147.79,173.79,21.37,30.67,1.325,90.38,20.7,46.2,1.17,203,Very Unhealthy
25.95,40.67,40.68,16.03,0.496,33.92,18.5,31.3,3.01,77,Moderate
24.08,25.3,28.22,8.22,1.477,37.7,16.6,53.9,2.46,81,Moderate
16.14,43.68,26.93,5.45,1.101,86.22,13.5,86.1,2.27,54,Moderate
67.67,128.69,47.3,51.38,1.652,85.7,21.5,70.3,4.44,164,Unhealthy
52.13,54.84,31.02,44.28,1.128,80.38,1.4,75.8,0.8,152,Unhealthy
34.95,74.17,48.45,1.0,1.394,60.5,14.1,27.0,3.4,89,Moderate
19.38,34.45,38.27,47.13,0.558,58.13,25.2,53.9,2.8,73,Moderate
42.92,61.02,50.0,4.82,0.907,30.73,25.9,82.9,1.24,118,Unhealthy for Sensitive Groups
87.03,113.52,16.26,19.11,0.44,59.69,24.3,82.8,0.74,165,Unhealthy
107.36,137.87,7.52,16.74,2.864,43.16,17.4,94.1,2.48,172,Unhealthy
27.43,45.4,17.17,3.85,1.429,55.54,40.1,59.5,8.71,77,Moderate
34.86,66.85,63.66,27.0,1.076,117.37,33.7,20.2,0.24,102,Unhealthy for Sensitive Groups
56.99,111.95,42.3,5.67,0.181,68.09,24.0,87.4,9.17,149,Unhealthy for Sensitive Groups
32.71,67.74,22.78,16.58,1.939,32.28,23.8,91.7,1.88,84,Moderate
14.78,25.11,20.2,63.12,2.212,91.08,20.3,89.6,3.71,60,Moderate
38.48,35.3,57.28,11.07,0.288,93.57,18.6,77.9,4.88,109,Unhealthy for Sensitive Groups
16.41,40.8,43.02,13.29,0.838,95.86,23.4,35.9,0.49,57,Moderate
91.69,152.1,14.01,12.68,0.998,48.08,34.5,30.4,0.14,175,Unhealthy
40.89,42.7,13.89,6.7,0.361,57.22,20.5,72.6,0.41,117,Unhealthy for Sensitive Groups
41.14,83.79,53.79,1.32,0.598,28.46,37.8,30.5,1.25,117,Unhealthy for Sensitive Groups
24.57,35.6,22.12,11.21,0.532,98.98,18.5,91.5,9.41,67,Moderate
42.23,79.45,9.25,2.64,1.862,63.1,39.9,53.4,0.13,118,Unhealthy for Sensitive Groups
83.63,159.19,8.26,24.28,2.612,25.74,22.0,22.3,7.57,168,Unhealthy
75.31,136.41,44.04,11.33,0.739,101.34,31.8,31.3,2.47,157,Unhealthy
18.55,40.07,23.04,44.52,1.278,43.04,45.0,41.8,0.32,61,Moderate
2.91,5.0,71.21,9.17,0.145,50.14,45.0,72.8,0.5,58,Moderate
35.17,46.43,34.42,13.57,2.153,33.84,11.6,75.3,3.51,88,Moderate
25.29,78.11,19.07,14.18,1.319,29.83,35.3,36.0,2.81,82,Moderate
30.26,76.06,32.93,33.03,0.994,69.74,15.6,68.6,0.55,87,Moderate
26.12,61.36,102.73,13.06,0.813,42.59,28.8,22.4,7.04,97,Moderate
13.24,29.46,11.84,9.73,0.439,21.88,29.9,27.7,0.43,50,Good
150.36,191.04,77.43,8.15,1.863,84.77,33.6,60.1,2.15,205,Very Unhealthy
112.35,241.52,49.3,7.13,1.386,72.58,12.2,72.8,2.25,188,Unhealthy
29.34,40.19,21.76,3.03,1.649,104.7,13.2,88.6,6.13,91,Moderate
46.78,50.83,54.21,8.97,0.951,50.68,16.7,52.8,0.1,128,Unhealthy for Sensitive Groups
71.31,125.85,37.4,10.83,2.065,61.0,30.8,29.0,0.44,167,Unhealthy
42.43,58.74,30.59,33.12,0.472,65.29,27.5,89.7,0.56,113,Unhealthy for Sensitive Groups
30.46,26.22,28.06,32.1,2.446,63.49,29.1,52.8,0.19,83,Moderate
13.64,23.06,61.33,8.37,1.974,66.28,13.2,57.3,2.99,62,Moderate
43.26,54.38,37.11,2.7,1.11,51.98,26.7,84.1,0.78,123,Unhealthy for Sensitive Groups
15.11,26.88,15.78,5.27,0.361,14.94,18.4,63.9,2.58,58,Moderate
88.21,96.7,35.31,17.13,1.912,67.2,18.8,42.6,4.58,169,Unhealthy
30.52,60.5,7.0,6.22,0.45,74.38,23.7,60.6,1.58,83,Moderate
54.49,116.56,20.2,14.38,0.706,51.59,9.8,66.9,4.39,148,Unhealthy for Sensitive Groups
24.75,74.82,38.55,1.1,0.241,122.15,30.3,86.7,4.51,70,Moderate
84.97,114.72,18.37,36.81,0.369,48.07,10.7,37.6,0.92,167,Unhealthy
31.91,38.95,165.09,12.53,1.027,44.36,20.9,62.0,0.1,119,Unhealthy for Sensitive Groups
37.79,52.6,5.0,10.6,2.604,71.09,32.4,89.0,0.33,108,Unhealthy for Sensitive Groups
30.14,32.42,25.09,24.38,1.236,65.88,9.9,23.4,5.2,85,Moderate
26.73,53.67,41.19,9.34,1.291,20.65,11.0,34.6,1.56,82,Moderate
56.59,142.28,7.3,1.45,1.209,79.92,35.4,46.0,5.48,150,Unhealthy for Sensitive Groups
24.42,45.17,57.33,11.61,1.39,48.59,14.3,70.9,2.38,74,Moderate
39.48,101.18,39.78,12.63,1.504,90.96,34.7,83.1,0.66,109,Unhealthy for Sensitive Groups
68.83,139.48,21.2,15.87,1.878,69.99,29.4,34.9,3.74,151,Unhealthy
76.07,94.52,17.84,54.25,2.271,54.12,11.6,38.5,2.45,162,Unhealthy
27.57,58.87,36.78,21.52,0.556,91.87,26.7,81.7,1.3,82,Moderate
59.1,82.65,53.11,14.6,1.791,46.28,29.5,31.1,0.28,159,Unhealthy
7.3,18.67,13.84,25.99,2.634,26.61,11.1,39.6,0.32,32,Good
72.21,138.39,30.36,1.6,0.626,25.93,25.6,75.0,0.63,167,Unhealthy
206.64,328.72,12.43,34.88,0.405,66.07,33.4,32.5,3.35,263,Very Unhealthy
38.05,119.84,45.72,24.21,1.956,105.51,24.2,82.1,3.91,100,Moderate
88.63,214.24,92.11,36.93,2.501,56.44,26.5,56.8,2.99,165,Unhealthy
14.42,28.44,25.4,9.49,0.69,79.0,23.6,53.6,1.23,49,Good
14.4,31.5,15.2,18.73,2.253,67.79,35.2,30.1,1.74,50,Good
24.69,39.08,52.15,9.92,2.235,49.67,24.0,71.0,3.71,73,Moderate
27.97,87.17,51.53,51.52,0.774,18.56,18.0,86.3,3.24,93,Moderate
52.53,85.32,58.41,10.56,0.515,64.16,22.8,71.9,4.45,150,Unhealthy for Sensitive Groups
27.67,34.52,13.26,4.41,0.573,80.11,9.4,43.8,0.83,85,Moderate
55.66,80.91,6.5,5.44,1.045,71.38,-5.1,72.4,0.1,148,Unhealthy for Sensitive Groups
77.71,100.26,32.3,16.14,0.469,51.51,16.7,58.2,0.93,154,Unhealthy
58.97,108.96,48.51,23.49,0.344,46.78,40.2,84.0,1.28,149,Unhealthy for Sensitive Groups
33.18,58.98,25.51,5.5,0.531,44.16,35.2,54.5,9.7,95,Moderate
68.36,98.4,69.91,22.16,1.819,43.53,8.6,37.8,0.74,153,Unhealthy
29.26,36.9,19.68,34.68,0.853,61.13,14.5,27.6,5.25,92,Moderate
41.28,102.25,7.06,31.26,0.443,56.08,18.8,41.1,2.92,124,Unhealthy for Sensitive Groups
54.74,155.99,18.5,21.88,1.066,72.64,23.1,62.3,0.55,144,Unhealthy for Sensitive Groups
34.34,71.31,41.45,23.97,1.186,35.75,14.7,32.8,1.55,97,Moderate
16.43,25.09,15.33,20.03,0.296,59.34,18.9,23.0,2.14,58,Moderate
44.58,96.76,42.42,1.85,0.1,59.12,35.2,53.7,1.27,121,Unhealthy for Sensitive Groups
89.44,124.77,38.02,27.54,0.15,47.29,15.0,46.1,0.77,164,Unhealthy
79.98,110.91,99.9,9.06,0.608,67.69,30.6,51.5,0.87,160,Unhealthy
19.16,26.19,64.3,33.27,2.213,37.69,32.6,54.1,2.64,59,Moderate
48.48,104.68,107.98,7.1,2.675,89.82,45.0,77.5,3.5,135,Unhealthy for Sensitive Groups
36.24,41.38,12.51,10.17,0.125,70.6,18.1,92.1,1.9,105,Unhealthy for Sensitive Groups
73.76,226.27,57.84,17.41,1.304,73.61,13.8,39.7,8.53,167,Unhealthy
16.71,19.3,5.5,65.4,0.443,58.21,7.8,90.7,3.91,54,Moderate
47.91,98.55,49.41,18.13,0.505,51.78,31.6,37.1,6.67,124,Unhealthy for Sensitive Groups
24.41,53.2,5.35,18.12,0.667,41.95,29.3,76.6,1.94,69,Moderate
20.36,41.75,41.28,4.66,0.572,39.19,24.0,71.1,0.1,63,Moderate
70.32,145.54,38.91,3.44,0.484,21.77,28.2,23.9,2.69,166,Unhealthy
84.87,109.65,46.2,8.68,1.634,62.32,25.8,74.4,5.12,161,Unhealthy
7.49,18.24,5.5,23.35,0.879,77.47,20.9,87.6,2.31,31,Good
92.42,121.86,63.89,18.13,0.67,29.46,21.6,89.8,2.52,178,Unhealthy
29.77,68.44,5.61,13.72,0.491,93.07,24.0,71.4,11.06,89,Moderate
43.74,83.89,100.1,9.51,1.78,20.68,45.0,79.0,1.37,119,Unhealthy for Sensitive Groups
18.87,46.32,24.37,27.53,0.377,81.36,34.1,25.4,4.86,52,Moderate
63.17,130.9,27.02,43.85,0.377,38.86,13.3,32.1,2.11,153,Unhealthy
110.97,281.72,57.3,26.04,0.713,86.98,29.0,39.7,1.87,181,Unhealthy
26.6,50.16,34.25,37.34,1.883,79.07,24.9,59.9,0.47,80,Moderate
106.15,144.02,45.07,12.6,2.509,126.24,43.1,49.0,4.14,176,Unhealthy
50.44,86.88,59.26,23.6,0.797,44.42,37.6,69.3,5.2,131,Unhealthy for Sensitive Groups
21.9,64.81,11.81,55.49,0.406,5.0,24.0,53.4,1.69,80,Moderate
9.81,18.03,14.83,37.14,2.709,12.73,24.7,78.1,4.33,38,Good
115.35,147.1,46.1,49.02,3.456,54.85,13.6,73.5,2.61,185,Unhealthy
46.22,87.23,104.77,37.88,1.204,64.11,31.5,76.0,0.89,127,Unhealthy for Sensitive Groups
28.4,47.63,54.73,45.35,2.215,42.06,36.5,82.2,7.72,83,Moderate
35.03,51.48,62.91,9.2,0.505,69.1,26.2,82.6,3.58,97,Moderate
48.26,110.56,60.81,6.99,0.415,82.34,27.6,78.5,6.32,137,Unhealthy for Sensitive Groups
22.69,65.35,50.97,12.09,0.954,74.6,21.7,24.9,0.99,70,Moderate
21.18,55.11,58.26,10.24,0.866,59.01,33.8,66.7,7.44,72,Moderate
28.85,70.69,23.2,8.1,2.86,38.85,11.6,21.5,1.36,87,Moderate
28.25,46.93,10.99,45.49,0.655,80.8,13.8,75.8,0.1,80,Moderate
45.22,47.07,20.11,3.65,0.791,94.55,34.3,24.6,0.23,120,Unhealthy for Sensitive Groups
37.22,36.98,88.33,37.44,1.477,44.97,10.9,93.7,0.28,107,Unhealthy for Sensitive Groups
91.71,157.45,53.1,25.07,1.395,30.72,18.7,66.1,0.7,178,Unhealthy
135.0,324.86,5.0,9.65,0.276,88.86,22.2,33.6,0.62,185,Unhealthy
13.96,29.21,26.88,8.44,1.806,68.04,29.7,55.1,0.18,52,Moderate
5.79,14.87,5.0,6.36,0.484,67.54,26.5,82.0,6.77,24,Good
26.47,76.72,23.11,6.24,2.479,102.98,-5.8,33.5,5.29,81,Moderate
7.18,5.51,71.33,7.28,1.141,15.16,30.8,60.3,4.32,68,Moderate
11.24,23.18,48.2,6.62,0.889,54.7,22.8,20.3,1.96,59,Moderate
26.93,63.52,24.89,9.62,2.961,69.44,35.7,79.1,1.66,80,Moderate
48.04,96.57,29.93,7.18,0.344,110.37,15.3,34.6,1.66,124,Unhealthy for Sensitive Groups
36.11,74.53,20.7,8.29,0.255,58.77,40.8,49.0,0.91,109,Unhealthy for Sensitive Groups
3.43,13.74,8.35,61.81,2.215,47.91,13.2,59.8,2.81,8,Good
26.03,75.03,14.16,23.0,1.92,65.42,20.4,30.9,0.18,79,Moderate
34.23,75.4,60.53,41.23,3.182,78.27,37.6,89.5,3.23,93,Moderate
45.01,73.16,95.46,3.8,2.046,89.81,45.0,55.2,2.16,120,Unhealthy for Sensitive Groups
75.95,176.21,62.75,7.95,1.054,96.77,13.3,37.4,5.09,154,Unhealthy
54.63,159.69,46.37,5.86,0.5,12.18,45.0,75.1,10.81,151,Unhealthy
45.04,73.79,14.0,66.23,1.387,40.82,1.2,87.1,6.28,129,Unhealthy for Sensitive Groups
122.88,184.99,26.71,30.38,0.623,81.59,32.6,88.5,3.82,188,Unhealthy
34.95,46.59,37.51,12.77,0.195,66.52,42.6,52.3,1.7,106,Unhealthy for Sensitive Groups
39.32,78.18,24.36,34.11,0.407,70.88,14.7,47.0,0.72,106,Unhealthy for Sensitive Groups
49.86,81.86,18.02,12.34,0.465,44.37,37.3,89.7,3.28,134,Unhealthy for Sensitive Groups
12.15,16.31,38.81,12.66,1.278,66.02,19.9,24.0,0.68,47,Good
42.79,52.09,41.52,7.08,0.178,54.2,17.5,76.3,0.1,121,Unhealthy for Sensitive Groups
10.22,20.61,26.05,11.06,0.218,71.86,11.4,33.3,2.55,43,Good
19.13,45.61,68.0,13.7,0.555,72.71,24.2,54.9,1.5,58,Moderate
54.83,78.41,29.99,5.52,0.428,68.12,26.4,91.5,6.26,155,Unhealthy
13.89,41.86,30.36,38.32,1.059,66.88,13.1,63.6,3.11,50,Good
53.26,95.28,9.86,36.04,0.645,55.76,39.2,59.3,3.13,136,Unhealthy for Sensitive Groups
21.16,26.62,53.44,8.06,0.681,99.73,18.9,24.6,4.65,63,Moderate
30.09,38.87,71.71,1.19,1.621,87.97,24.6,40.8,1.23,94,Moderate
53.94,72.9,7.8,12.12,1.821,61.39,27.3,20.2,9.52,154,Unhealthy
29.49,51.63,36.58,12.81,0.479,81.49,45.0,85.6,0.75,86,Moderate
38.16,87.89,19.93,30.72,1.295,110.69,37.8,68.4,6.16,111,Unhealthy for Sensitive Groups
51.84,98.15,55.6,15.92,0.377,37.42,33.2,28.9,7.25,136,Unhealthy for Sensitive Groups
40.1,50.74,43.56,1.77,1.583,42.55,20.6,47.3,0.12,115,Unhealthy for Sensitive Groups
54.43,64.65,43.62,11.79,0.327,62.15,28.7,80.9,3.0,149,Unhealthy for Sensitive Groups
25.97,40.01,41.42,16.65,1.935,67.83,29.8,30.5,4.15,73,Moderate
42.82,132.28,79.48,7.56,0.1,46.64,24.7,37.3,9.23,118,Unhealthy for Sensitive Groups
33.24,70.53,10.54,32.37,0.349,77.64,34.6,60.6,0.87,95,Moderate
93.16,191.25,5.5,32.32,0.546,57.96,45.0,30.9,2.48,166,Unhealthy
42.76,97.74,53.91,15.18,0.659,87.32,13.9,48.7,4.45,122,Unhealthy for Sensitive Groups
34.0,46.08,16.66,37.74,0.274,43.31,29.1,93.7,0.48,91,Moderate
70.36,119.35,73.48,1.0,0.507,38.51,28.9,60.8,5.75,162,Unhealthy
95.64,114.92,57.46,19.8,0.722,55.12,22.6,72.6,1.55,180,Unhealthy
30.69,51.23,19.11,20.83,0.1,56.23,18.3,69.7,3.06,92,Moderate
27.06,37.7,170.17,10.19,1.111,37.61,17.8,35.9,0.13,118,Unhealthy for Sensitive Groups
2.11,13.76,64.72,11.09,1.128,62.65,45.0,83.5,0.76,66,Moderate
46.96,57.01,34.23,8.6,1.906,43.62,26.6,29.2,1.95,133,Unhealthy for Sensitive Groups
30.98,61.55,38.26,43.2,4.262,107.5,35.1,89.1,1.02,88,Moderate
59.38,65.8,76.02,26.06,0.346,58.51,22.2,36.2,9.5,155,Unhealthy
60.2,136.72,12.48,14.7,2.169,69.21,29.3,91.6,4.75,155,Unhealthy
13.89,17.05,50.51,12.86,0.225,28.85,30.2,79.8,6.0,47,Good
54.48,134.94,24.51,45.43,0.679,73.75,22.6,32.8,1.88,145,Unhealthy for Sensitive Groups
24.22,47.77,91.0,1.14,1.159,39.86,27.6,32.0,1.93,86,Moderate
36.41,52.01,7.61,1.24,1.152,82.85,37.8,26.3,4.91,100,Moderate
38.88,105.46,32.18,61.93,1.841,21.49,13.9,38.6,1.47,114,Unhealthy for Sensitive Groups
16.54,35.46,11.28,10.97,0.608,59.21,27.3,69.4,1.97,57,Moderate
19.83,23.45,37.13,3.49,0.942,85.82,30.7,59.0,2.26,64,Moderate
15.32,37.34,34.37,1.33,1.015,64.39,33.0,66.0,2.8,57,Moderate
93.32,144.66,48.42,46.58,2.437,56.5,34.6,22.3,3.15,169,Unhealthy
32.73,68.76,64.64,5.18,0.853,93.42,32.2,26.0,3.43,89,Moderate
18.34,31.36,64.54,4.24,0.589,39.47,36.9,71.9,1.76,64,Moderate
11.96,18.45,15.28,19.12,1.654,30.73,20.9,83.6,1.05,49,Good
51.68,154.8,5.0,27.74,0.849,33.91,39.6,47.0,7.58,137,Unhealthy for Sensitive Groups
20.54,30.24,6.65,18.39,1.892,34.86,26.2,32.5,5.26,69,Moderate
22.04,56.49,15.85,18.42,1.89,70.39,33.7,43.1,0.1,69,Moderate
32.0,46.68,30.25,5.96,0.129,52.47,11.9,50.9,2.16,96,Moderate
31.24,39.86,32.03,19.23,3.99,84.59,31.6,67.3,0.96,82,Moderate
10.18,12.89,50.35,40.39,0.245,71.51,26.5,50.7,3.09,44,Good
46.16,115.8,56.63,20.54,1.005,69.13,22.0,87.3,2.1,127,Unhealthy for Sensitive Groups
36.17,64.57,22.79,6.7,0.488,16.59,37.9,50.1,0.1,100,Moderate
37.87,61.77,44.9,28.74,0.457,74.31,27.2,33.6,3.9,99,Moderate
78.52,111.39,47.8,7.13,0.319,91.24,27.0,38.6,0.97,172,Unhealthy
6.17,13.45,75.51,15.13,1.718,62.59,10.7,54.9,0.9,73,Moderate
48.6,120.49,31.85,15.79,0.629,35.83,18.1,78.7,0.1,127,Unhealthy for Sensitive Groups
149.71,350.88,92.57,62.6,2.11,21.19,26.8,85.2,5.29,203,Very Unhealthy
40.53,114.49,42.2,21.18,0.61,84.9,18.3,33.9,2.59,111,Unhealthy for Sensitive Groups
94.07,118.95,72.04,5.0,0.599,62.55,39.5,20.3,1.99,176,Unhealthy
70.29,162.56,20.0,4.43,0.362,26.01,22.1,85.2,3.38,156,Unhealthy
65.29,100.19,81.91,15.73,0.77,69.55,15.4,37.1,1.27,160,Unhealthy
57.47,156.68,74.89,44.51,2.056,59.46,13.8,81.6,2.53,152,Unhealthy
79.44,102.68,48.63,1.0,1.162,99.73,23.7,61.3,0.86,163,Unhealthy
81.39,180.91,26.96,15.96,0.872,39.87,33.5,50.3,0.2,161,Unhealthy
11.94,29.77,53.49,40.2,0.106,69.32,15.6,31.0,2.47,47,Good
59.67,142.83,44.56,25.05,0.39,89.66,14.5,70.4,0.75,154,Unhealthy
35.81,40.09,123.08,52.79,0.1,71.54,19.2,81.4,4.16,103,Unhealthy for Sensitive Groups
66.55,118.98,37.96,11.56,0.272,56.07,24.3,54.6,1.8,151,Unhealthy
42.82,68.34,24.71,4.48,0.799,51.57,14.4,53.5,0.86,115,Unhealthy for Sensitive Groups
19.16,26.7,47.29,11.39,1.212,52.2,26.2,76.6,2.81,68,Moderate
72.19,113.93,13.48,5.27,0.384,47.32,40.6,57.5,0.37,163,Unhealthy
22.1,33.69,26.34,60.24,0.333,42.48,24.9,78.9,4.3,76,Moderate
25.15,34.96,5.0,16.99,1.489,88.42,20.9,24.1,1.81,76,Moderate
113.54,199.48,32.96,20.32,0.911,86.22,36.2,84.3,5.02,189,Unhealthy
34.36,66.79,54.28,4.62,1.625,78.2,13.5,39.7,0.45,102,Unhealthy for Sensitive Groups
39.63,83.11,155.18,7.98,2.387,65.54,30.3,32.7,1.45,111,Unhealthy for Sensitive Groups
48.16,82.38,32.74,31.78,1.084,64.7,25.3,22.4,0.6,132,Unhealthy for Sensitive Groups
39.03,51.29,66.57,13.94,0.54,20.88,41.9,82.6,0.19,112,Unhealthy for Sensitive Groups
64.53,133.73,30.88,9.88,0.687,77.41,37.5,24.5,9.33,151,Unhealthy
39.89,30.09,32.24,16.37,0.755,60.32,5.4,91.6,3.89,104,Unhealthy for Sensitive Groups
41.71,89.47,14.71,10.07,0.672,30.08,27.1,62.4,1.18,117,Unhealthy for Sensitive Groups
73.37,103.2,114.1,1.0,1.173,86.21,10.4,72.4,0.85,160,Unhealthy
57.75,69.69,8.48,3.0,0.892,55.96,36.4,74.4,0.69,148,Unhealthy for Sensitive Groups
18.81,32.53,36.17,15.45,0.345,78.74,15.5,42.0,0.13,61,Moderate
65.02,84.03,9.75,31.96,0.232,70.98,32.9,80.5,0.32,160,Unhealthy
21.48,42.51,17.04,8.77,0.794,37.35,36.5,91.0,0.33,71,Moderate
19.45,38.99,93.17,45.51,0.1,78.66,6.8,47.7,3.29,84,Moderate
8.57,14.44,12.95,31.21,1.926,43.3,39.7,82.7,2.71,22,Good
37.93,55.91,46.4,34.97,0.47,18.4,36.2,77.9,2.52,95,Moderate
10.34,12.94,74.65,2.32,2.678,78.58,14.5,64.2,3.98,80,Moderate
27.42,42.21,57.44,29.99,2.184,65.01,36.6,47.6,0.87,79,Moderate
30.86,49.22,36.55,8.19,2.222,62.81,13.0,51.1,1.26,89,Moderate
101.9,171.13,56.85,47.69,0.554,78.91,34.1,43.1,0.41,186,Unhealthy
32.03,46.98,64.53,11.55,0.25,31.33,24.1,52.0,2.66,88,Moderate
13.63,23.74,80.55,7.82,1.144,36.2,10.8,94.2,8.1,83,Moderate
36.2,52.5,40.27,8.12,1.366,32.19,39.8,47.3,5.97,101,Unhealthy for Sensitive Groups
76.51,125.44,35.6,26.29,0.237,48.2,39.7,69.9,2.43,166,Unhealthy
40.97,62.25,11.99,2.06,4.122,68.34,26.9,44.0,3.1,116,Unhealthy for Sensitive Groups
86.64,153.56,17.25,17.59,0.35,110.96,25.2,55.0,14.6,157,Unhealthy
30.74,66.9,34.45,13.26,0.544,53.93,21.0,26.3,2.19,85,Moderate
48.72,128.67,5.0,5.93,1.447,64.09,30.5,77.2,6.13,128,Unhealthy for Sensitive Groups
58.6,74.48,20.55,34.47,1.343,24.33,29.1,69.6,2.08,153,Unhealthy
109.31,135.46,33.2,24.57,0.661,46.27,40.3,46.1,0.15,175,Unhealthy
102.23,256.66,9.3,6.36,0.633,8.58,27.1,59.4,8.18,176,Unhealthy
36.18,58.26,21.1,3.81,0.612,116.97,39.0,85.4,0.36,105,Unhealthy for Sensitive Groups
34.69,47.36,36.45,12.34,1.914,12.7,6.4,23.3,3.65,107,Unhealthy for Sensitive Groups
62.68,138.37,24.4,25.11,1.101,47.06,33.1,89.8,0.82,157,Unhealthy
59.95,59.83,70.73,20.91,0.447,56.41,26.8,55.3,6.94,152,Unhealthy
8.99,18.44,26.98,25.6,0.815,104.21,28.6,84.5,0.67,38,Good
41.42,59.75,39.19,1.03,1.677,65.6,43.2,84.6,0.45,107,Unhealthy for Sensitive Groups
50.45,110.8,43.55,5.43,0.547,24.88,36.1,24.4,1.73,135,Unhealthy for Sensitive Groups
127.82,223.65,22.16,19.34,1.236,52.45,21.5,78.6,2.06,183,Unhealthy
33.45,46.75,38.03,6.36,0.531,61.52,16.5,75.0,5.13,101,Unhealthy for Sensitive Groups
22.02,32.52,14.88,35.0,0.272,43.86,5.8,23.2,4.31,75,Moderate
60.55,98.38,24.38,11.28,0.626,41.44,29.5,90.5,1.19,144,Unhealthy for Sensitive Groups
120.04,128.81,28.22,4.01,1.071,39.62,37.3,67.6,1.46,187,Unhealthy
19.78,55.73,15.84,3.52,4.059,40.34,37.7,32.6,2.58,71,Moderate
29.82,60.14,38.15,16.59,0.867,36.72,21.0,29.2,2.41,84,Moderate
32.51,64.93,25.8,4.58,0.721,37.59,37.5,62.1,5.94,98,Moderate
13.84,13.71,28.41,6.54,0.503,51.39,37.7,24.4,1.92,55,Moderate
40.57,63.55,70.11,61.42,1.029,78.34,34.7,32.3,6.72,107,Unhealthy for Sensitive Groups
48.67,81.04,96.55,1.0,0.783,27.76,25.5,91.1,0.69,126,Unhealthy for Sensitive Groups
7.24,28.68,5.0,8.28,0.639,39.29,24.5,75.9,6.07,42,Good
16.99,46.18,36.43,8.09,0.461,60.96,30.4,66.0,1.09,60,Moderate
57.45,51.9,6.5,6.67,0.1,72.63,31.8,35.7,4.67,153,Unhealthy
77.99,121.3,62.1,12.58,1.213,96.59,20.3,36.4,2.5,155,Unhealthy
56.37,137.08,50.06,18.62,0.624,77.17,21.4,53.4,6.25,160,Unhealthy
50.46,80.25,18.1,29.29,0.247,63.4,27.7,76.6,0.79,141,Unhealthy for Sensitive Groups
31.16,73.89,60.5,78.88,0.707,58.79,18.8,20.3,3.63,91,Moderate
15.54,18.36,22.79,25.72,0.63,56.41,19.9,23.3,5.67,66,Moderate
26.66,56.35,54.14,34.85,0.1,30.38,7.4,85.3,4.5,74,Moderate
4.98,10.43,79.89,8.62,0.176,69.35,14.9,81.1,2.5,75,Moderate
48.76,96.89,9.52,12.97,0.192,48.58,32.4,72.1,3.38,133,Unhealthy for Sensitive Groups
24.1,40.95,24.23,11.59,2.887,63.28,35.1,57.5,0.66,73,Moderate
6.6,15.98,7.88,7.04,1.152,36.13,24.6,30.9,0.73,31,Good
49.76,82.84,11.91,14.82,0.464,57.16,32.9,27.7,0.93,138,Unhealthy for Sensitive Groups
119.17,147.42,100.47,2.65,0.661,36.29,2.7,87.9,5.28,189,Unhealthy
13.6,31.74,61.86,8.16,0.798,72.8,29.3,48.7,0.55,60,Moderate
57.65,125.94,21.63,38.91,1.523,53.03,10.4,72.2,1.07,147,Unhealthy for Sensitive Groups
38.32,28.9,6.5,16.68,1.856,63.86,16.6,54.2,7.59,106,Unhealthy for Sensitive Groups
28.71,57.53,8.79,39.4,2.269,48.49,31.5,74.8,4.22,88,Moderate
17.7,32.5,23.01,16.97,0.683,76.64,33.2,34.5,3.96,61,Moderate
32.42,33.38,87.97,11.63,0.532,68.35,5.9,56.3,1.82,94,Moderate
29.4,47.77,56.66,4.72,0.264,38.53,8.3,48.3,3.64,85,Moderate
41.7,51.21,32.6,13.87,2.377,36.53,18.3,38.4,2.5,118,Unhealthy for Sensitive Groups
26.62,51.66,38.6,7.16,2.06,81.18,7.1,64.8,0.22,84,Moderate
30.96,43.23,52.03,3.32,1.558,5.0,20.9,60.3,2.58,102,Unhealthy for Sensitive Groups
61.12,136.47,77.86,5.33,2.151,93.88,33.7,57.2,1.81,145,Unhealthy for Sensitive Groups
24.8,41.76,18.64,21.79,0.545,41.27,9.5,64.3,0.36,79,Moderate
60.09,85.79,51.35,38.0,1.045,75.59,45.0,30.7,1.27,163,Unhealthy
39.74,64.99,14.73,23.36,2.127,68.79,22.4,47.8,6.76,117,Unhealthy for Sensitive Groups
21.01,68.82,29.82,5.0,1.671,50.33,28.7,44.4,4.88,79,Moderate
142.55,232.68,38.14,16.7,1.842,66.98,14.7,77.7,7.36,190,Unhealthy
18.34,30.74,9.72,10.51,1.323,60.93,35.4,22.7,3.79,64,Moderate
124.15,231.53,52.05,19.33,1.082,78.55,27.3,41.1,3.0,179,Unhealthy
85.15,87.33,28.32,8.15,0.569,40.12,27.5,88.9,0.45,162,Unhealthy
31.94,43.57,31.39,27.76,1.911,76.11,28.9,42.5,0.34,99,Moderate
86.67,149.91,20.49,27.76,2.29,11.0,12.1,31.4,0.85,161,Unhealthy
2.94,6.74,47.57,24.96,0.477,74.07,29.1,76.8,1.13,43,Good
22.86,32.46,34.76,15.85,0.808,59.39,32.0,23.6,2.8,68,Moderate
21.21,34.99,60.2,28.46,0.473,71.2,9.7,52.0,6.29,71,Moderate
50.14,102.91,43.3,2.52,1.545,74.45,22.3,84.2,6.64,129,Unhealthy for Sensitive Groups
78.96,88.11,20.69,9.95,2.616,95.78,21.9,91.6,3.44,163,Unhealthy
54.58,95.81,62.44,35.37,1.159,62.37,25.4,38.7,2.56,152,Unhealthy
42.39,63.52,66.51,4.97,1.121,37.57,32.2,42.2,0.84,116,Unhealthy for Sensitive Groups
76.37,113.44,19.67,29.55,3.818,104.61,33.2,62.5,8.34,168,Unhealthy
82.45,114.47,33.24,17.61,1.094,68.32,24.0,37.0,3.34,167,Unhealthy
26.55,44.66,23.48,12.77,1.272,80.91,34.6,31.3,2.29,79,Moderate
28.79,41.55,37.04,10.12,2.16,49.67,11.2,51.9,0.33,82,Moderate
67.3,105.66,18.27,5.0,0.971,49.44,27.6,25.4,5.24,162,Unhealthy
41.43,72.8,59.38,29.73,1.846,62.81,4.9,87.1,1.29,114,Unhealthy for Sensitive Groups
51.26,49.81,17.59,16.51,1.445,73.45,20.0,45.1,6.93,139,Unhealthy for Sensitive Groups
34.34,51.55,19.02,35.45,0.372,66.83,29.8,45.2,0.55,108,Unhealthy for Sensitive Groups
6.82,14.99,33.78,23.78,0.1,35.1,32.1,79.4,0.15,37,Good
25.66,47.45,37.04,14.57,0.227,98.0,27.9,45.6,1.71,75,Moderate
68.81,120.21,45.44,8.95,0.96,30.17,40.7,77.1,0.24,158,Unhealthy
30.14,30.71,15.84,4.46,2.072,68.23,26.1,33.6,0.19,93,Moderate
26.43,45.49,23.64,3.3,0.835,60.62,8.0,59.7,3.75,77,Moderate
68.52,114.9,83.88,34.25,0.829,123.18,2.3,77.6,0.89,164,Unhealthy
79.01,113.13,57.25,11.11,0.674,49.14,15.1,53.7,3.06,165,Unhealthy
84.86,189.22,28.52,21.92,0.57,29.35,15.0,25.4,2.54,177,Unhealthy
63.87,175.22,26.58,4.94,5.032,76.26,25.4,75.3,0.46,153,Unhealthy
45.81,57.14,49.56,6.71,1.072,47.44,19.5,57.1,1.46,129,Unhealthy for Sensitive Groups
36.03,51.56,83.9,10.21,0.558,86.6,15.5,43.7,0.21,98,Moderate
12.47,34.66,18.13,12.97,1.047,81.9,19.2,94.5,1.64,51,Moderate
91.99,124.66,51.48,1.89,1.136,77.66,21.6,85.7,0.6,166,Unhealthy
25.44,50.94,26.89,2.25,0.385,40.58,16.6,22.8,0.3,84,Moderate
117.89,120.77,83.73,6.27,2.414,81.62,25.4,64.5,1.14,175,Unhealthy
47.04,108.35,68.91,16.7,0.665,117.63,34.5,46.6,0.1,115,Unhealthy for Sensitive Groups
81.28,141.04,38.76,20.74,2.37,50.51,18.5,22.8,4.25,165,Unhealthy
47.96,40.35,25.7,21.59,0.586,55.09,25.8,20.8,0.52,132,Unhealthy for Sensitive Groups
61.69,117.65,69.42,30.44,0.471,56.48,45.0,63.8,2.95,150,Unhealthy for Sensitive Groups
60.36,137.35,26.14,2.66,2.88,52.42,27.5,44.0,5.36,154,Unhealthy
35.38,46.58,13.04,14.56,2.466,63.43,35.9,72.7,7.48,90,Moderate
80.1,120.62,7.67,17.72,0.654,60.51,20.3,54.1,2.45,171,Unhealthy
17.35,37.62,32.79,53.4,0.567,58.55,36.7,77.5,4.66,58,Moderate
118.72,261.55,5.5,32.24,1.459,37.81,17.0,81.0,1.82,188,Unhealthy
47.34,55.04,23.83,11.59,0.296,89.76,31.0,69.3,2.02,124,Unhealthy for Sensitive Groups
18.88,38.54,52.92,10.44,1.257,69.37,35.8,51.3,2.37,58,Moderate
71.17,94.1,81.96,4.26,2.19,84.25,40.4,94.1,3.33,154,Unhealthy
63.01,69.43,86.03,8.01,0.681,74.94,26.3,43.0,3.33,155,Unhealthy
8.97,14.5,33.3,20.55,2.254,5.0,22.3,58.6,4.62,41,Good
38.33,70.75,20.55,17.23,2.013,82.61,11.2,59.0,2.88,115,Unhealthy for Sensitive Groups
14.42,46.25,56.73,6.13,1.313,80.28,24.3,52.1,6.43,61,Moderate
19.31,23.95,37.14,4.65,3.873,66.01,33.0,29.1,3.71,59,Moderate
20.66,39.05,10.65,23.82,0.301,114.26,32.0,46.5,7.93,68,Moderate
54.4,106.15,34.73,18.87,0.302,86.13,24.8,36.1,4.16,145,Unhealthy for Sensitive Groups
54.25,119.33,50.86,6.71,2.221,85.2,28.7,87.5,4.03,146,Unhealthy for Sensitive Groups
24.22,37.01,5.5,24.21,0.295,17.52,41.7,69.2,5.91,78,Moderate
6.86,15.56,28.71,12.9,0.814,93.6,31.8,41.6,3.2,24,Good
3.79,10.24,80.6,11.41,1.037,76.94,22.7,62.4,0.59,89,Moderate
123.24,212.16,33.16,1.42,2.147,26.48,25.0,84.0,0.26,183,Unhealthy
47.67,94.75,13.5,15.54,0.966,68.0,31.8,90.1,1.14,134,Unhealthy for Sensitive Groups
52.0,140.58,47.05,6.7,0.244,17.79,30.9,25.6,5.05,134,Unhealthy for Sensitive Groups
34.05,47.33,48.25,12.17,1.451,77.11,45.0,79.0,0.1,107,Unhealthy for Sensitive Groups
7.09,5.0,48.29,19.21,1.544,64.54,41.5,92.5,0.49,48,Good
56.12,119.71,13.96,6.84,0.937,45.05,14.7,55.0,0.34,149,Unhealthy for Sensitive Groups
111.23,190.65,45.0,4.95,0.703,77.64,18.5,94.7,0.11,181,Unhealthy
24.59,50.18,51.5,3.97,1.916,41.07,37.8,91.8,4.99,79,Moderate
4.81,5.0,9.62,43.69,1.248,63.0,17.2,69.3,0.98,21,Good
15.51,31.29,39.75,7.92,0.861,87.68,26.7,83.6,3.92,56,Moderate
53.58,127.38,21.32,9.26,2.137,51.49,41.2,42.2,0.46,139,Unhealthy for Sensitive Groups
53.05,110.3,6.91,16.78,0.853,36.24,28.1,88.8,1.58,152,Unhealthy
104.39,101.99,35.98,27.57,0.925,87.28,34.8,64.4,0.37,177,Unhealthy
31.39,67.23,18.55,18.68,0.466,62.78,27.2,58.2,0.1,87,Moderate
48.07,99.68,23.99,6.07,2.008,110.2,24.3,82.7,2.85,130,Unhealthy for Sensitive Groups
31.76,68.4,22.96,5.61,0.828,72.97,6.6,86.7,1.97,98,Moderate
16.53,37.57,7.59,9.35,0.593,79.07,27.6,72.6,1.62,66,Moderate
48.16,150.1,62.13,35.1,1.646,69.09,19.7,21.9,0.25,130,Unhealthy for Sensitive Groups
67.65,167.84,144.31,16.38,0.431,73.92,38.4,64.8,2.66,154,Unhealthy
27.52,23.37,26.25,13.28,1.01,75.23,-0.3,81.6,4.54,81,Moderate
124.34,120.67,42.57,9.64,0.966,76.95,19.9,60.9,0.21,191,Unhealthy
126.43,141.32,184.79,20.97,2.014,32.07,38.9,90.1,1.6,194,Unhealthy
24.54,40.01,16.22,17.31,0.874,38.53,44.6,87.3,1.12,75,Moderate
19.57,43.94,19.82,31.74,1.878,76.54,36.5,59.7,6.67,69,Moderate
16.24,48.11,35.65,1.0,1.187,62.32,31.7,50.3,0.91,58,Moderate
46.47,62.63,50.09,39.47,0.725,40.92,7.8,24.1,8.66,121,Unhealthy for Sensitive Groups
23.9,65.58,51.13,19.41,4.149,67.52,14.4,67.4,5.29,78,Moderate
17.73,29.54,63.91,15.52,0.995,100.34,34.3,39.9,0.32,62,Moderate
20.75,34.32,84.92,10.73,1.939,64.78,12.1,70.1,1.97,83,Moderate
5.58,12.22,41.8,1.0,0.766,70.55,22.7,79.9,3.14,43,Good
6.67,6.92,9.93,15.64,0.1,71.35,21.9,50.7,2.7,21,Good
14.88,24.77,31.28,15.56,1.311,44.74,29.2,21.2,3.41,46,Good
95.34,234.16,47.06,56.26,0.185,58.73,31.7,84.9,1.67,173,Unhealthy
110.56,198.31,27.89,4.47,0.82,7.78,-0.4,61.2,7.05,187,Unhealthy
49.93,75.02,32.26,8.25,0.848,36.39,27.8,43.6,0.95,141,Unhealthy for Sensitive Groups
20.17,59.69,32.63,18.06,0.136,58.03,18.2,67.5,0.3,64,Moderate
14.66,28.82,23.55,38.06,0.946,30.21,30.6,70.6,11.45,57,Moderate
30.94,68.99,18.4,17.27,0.795,59.49,7.2,31.1,3.17,93,Moderate
51.93,124.71,37.46,11.89,0.717,52.6,35.2,68.5,3.23,144,Unhealthy for Sensitive Groups
24.53,30.88,62.68,3.38,0.593,93.09,17.9,41.5,5.1,74,Moderate
55.16,73.48,11.41,15.04,0.787,110.58,21.1,80.3,1.64,146,Unhealthy for Sensitive Groups
15.39,29.49,33.85,5.65,1.334,58.6,41.3,90.6,1.46,46,Good
20.48,36.58,58.84,6.68,2.577,69.42,23.6,27.7,8.94,69,Moderate
35.81,69.8,35.17,15.9,1.206,90.25,34.9,88.8,1.47,105,Unhealthy for Sensitive Groups
123.8,179.01,50.2,11.89,1.55,59.86,24.8,87.8,0.25,191,Unhealthy
20.52,21.08,83.81,17.49,0.392,70.52,41.6,45.7,1.1,77,Moderate
56.94,88.13,40.71,9.21,2.905,25.16,28.4,22.2,6.2,151,Unhealthy
23.6,16.59,106.72,14.92,0.249,72.91,30.2,69.7,0.3,101,Unhealthy for Sensitive Groups
16.21,28.07,24.34,5.2,1.785,91.92,26.8,45.9,3.78,55,Moderate
17.78,52.0,54.32,6.06,0.281,32.05,22.0,34.4,0.93,68,Moderate
43.55,95.14,44.2,31.81,0.1,18.52,33.8,28.1,4.11,120,Unhealthy for Sensitive Groups
82.62,231.57,32.78,55.41,0.177,92.35,17.5,34.7,2.17,162,Unhealthy
19.85,38.28,36.67,50.38,3.535,52.08,32.3,37.8,3.04,72,Moderate
54.38,152.57,32.29,7.39,0.659,40.48,34.6,79.7,0.84,150,Unhealthy for Sensitive Groups
150.7,235.45,53.98,20.36,1.251,62.42,30.4,78.8,0.55,197,Unhealthy
50.83,100.85,113.0,8.74,0.742,46.34,15.6,57.1,0.2,130,Unhealthy for Sensitive Groups
83.37,173.68,51.97,15.1,0.325,34.12,29.5,61.5,5.24,161,Unhealthy
23.44,48.46,75.59,15.14,1.54,21.88,35.5,88.8,3.72,75,Moderate
40.7,94.97,14.17,11.78,1.104,105.1,12.3,88.1,1.04,111,Unhealthy for Sensitive Groups
59.46,117.48,7.84,11.25,0.685,101.66,9.7,82.2,5.44,147,Unhealthy for Sensitive Groups
14.4,18.29,9.45,8.07,0.792,53.77,33.5,48.1,5.38,54,Moderate
21.67,24.69,12.31,20.7,0.369,125.45,18.5,47.5,0.44,62,Moderate
41.03,69.26,108.44,27.61,1.768,93.21,32.5,86.6,3.75,117,Unhealthy for Sensitive Groups
22.7,32.11,8.23,11.8,0.663,58.77,42.1,89.5,1.04,83,Moderate
37.62,40.6,32.75,42.06,1.143,116.76,10.3,79.9,1.89,109,Unhealthy for Sensitive Groups
9.2,15.41,96.08,15.7,0.437,8.89,9.4,76.8,1.69,102,Unhealthy for Sensitive Groups
141.79,216.64,69.65,36.47,0.174,54.79,33.0,61.9,2.75,192,Unhealthy
94.1,122.41,28.08,15.93,1.097,104.0,38.1,45.4,1.28,169,Unhealthy
227.13,500.0,16.64,1.0,1.052,51.48,42.1,38.0,0.23,270,Very Unhealthy
15.89,28.95,27.5,37.68,0.937,89.34,33.1,30.5,3.35,61,Moderate
57.39,95.71,46.06,10.93,1.346,35.48,23.7,74.6,9.7,157,Unhealthy
25.15,32.49,28.63,10.38,0.623,43.47,26.0,78.3,3.31,75,Moderate
16.13,30.5,53.58,3.29,0.641,69.71,28.4,46.9,2.33,60,Moderate
55.88,119.71,79.91,28.73,2.802,76.55,41.8,20.5,0.54,143,Unhealthy for Sensitive Groups
52.62,93.43,24.62,3.74,0.495,65.21,27.9,90.4,2.94,142,Unhealthy for Sensitive Groups
33.06,83.35,113.47,37.36,0.72,49.67,18.1,52.8,2.83,99,Moderate
51.84,108.58,41.84,10.65,1.772,36.77,27.2,93.1,2.89,141,Unhealthy for Sensitive Groups
22.41,49.06,27.96,27.48,1.448,119.08,9.4,70.8,6.69,75,Moderate
15.87,32.06,13.14,4.99,0.839,68.76,19.4,29.3,3.78,54,Moderate
30.54,47.06,63.5,39.68,0.746,87.65,21.9,44.5,4.59,83,Moderate
86.52,164.48,22.01,22.89,0.564,84.71,21.1,69.3,1.13,166,Unhealthy
74.72,168.12,52.17,10.24,1.376,48.18,9.1,68.7,0.95,160,Unhealthy
15.28,39.33,37.11,33.47,1.177,61.26,13.1,37.4,0.69,57,Moderate
84.97,231.29,18.72,15.71,0.353,40.78,24.8,33.3,4.52,159,Unhealthy
41.99,88.37,36.59,51.22,1.36,79.25,33.4,40.8,3.6,110,Unhealthy for Sensitive Groups
67.1,86.35,61.99,7.11,1.384,56.09,20.8,79.0,1.26,158,Unhealthy
22.92,58.36,30.18,31.05,0.958,100.71,25.8,38.1,0.46,64,Moderate
39.56,86.32,20.05,25.02,0.849,19.8,33.8,72.6,5.63,104,Unhealthy for Sensitive Groups
12.84,28.68,14.19,2.21,3.249,72.6,45.0,85.2,1.45,61,Moderate
17.38,32.03,44.65,3.22,0.832,123.68,21.8,49.4,0.63,59,Moderate
86.13,144.91,16.31,9.72,0.694,41.71,16.6,20.5,0.47,159,Unhealthy
73.95,156.35,20.5,19.15,1.238,64.05,32.9,30.6,7.57,153,Unhealthy
42.54,86.55,6.24,26.97,0.578,51.28,33.5,43.4,0.42,124,Unhealthy for Sensitive Groups
28.69,48.15,32.01,18.78,0.973,82.46,11.9,34.2,1.34,82,Moderate
10.95,26.68,11.51,30.59,1.293,9.98,13.8,41.7,3.0,44,Good
93.04,203.84,32.98,11.37,2.831,29.96,11.3,60.8,1.57,167,Unhealthy
77.42,123.46,33.88,27.63,0.994,35.26,17.8,21.6,1.95,154,Unhealthy
8.53,5.0,35.45,15.47,1.361,82.05,33.6,24.8,4.87,27,Good
74.76,112.55,23.83,9.69,0.644,55.52,28.6,84.2,20.0,162,Unhealthy
24.04,69.14,44.43,3.34,1.541,44.13,26.7,59.2,1.89,69,Moderate
66.81,80.21,28.65,1.16,1.647,70.25,15.2,90.2,1.43,167,Unhealthy
12.8,17.11,20.86,11.09,1.594,65.63,14.4,20.2,1.57,44,Good
30.99,62.54,11.2,16.44,0.901,55.15,25.7,20.0,1.38,84,Moderate
54.03,101.97,80.5,6.84,0.99,47.58,24.5,75.5,1.93,148,Unhealthy for Sensitive Groups
109.09,141.03,20.92,8.98,0.965,37.4,29.9,55.7,1.22,179,Unhealthy
45.79,113.89,57.97,9.9,0.358,95.71,38.9,88.5,1.86,132,Unhealthy for Sensitive Groups
76.7,165.82,25.05,4.5,1.277,97.4,13.6,79.0,8.73,164,Unhealthy
36.38,67.58,85.32,6.39,0.333,27.23,23.5,57.8,1.01,108,Unhealthy for Sensitive Groups
57.72,49.98,135.45,23.7,1.03,50.28,26.1,55.9,3.17,160,Unhealthy
71.56,81.45,54.36,12.34,0.895,71.33,26.9,80.8,2.0,157,Unhealthy
41.22,86.88,46.42,18.77,1.909,37.52,25.7,80.3,3.95,105,Unhealthy for Sensitive Groups
65.25,82.73,39.0,1.68,0.854,78.59,24.6,40.8,1.92,163,Unhealthy
22.13,22.17,33.57,35.26,2.429,65.46,26.9,70.6,0.52,76,Moderate
30.12,82.89,46.83,14.66,0.771,80.84,30.2,68.2,6.18,91,Moderate
149.19,221.07,42.29,26.76,0.344,117.97,17.9,84.2,3.38,206,Very Unhealthy
78.69,163.76,12.78,3.72,0.123,18.29,29.7,85.1,2.24,162,Unhealthy
62.58,109.45,35.81,21.21,2.55,96.62,30.1,40.1,5.34,151,Unhealthy
93.65,83.67,17.28,9.91,0.296,46.92,27.3,86.0,11.21,176,Unhealthy
96.67,228.69,12.42,59.83,0.914,77.61,40.8,89.3,1.58,173,Unhealthy
5.42,11.8,14.1,7.37,0.404,74.05,27.2,28.2,1.31,21,Good
35.33,63.27,104.49,15.31,1.608,95.38,28.6,63.0,4.2,109,Unhealthy for Sensitive Groups
19.02,47.02,36.51,4.15,0.798,62.69,15.2,52.7,1.82,72,Moderate
12.39,18.95,27.61,15.08,0.1,40.64,35.4,50.1,0.27,48,Good
137.26,310.45,28.21,13.19,2.512,67.27,44.1,72.9,1.31,185,Unhealthy
73.77,107.79,45.92,32.71,0.482,103.33,26.6,29.7,4.96,155,Unhealthy
91.6,98.5,27.37,15.96,0.937,69.93,4.4,81.5,3.68,166,Unhealthy
24.56,60.57,47.52,10.23,0.887,46.9,35.8,22.0,5.96,74,Moderate
25.3,62.38,29.85,12.96,0.301,57.33,38.7,63.4,0.48,80,Moderate
31.09,77.43,35.29,1.59,1.725,67.48,27.2,36.9,0.84,106,Unhealthy for Sensitive Groups
40.44,97.35,20.98,16.94,0.308,64.14,19.8,70.1,0.73,118,Unhealthy for Sensitive Groups
70.09,148.95,133.42,29.08,2.532,60.7,37.7,59.4,10.66,164,Unhealthy
48.93,75.07,10.53,15.57,0.985,85.78,37.0,95.0,0.56,133,Unhealthy for Sensitive Groups
26.5,54.04,38.5,2.13,0.752,111.85,27.5,84.7,2.73,82,Moderate
79.2,177.78,17.69,18.71,0.89,84.99,36.4,45.2,3.01,165,Unhealthy
95.67,116.39,40.82,19.4,0.688,76.81,17.7,59.6,2.89,177,Unhealthy
37.79,104.6,32.57,20.87,1.177,87.07,37.9,43.8,3.53,111,Unhealthy for Sensitive Groups
43.84,72.72,114.62,12.97,0.321,77.41,27.7,74.7,1.98,125,Unhealthy for Sensitive Groups
34.51,49.35,45.36,16.61,2.675,64.88,21.9,51.7,0.26,94,Moderate
50.74,55.91,27.15,19.32,0.87,46.77,26.2,28.7,3.62,130,Unhealthy for Sensitive Groups
109.4,176.68,26.2,5.38,0.935,46.76,33.1,69.6,0.99,184,Unhealthy
32.38,95.43,113.56,6.4,0.66,60.94,28.1,20.8,0.24,107,Unhealthy for Sensitive Groups
33.84,56.85,66.67,21.22,1.233,68.56,43.4,42.3,0.56,93,Moderate
43.86,75.39,62.71,6.25,1.273,89.71,37.1,88.0,1.02,132,Unhealthy for Sensitive Groups
52.6,73.81,5.9,12.24,1.348,58.59,13.3,27.1,1.7,138,Unhealthy for Sensitive Groups
16.11,29.58,21.41,20.94,0.33,52.53,34.2,57.8,5.93,59,Moderate
14.16,10.78,52.97,30.64,0.235,68.08,35.1,79.6,2.31,54,Moderate
26.54,45.32,9.07,7.65,1.868,71.98,31.2,87.8,1.92,77,Moderate
128.53,191.03,46.77,6.07,2.249,46.76,15.5,62.0,0.64,186,Unhealthy
89.37,201.24,88.13,21.01,0.366,43.29,36.2,31.5,9.6,165,Unhealthy
10.42,6.52,15.5,31.9,0.489,77.36,27.6,90.6,7.17,39,Good
21.06,40.7,20.52,2.08,0.216,58.2,14.9,76.2,5.08,72,Moderate
63.03,118.73,68.62,14.12,1.128,90.75,28.6,49.7,1.17,159,Unhealthy
29.03,65.4,21.49,43.2,0.63,68.22,36.3,40.8,2.47,83,Moderate
68.29,97.12,22.23,5.55,0.291,59.49,16.6,23.6,1.48,155,Unhealthy
8.78,18.72,69.2,21.66,0.148,31.8,16.6,34.4,1.55,69,Moderate
51.12,87.71,42.24,12.68,0.498,61.49,32.3,78.3,0.22,140,Unhealthy for Sensitive Groups
40.25,43.3,16.87,13.03,0.751,36.72,28.7,28.1,0.45,113,Unhealthy for Sensitive Groups
56.54,93.51,57.28,11.42,0.211,29.23,33.2,29.7,9.75,152,Unhealthy
55.61,65.86,14.36,17.51,0.354,99.04,25.7,34.7,2.83,154,Unhealthy
55.79,99.39,44.69,32.95,2.414,49.11,45.0,49.7,0.1,156,Unhealthy
9.7,20.18,43.5,5.81,0.226,83.58,21.5,34.2,4.97,38,Good
93.61,261.9,16.24,6.4,0.545,33.58,31.7,87.8,0.27,172,Unhealthy
60.18,107.35,54.9,17.0,0.527,43.5,20.4,39.3,3.69,150,Unhealthy for Sensitive Groups
23.03,26.17,16.68,17.81,1.582,41.26,11.0,89.0,2.91,64,Moderate
46.4,77.38,63.25,11.31,0.1,78.42,23.8,93.9,0.2,123,Unhealthy for Sensitive Groups
38.58,44.59,38.24,29.31,1.493,72.44,22.2,76.6,2.27,117,Unhealthy for Sensitive Groups
27.04,70.94,11.62,7.11,3.559,28.19,42.9,20.6,0.15,87,Moderate
88.51,169.35,38.51,6.57,0.907,25.89,29.4,38.0,0.2,157,Unhealthy
19.07,30.31,42.83,15.44,1.565,73.32,17.3,40.1,0.16,62,Moderate
67.96,83.45,5.86,5.63,1.916,94.0,25.7,60.7,0.88,156,Unhealthy
82.58,173.52,80.68,72.44,0.854,92.76,16.0,31.9,4.85,165,Unhealthy
61.33,132.52,34.53,2.97,0.462,41.85,22.6,25.8,1.35,151,Unhealthy
45.5,81.09,31.13,39.79,0.789,50.44,35.4,33.2,3.06,129,Unhealthy for Sensitive Groups
28.31,51.72,52.98,6.76,1.295,73.12,29.8,44.6,0.4,92,Moderate
24.15,42.68,34.0,2.86,0.524,74.9,8.6,23.7,8.1,82,Moderate
55.61,102.64,29.37,16.74,0.1,66.26,17.1,34.7,2.1,148,Unhealthy for Sensitive Groups
44.47,64.34,45.67,11.15,0.357,50.91,16.7,32.6,0.1,116,Unhealthy for Sensitive Groups
66.71,81.18,57.55,57.41,1.011,71.88,18.2,77.9,2.31,159,Unhealthy
11.69,26.73,25.25,18.86,0.974,64.1,28.0,32.7,0.61,41,Good
79.84,190.97,5.0,10.8,0.335,65.03,35.5,79.4,0.65,167,Unhealthy
213.12,344.59,68.09,12.79,0.545,82.33,21.6,58.1,2.75,270,Very Unhealthy
48.54,57.52,40.37,1.0,0.145,87.81,18.7,76.8,0.77,135,Unhealthy for Sensitive Groups
26.76,51.57,11.74,1.0,0.72,68.72,33.4,53.8,0.72,76,Moderate
39.29,66.47,48.19,1.98,0.571,67.4,28.1,87.6,2.34,105,Unhealthy for Sensitive Groups
33.43,113.81,11.72,11.41,0.639,56.09,19.8,40.7,0.81,96,Moderate
31.63,38.45,51.19,13.76,3.414,63.3,21.1,77.5,0.35,100,Moderate
7.61,11.5,13.89,19.41,0.913,78.98,22.1,32.3,1.57,32,Good
45.73,48.63,27.93,24.15,0.232,72.36,36.1,86.2,0.16,120,Unhealthy for Sensitive Groups
34.79,96.74,5.51,1.0,1.103,46.44,29.4,22.1,7.07,98,Moderate
68.16,205.41,16.63,17.4,0.648,45.11,43.3,54.3,1.8,168,Unhealthy
18.88,30.82,23.98,35.07,0.422,44.32,30.5,51.6,0.1,57,Moderate
116.97,175.36,34.35,9.23,0.776,88.72,16.1,66.8,0.76,189,Unhealthy
33.11,68.23,28.54,69.17,2.165,18.5,8.3,53.1,9.5,93,Moderate
20.7,36.58,13.08,12.91,0.146,26.11,18.8,64.2,2.06,71,Moderate
78.25,127.33,39.49,7.25,0.1,44.63,8.7,84.6,1.33,167,Unhealthy
30.43,61.16,23.34,27.01,0.443,78.84,17.2,30.7,1.14,85,Moderate
30.26,56.3,28.57,19.38,0.701,53.32,25.2,38.3,1.62,95,Moderate
39.61,95.45,16.51,36.37,0.616,39.33,12.0,80.2,0.71,113,Unhealthy for Sensitive Groups
46.41,89.81,16.1,23.95,0.592,68.87,32.9,37.1,4.15,134,Unhealthy for Sensitive Groups
48.18,90.81,54.1,13.86,0.455,70.16,19.9,87.9,2.13,134,Unhealthy for Sensitive Groups
44.61,51.56,34.9,24.79,1.671,79.67,33.0,60.6,4.18,133,Unhealthy for Sensitive Groups
32.5,59.78,8.94,1.73,0.989,94.08,15.5,26.1,0.88,85,Moderate
43.47,83.35,67.4,20.71,1.912,90.79,32.2,21.5,0.1,124,Unhealthy for Sensitive Groups
34.6,40.32,70.75,12.38,0.1,73.88,20.0,77.2,10.16,99,Moderate
86.96,143.05,53.14,3.26,0.571,57.9,22.6,84.2,2.15,161,Unhealthy
51.89,88.44,8.82,23.42,0.923,70.77,18.6,38.0,0.25,147,Unhealthy for Sensitive Groups
12.05,21.31,6.5,32.51,0.238,49.75,23.5,38.1,0.33,0,Good
52.57,106.41,68.2,10.01,0.619,82.28,30.8,91.6,1.71,146,Unhealthy for Sensitive Groups
53.01,91.96,12.96,5.54,1.177,47.58,11.2,69.2,3.56,142,Unhealthy for Sensitive Groups
113.83,181.71,47.39,28.97,2.301,41.07,45.0,32.6,1.52,192,Unhealthy
18.03,43.6,16.59,5.39,2.26,83.76,45.0,53.6,5.15,66,Moderate
20.08,25.85,5.0,13.92,2.051,23.97,20.0,88.3,1.2,71,Moderate
59.25,114.37,17.83,13.35,2.522,45.06,35.0,66.6,0.14,161,Unhealthy
63.07,142.16,32.97,5.09,0.1,75.01,13.0,50.6,0.1,155,Unhealthy
17.49,34.71,22.43,2.94,0.127,57.84,8.6,31.3,5.89,64,Moderate
51.33,74.58,104.74,26.33,0.553,56.81,44.3,74.5,12.49,133,Unhealthy for Sensitive Groups
37.5,77.72,50.12,18.24,0.267,33.74,32.9,40.7,0.43,106,Unhealthy for Sensitive Groups
17.96,29.34,34.6,8.76,1.017,35.73,26.6,62.4,0.19,63,Moderate
36.01,77.13,36.34,9.09,3.197,55.44,32.5,65.0,7.37,92,Moderate
75.4,187.51,14.59,19.45,0.1,22.45,18.3,61.7,0.32,163,Unhealthy
40.03,79.02,14.97,7.89,0.474,59.77,26.1,38.5,0.78,119,Unhealthy for Sensitive Groups
34.71,63.68,31.75,11.14,0.717,88.41,27.4,73.1,4.85,102,Unhealthy for Sensitive Groups
57.28,72.15,17.95,7.19,0.144,86.2,10.6,62.5,18.62,158,Unhealthy
87.63,182.37,93.06,10.12,1.409,73.33,36.6,50.3,2.0,171,Unhealthy
18.62,29.51,49.57,10.93,0.814,64.79,20.5,23.9,0.71,65,Moderate
47.94,102.51,67.12,20.12,0.523,57.94,13.3,44.8,5.65,122,Unhealthy for Sensitive Groups
33.27,74.04,5.5,6.83,1.12,61.41,41.9,46.4,1.5,91,Moderate
32.12,78.82,34.1,30.38,1.552,38.77,37.4,79.3,0.96,93,Moderate
48.14,137.79,6.42,19.67,0.947,45.87,22.9,58.5,2.02,129,Unhealthy for Sensitive Groups
35.17,61.25,82.7,12.5,0.977,22.36,12.5,89.9,5.81,94,Moderate
29.5,50.01,37.82,10.33,0.794,81.05,30.3,76.3,0.8,101,Unhealthy for Sensitive Groups
71.6,169.95,51.96,8.9,1.022,57.4,25.8,60.4,1.65,166,Unhealthy
41.75,67.44,42.98,26.23,1.815,105.11,45.0,32.7,1.76,127,Unhealthy for Sensitive Groups
47.19,66.69,25.8,7.9,3.292,46.69,38.5,36.6,5.37,127,Unhealthy for Sensitive Groups
34.25,56.82,81.78,1.0,4.153,59.81,20.5,32.0,3.38,97,Moderate
44.82,86.62,54.17,7.65,0.981,75.92,39.7,53.2,4.55,121,Unhealthy for Sensitive Groups
6.91,14.4,29.52,37.25,0.99,69.46,38.6,74.2,3.55,19,Good
34.64,72.35,17.36,4.07,1.924,58.17,7.6,76.9,2.69,100,Moderate
15.51,25.52,32.48,44.75,0.331,99.96,30.9,27.2,0.43,55,Moderate
86.12,138.7,80.02,8.42,2.731,39.08,37.2,57.2,5.37,164,Unhealthy
13.82,18.86,25.53,7.93,0.927,74.31,21.0,56.1,2.8,50,Good
32.1,51.02,21.14,51.08,0.218,50.2,12.7,52.9,3.62,92,Moderate
32.94,45.82,59.05,15.56,0.118,56.88,45.0,42.6,4.53,98,Moderate
125.35,167.05,40.81,24.77,0.449,65.82,41.0,55.7,1.12,182,Unhealthy
83.91,129.86,21.59,5.02,0.561,57.17,27.9,58.7,1.73,163,Unhealthy
5.78,5.0,82.52,9.39,0.976,56.26,4.0,65.0,2.34,80,Moderate
38.68,57.43,13.57,1.0,2.044,25.45,21.3,48.3,1.26,108,Unhealthy for Sensitive Groups
17.82,41.89,28.75,7.25,1.172,80.14,45.0,90.9,0.9,58,Moderate
34.73,75.38,12.48,9.69,1.602,25.26,38.9,45.4,4.5,101,Unhealthy for Sensitive Groups
59.31,79.58,100.73,8.84,1.334,92.14,22.8,87.1,4.2,153,Unhealthy
59.62,85.94,62.96,11.06,0.206,57.63,20.4,80.1,5.35,151,Unhealthy
61.6,148.92,40.63,9.35,0.746,80.81,40.1,54.9,3.58,156,Unhealthy
42.35,39.62,21.12,6.92,0.273,5.44,23.1,57.2,1.12,117,Unhealthy for Sensitive Groups
60.87,95.27,130.95,14.17,0.814,59.15,24.3,85.2,1.19,149,Unhealthy for Sensitive Groups
78.29,115.95,11.21,17.12,0.695,59.7,29.9,57.0,2.25,164,Unhealthy
28.39,40.6,25.83,35.46,0.629,40.14,31.4,71.0,5.42,85,Moderate
16.38,47.53,23.09,1.0,1.987,79.36,14.5,80.7,1.28,50,Good
19.46,28.21,7.05,7.35,1.101,46.03,31.7,88.1,4.36,71,Moderate
28.77,51.55,27.28,25.76,2.508,40.25,15.6,36.4,1.09,79,Moderate
31.52,85.47,14.8,13.39,0.585,51.91,38.5,93.2,1.24,91,Moderate
38.88,99.43,64.44,7.61,0.393,81.49,22.2,92.4,4.19,107,Unhealthy for Sensitive Groups
29.32,54.32,13.93,28.11,0.271,66.11,28.5,42.3,3.4,88,Moderate
49.06,126.99,41.5,13.02,1.675,68.77,-3.2,66.0,0.7,131,Unhealthy for Sensitive Groups
120.8,238.82,38.05,22.93,0.52,77.02,33.9,23.5,5.26,186,Unhealthy
33.12,51.77,79.34,11.62,0.792,55.18,35.3,32.6,4.61,101,Unhealthy for Sensitive Groups
117.39,193.77,22.42,1.0,2.324,83.29,20.4,63.8,4.79,180,Unhealthy
118.7,268.55,14.99,36.17,1.642,68.45,11.8,68.8,1.91,181,Unhealthy
39.32,72.25,88.96,10.33,0.218,78.77,11.5,60.1,1.2,106,Unhealthy for Sensitive Groups
38.75,47.12,96.84,1.96,1.307,42.51,25.6,72.9,5.69,110,Unhealthy for Sensitive Groups
31.28,41.8,68.59,7.1,0.975,62.17,14.4,79.5,2.66,90,Moderate
87.15,88.33,60.13,4.48,2.402,81.32,24.9,32.6,8.02,167,Unhealthy
53.45,93.94,51.62,1.0,0.602,101.08,26.7,69.5,0.88,139,Unhealthy for Sensitive Groups
57.27,94.81,62.62,9.07,0.911,83.64,27.9,62.2,11.14,152,Unhealthy
16.65,54.52,102.61,1.0,2.237,84.69,40.0,28.8,1.43,92,Moderate
88.69,99.59,13.66,9.0,0.8,24.97,38.7,37.1,1.46,170,Unhealthy
43.31,64.53,41.61,15.38,0.953,53.33,27.1,51.5,0.82,116,Unhealthy for Sensitive Groups
17.2,26.28,21.17,15.08,1.002,73.97,32.3,84.8,10.06,59,Moderate
29.8,81.23,27.29,6.09,2.133,29.19,29.6,36.3,0.12,88,Moderate
17.49,46.54,7.85,2.89,0.382,69.97,40.3,33.7,1.92,57,Moderate
70.11,183.03,11.24,24.76,2.432,51.8,27.1,74.1,1.36,153,Unhealthy
129.55,258.02,14.28,17.79,0.971,53.01,34.9,93.2,0.52,201,Very Unhealthy
30.38,90.27,38.12,7.47,4.228,61.62,45.0,53.5,3.75,89,Moderate
74.99,98.75,31.25,1.51,2.805,68.82,29.9,46.3,6.86,165,Unhealthy
73.85,118.34,7.03,3.81,1.012,78.27,20.9,39.0,0.84,157,Unhealthy
1.56,8.09,7.53,45.67,0.825,33.07,21.3,23.7,2.07,6,Good
24.35,42.89,5.0,23.15,0.506,83.62,18.4,33.4,2.59,73,Moderate
42.33,60.61,26.94,15.58,0.69,75.82,33.3,27.0,1.49,124,Unhealthy for Sensitive Groups
23.14,55.4,22.96,4.46,0.226,53.77,29.4,57.1,7.64,75,Moderate
18.36,37.94,24.06,4.56,2.552,83.81,22.1,93.4,1.86,62,Moderate
76.9,132.45,17.35,25.61,1.18,18.29,41.2,79.1,12.19,164,Unhealthy
22.49,69.08,19.12,39.28,1.392,64.13,21.8,65.1,1.05,69,Moderate
48.69,78.51,27.52,25.92,0.795,46.08,26.7,56.5,0.23,126,Unhealthy for Sensitive Groups
94.66,92.32,40.75,8.76,0.57,33.88,17.9,66.3,2.57,176,Unhealthy
118.01,116.65,51.55,5.41,1.285,22.9,24.6,48.2,5.2,182,Unhealthy
17.27,40.71,64.55,3.99,0.303,75.79,17.7,33.4,1.47,64,Moderate
14.8,49.65,12.71,8.04,3.013,72.79,24.7,64.2,0.61,55,Moderate
58.81,95.02,70.01,4.53,1.084,89.97,15.2,59.6,4.02,154,Unhealthy
8.87,13.82,24.31,12.98,1.075,76.63,20.6,90.8,0.95,27,Good
24.98,50.08,61.57,11.55,1.589,52.65,18.6,68.7,4.41,74,Moderate
90.3,166.72,35.92,55.16,1.938,127.83,19.1,78.0,0.91,159,Unhealthy
58.37,135.61,127.39,26.01,0.646,85.37,16.7,27.0,2.44,160,Unhealthy
46.75,77.71,50.5,13.17,0.23,31.24,22.3,77.1,6.56,129,Unhealthy for Sensitive Groups
42.38,89.02,45.37,54.77,0.604,56.76,0.5,93.7,0.69,116,Unhealthy for Sensitive Groups
60.91,109.39,5.0,17.75,0.275,65.67,32.3,69.3,5.16,149,Unhealthy for Sensitive Groups
12.73,20.71,59.99,4.21,0.804,53.42,28.4,75.7,0.93,63,Moderate
36.07,44.24,21.66,24.54,0.424,111.34,28.5,93.5,3.24,111,Unhealthy for Sensitive Groups
115.55,198.55,38.06,2.95,1.264,52.75,23.8,49.3,0.84,183,Unhealthy
45.76,108.01,23.35,17.24,0.237,50.34,38.0,81.8,0.37,127,Unhealthy for Sensitive Groups
38.03,93.81,9.41,20.0,2.728,78.53,18.3,50.0,3.27,108,Unhealthy for Sensitive Groups
41.84,68.81,101.76,24.61,1.145,63.01,8.5,51.9,2.71,114,Unhealthy for Sensitive Groups
8.7,11.74,68.24,19.86,1.21,54.45,28.1,69.4,1.54,65,Moderate
25.17,33.28,14.07,16.58,0.949,114.15,44.4,39.2,0.11,69,Moderate
50.96,82.99,13.03,6.43,1.851,98.41,39.8,94.5,1.93,133,Unhealthy for Sensitive Groups
22.58,44.91,37.05,14.69,0.898,24.75,34.5,44.7,0.48,74,Moderate
19.55,38.52,64.98,24.69,0.735,106.83,45.0,29.2,1.34,65,Moderate
21.64,22.41,34.68,16.55,0.961,55.53,21.2,44.2,2.65,77,Moderate
89.99,224.64,17.49,21.4,0.857,88.36,20.8,84.2,8.41,162,Unhealthy
35.28,43.99,35.4,20.82,0.492,109.56,22.7,43.5,2.15,105,Unhealthy for Sensitive Groups
103.11,182.59,7.58,27.46,2.391,80.25,0.3,65.9,0.65,172,Unhealthy
38.15,88.14,6.58,1.69,1.042,117.03,39.9,90.1,8.77,104,Unhealthy for Sensitive Groups
43.15,40.62,81.42,16.86,0.761,81.34,25.3,39.5,0.1,116,Unhealthy for Sensitive Groups
17.71,51.88,16.18,53.03,0.321,75.72,19.0,29.9,3.09,59,Moderate
77.17,122.99,38.24,14.04,0.1,85.24,23.2,27.3,0.91,165,Unhealthy
73.47,139.37,38.89,14.19,1.518,29.05,15.7,53.0,4.25,157,Unhealthy
50.36,119.71,23.38,9.42,0.627,54.9,25.6,27.8,1.21,128,Unhealthy for Sensitive Groups
18.05,15.31,51.97,8.77,0.542,33.22,20.0,54.0,1.68,65,Moderate
27.08,49.57,61.15,43.28,1.695,55.55,20.5,84.7,4.41,84,Moderate
23.58,82.42,13.42,1.0,0.1,71.24,16.3,78.3,6.84,74,Moderate
5.71,6.79,50.79,15.86,0.1,56.32,25.4,63.6,0.6,48,Good
68.43,84.32,50.4,9.72,0.568,56.41,20.0,83.8,1.05,157,Unhealthy
74.71,146.07,62.38,1.15,0.917,26.09,38.6,27.5,0.1,164,Unhealthy
56.22,92.19,60.57,24.57,0.464,46.89,30.4,65.7,5.83,158,Unhealthy
55.54,102.02,38.29,11.35,0.816,101.7,11.9,28.7,8.82,145,Unhealthy for Sensitive Groups
25.03,58.96,118.32,15.61,0.561,46.08,31.1,56.2,0.98,113,Unhealthy for Sensitive Groups
21.48,38.27,11.28,8.06,1.044,51.39,28.4,54.8,1.46,77,Moderate
31.21,58.73,61.6,18.06,0.383,65.83,25.7,39.9,1.68,89,Moderate
62.32,79.05,25.37,20.23,1.2,69.28,23.4,82.2,1.58,156,Unhealthy
108.96,103.3,52.88,3.74,0.175,56.58,36.8,37.1,1.5,185,Unhealthy
45.21,83.88,31.77,3.72,0.542,25.1,13.9,61.4,1.94,128,Unhealthy for Sensitive Groups
52.23,80.58,35.7,8.03,1.467,73.52,24.3,56.2,0.5,145,Unhealthy for Sensitive Groups
10.11,21.05,33.33,38.95,2.739,108.02,8.2,52.4,0.18,47,Good
40.0,102.44,38.17,8.46,2.122,105.89,30.3,22.5,3.86,104,Unhealthy for Sensitive Groups
87.52,133.83,14.05,8.23,0.309,42.06,24.4,72.3,5.62,163,Unhealthy
28.93,40.33,14.84,6.54,0.879,70.06,15.2,21.0,4.99,85,Moderate
34.32,69.96,12.87,45.56,1.466,123.25,26.8,81.5,2.96,102,Unhealthy for Sensitive Groups
23.9,59.73,70.37,14.33,0.957,59.91,38.6,40.0,10.4,84,Moderate
60.62,97.14,56.37,29.52,0.333,66.37,26.1,29.0,0.1,157,Unhealthy
5.94,14.44,15.5,31.77,0.256,22.66,9.3,51.3,1.15,22,Good
103.17,99.78,59.26,4.21,0.304,86.05,24.8,62.0,1.11,175,Unhealthy
43.28,53.86,17.27,5.71,2.511,66.95,27.9,43.3,1.29,116,Unhealthy for Sensitive Groups
50.59,117.19,33.05,15.45,1.186,37.7,18.1,29.1,4.83,135,Unhealthy for Sensitive Groups
63.61,155.96,25.94,4.02,0.881,77.34,45.0,21.4,1.3,151,Unhealthy
19.49,50.1,25.6,5.53,1.74,84.45,10.5,72.8,2.25,69,Moderate
50.02,90.71,29.11,8.86,0.947,42.66,-0.4,86.5,2.86,138,Unhealthy for Sensitive Groups
36.07,81.12,158.67,5.78,1.023,18.46,15.6,27.5,5.6,117,Unhealthy for Sensitive Groups
16.01,35.73,52.13,3.05,0.762,63.48,5.5,37.3,2.87,60,Moderate
73.12,108.07,116.7,6.72,0.121,77.31,34.4,21.5,1.44,158,Unhealthy
40.26,66.73,27.97,12.93,0.377,66.67,35.6,86.4,3.56,115,Unhealthy for Sensitive Groups
12.38,29.58,10.85,4.58,0.576,88.95,8.9,53.4,2.17,57,Moderate
40.06,58.72,38.79,7.06,1.494,17.19,14.1,89.4,2.25,115,Unhealthy for Sensitive Groups
12.14,21.4,33.01,9.64,1.683,34.63,12.9,55.1,1.22,57,Moderate
28.23,52.48,52.04,46.57,0.141,65.54,24.8,84.7,0.1,86,Moderate
61.51,67.37,82.26,5.32,0.465,21.06,29.7,91.4,1.32,146,Unhealthy for Sensitive Groups
8.86,21.14,5.0,35.21,0.789,41.05,40.0,45.1,1.08,41,Good
75.68,90.37,157.58,1.0,0.25,46.82,29.2,68.1,0.32,165,Unhealthy
45.61,86.95,44.1,23.74,1.419,85.41,21.6,70.0,0.66,134,Unhealthy for Sensitive Groups
70.22,126.58,54.63,20.18,1.882,92.66,21.2,21.6,11.87,154,Unhealthy
82.41,151.09,115.75,23.66,4.878,78.09,26.0,52.9,0.98,166,Unhealthy
22.03,36.86,13.18,21.36,0.749,106.86,26.6,84.1,2.19,72,Moderate
36.5,40.53,38.88,27.65,0.783,94.99,23.8,91.0,2.39,102,Unhealthy for Sensitive Groups
53.0,90.6,12.31,8.61,2.177,79.75,26.0,87.4,2.46,136,Unhealthy for Sensitive Groups
17.18,34.5,14.24,35.73,1.978,79.0,24.8,93.0,0.15,59,Moderate
22.45,36.79,82.53,5.61,1.338,45.34,10.5,69.0,4.43,80,Moderate
19.87,55.23,66.06,1.0,0.518,25.13,26.5,37.5,3.93,65,Moderate
13.08,28.57,7.81,1.15,0.482,42.15,16.3,63.2,11.34,55,Moderate
12.27,39.65,33.66,14.23,0.689,81.04,27.1,51.6,0.61,59,Moderate
17.33,26.91,77.79,18.63,0.923,52.17,29.9,39.4,2.42,80,Moderate
34.16,36.22,67.22,24.79,1.172,75.28,36.8,78.0,4.89,93,Moderate
24.05,68.58,28.72,13.72,1.276,14.29,24.7,67.2,0.4,81,Moderate
76.89,99.95,45.98,6.17,0.984,73.15,18.6,79.3,4.68,167,Unhealthy
31.44,43.11,42.63,24.26,0.59,38.62,33.4,40.2,0.94,94,Moderate
36.53,51.98,40.17,12.37,0.126,41.78,25.6,87.8,0.99,111,Unhealthy for Sensitive Groups
115.67,179.22,51.29,5.84,1.434,101.65,44.6,37.9,8.73,181,Unhealthy
4.63,11.62,27.64,17.61,0.93,113.78,10.8,65.1,1.13,37,Good
44.41,44.33,114.3,12.02,0.861,33.15,19.2,24.3,2.63,124,Unhealthy for Sensitive Groups
33.33,65.95,16.34,89.3,0.693,54.23,17.9,60.6,1.74,84,Moderate
52.1,85.61,81.14,69.32,3.839,56.9,43.4,27.4,0.24,153,Unhealthy
28.59,53.69,20.55,5.28,2.264,78.43,29.5,44.9,9.02,79,Moderate
40.69,62.07,62.93,1.05,1.497,48.24,6.3,84.6,0.72,113,Unhealthy for Sensitive Groups
89.61,110.25,20.96,4.07,1.225,39.87,7.1,87.0,0.93,166,Unhealthy
57.79,79.9,51.12,1.41,0.971,67.33,33.6,77.5,1.42,150,Unhealthy for Sensitive Groups
42.13,40.59,41.05,20.04,0.368,62.02,14.4,47.6,2.07,117,Unhealthy for Sensitive Groups
28.44,53.32,69.87,32.96,0.621,81.69,25.1,63.4,0.47,90,Moderate
17.13,39.46,17.39,4.1,2.08,42.94,22.9,36.8,2.98,63,Moderate
21.75,42.51,13.68,30.81,0.904,54.88,44.8,70.9,2.17,71,Moderate
44.76,55.71,128.0,2.68,2.304,79.43,22.6,46.1,1.08,121,Unhealthy for Sensitive Groups
83.93,254.88,23.05,29.99,0.976,58.48,20.8,36.6,3.54,164,Unhealthy
46.55,82.87,48.16,4.99,1.446,18.03,30.6,63.9,2.17,133,Unhealthy for Sensitive Groups
23.86,55.98,7.17,13.2,0.943,100.62,36.1,28.4,5.51,77,Moderate
4.65,5.0,34.61,24.87,4.07,57.89,26.2,71.5,5.8,29,Good
27.83,33.5,30.58,8.65,0.753,58.34,2.0,34.0,11.75,86,Moderate
21.77,61.94,87.93,2.4,0.683,123.18,33.1,61.5,0.21,95,Moderate
36.03,94.52,17.99,58.99,0.667,112.82,11.4,49.4,1.56,98,Moderate
22.35,57.51,88.88,2.41,0.54,83.75,9.6,62.5,2.09,79,Moderate
86.3,194.13,17.43,46.21,2.061,32.84,20.1,38.4,0.8,167,Unhealthy
26.25,61.2,40.45,19.65,6.101,94.38,26.3,43.3,7.65,83,Moderate
71.37,162.85,98.92,33.35,1.047,15.71,39.6,30.5,0.28,167,Unhealthy
8.21,15.99,23.79,21.59,1.499,63.4,4.6,78.3,1.68,30,Good
29.68,59.99,76.08,2.54,0.719,48.39,26.5,25.3,0.61,86,Moderate
17.26,50.42,48.52,1.5,3.103,42.46,39.8,48.2,3.44,59,Moderate
94.36,118.02,44.67,6.15,1.296,65.8,24.0,53.7,3.66,174,Unhealthy
32.18,59.18,50.07,1.0,0.703,75.33,32.7,34.6,6.18,87,Moderate
82.85,173.96,82.63,13.74,1.993,79.66,31.9,48.9,1.58,172,Unhealthy
63.5,146.44,48.07,14.46,0.955,57.96,19.3,51.4,4.48,157,Unhealthy
34.57,55.35,13.12,9.84,0.126,54.75,31.1,36.8,2.39,92,Moderate
18.57,34.68,66.88,4.04,0.327,81.35,26.2,67.9,5.02,63,Moderate
29.34,63.5,81.18,16.32,0.25,81.96,21.8,22.3,0.27,88,Moderate
40.73,67.12,55.38,5.0,2.205,63.45,41.0,34.8,1.87,110,Unhealthy for Sensitive Groups
63.24,132.01,24.31,12.69,0.507,38.36,23.3,66.8,0.49,151,Unhealthy
49.34,64.44,75.79,4.73,0.277,17.73,40.1,67.1,4.69,131,Unhealthy for Sensitive Groups
83.3,105.65,15.81,8.2,1.264,76.49,21.6,39.9,0.5,161,Unhealthy
86.78,176.47,45.03,82.11,1.173,84.32,23.7,71.2,0.1,156,Unhealthy
43.25,89.41,47.84,26.8,2.024,54.93,22.7,55.2,7.96,124,Unhealthy for Sensitive Groups
14.69,43.56,28.3,2.73,2.433,69.33,35.5,59.5,1.99,62,Moderate
63.42,69.97,94.25,47.07,0.761,93.0,16.4,44.9,12.64,146,Unhealthy for Sensitive Groups
115.05,198.57,25.17,21.31,2.826,110.27,29.6,93.8,1.81,182,Unhealthy
86.23,128.02,20.36,9.24,2.134,50.11,29.0,75.3,2.68,165,Unhealthy
51.07,107.8,19.73,10.84,0.122,57.81,29.0,38.6,4.09,137,Unhealthy for Sensitive Groups
16.18,51.8,59.31,16.33,1.433,71.36,45.0,37.7,0.99,55,Moderate
43.69,63.13,67.08,46.47,0.444,29.63,22.9,78.1,0.43,119,Unhealthy for Sensitive Groups
10.86,12.95,48.73,19.42,0.401,6.39,45.0,49.1,3.25,57,Moderate
17.7,29.12,50.04,6.07,2.716,26.64,36.2,26.9,2.14,66,Moderate
54.37,62.95,32.78,9.2,2.054,53.12,10.5,22.7,5.26,147,Unhealthy for Sensitive Groups
7.09,19.57,11.58,6.22,2.221,41.9,13.6,51.0,0.14,22,Good
24.2,65.66,12.26,16.81,0.917,39.61,35.3,51.1,2.36,74,Moderate
11.77,32.74,37.28,20.89,0.177,61.28,17.6,73.0,0.62,48,Good
18.4,39.25,27.0,21.09,0.193,59.63,27.5,63.1,2.88,59,Moderate
31.84,95.17,15.15,36.39,0.381,41.1,18.1,77.8,4.29,93,Moderate
18.07,31.35,24.38,20.09,2.173,19.64,20.4,43.8,0.92,62,Moderate
13.68,16.22,84.97,3.75,0.665,70.2,22.5,66.8,1.97,88,Moderate
33.7,61.85,48.52,37.95,2.689,86.35,34.9,86.4,1.64,92,Moderate
12.07,22.03,107.89,11.01,0.52,44.54,22.7,25.2,4.22,104,Unhealthy for Sensitive Groups
79.76,174.9,49.01,12.44,3.162,50.38,39.3,73.1,2.75,166,Unhealthy
59.48,96.96,200.0,8.67,1.905,80.32,15.2,73.7,0.39,154,Unhealthy
77.12,83.75,55.46,5.37,0.417,86.21,32.9,79.6,11.28,160,Unhealthy
23.11,21.76,43.77,5.85,1.004,48.55,27.1,40.2,7.3,77,Moderate
55.52,80.2,41.67,27.82,2.034,57.41,12.7,51.2,2.59,148,Unhealthy for Sensitive Groups
43.67,90.47,23.88,13.71,1.057,96.88,19.1,38.0,4.51,111,Unhealthy for Sensitive Groups
28.88,28.11,37.57,8.95,0.674,81.93,23.8,43.1,0.1,84,Moderate
29.09,74.08,97.31,36.96,0.646,31.5,37.4,92.6,0.68,97,Moderate
8.32,24.17,19.72,20.11,0.518,17.09,23.7,53.4,4.38,30,Good
13.79,28.27,30.32,10.04,0.498,53.07,45.0,83.6,0.34,54,Moderate
35.68,76.22,38.11,40.53,0.826,35.85,21.8,79.6,0.13,92,Moderate
27.01,47.05,26.62,34.06,0.354,71.69,26.0,53.3,2.87,85,Moderate
52.44,79.0,28.56,9.02,0.618,77.84,38.2,94.4,0.1,145,Unhealthy for Sensitive Groups
22.66,26.81,31.79,6.93,1.528,66.4,12.4,83.1,0.61,73,Moderate
29.88,38.52,60.71,22.52,0.407,39.86,37.0,56.2,0.25,94,Moderate
30.18,71.89,68.48,8.48,0.305,28.24,18.5,43.2,2.29,84,Moderate
27.66,38.03,15.19,13.9,0.296,76.53,22.7,25.6,3.39,87,Moderate
32.47,71.08,117.9,11.55,0.658,80.72,27.5,54.9,0.61,106,Unhealthy for Sensitive Groups
56.52,94.11,71.66,14.33,0.333,87.68,16.9,47.0,1.9,149,Unhealthy for Sensitive Groups
93.54,178.65,56.93,43.31,0.793,52.74,45.0,73.4,0.1,169,Unhealthy
17.1,23.04,15.99,14.07,1.248,57.72,27.2,21.5,0.92,61,Moderate
29.81,46.61,166.04,24.93,0.49,80.28,26.4,82.4,0.59,114,Unhealthy for Sensitive Groups
52.74,88.29,14.48,15.01,0.194,60.29,19.1,51.2,0.54,144,Unhealthy for Sensitive Groups
98.9,154.57,52.08,13.74,2.613,45.69,11.6,55.2,0.76,166,Unhealthy
42.83,113.35,35.35,4.05,0.768,39.02,36.4,33.7,4.91,123,Unhealthy for Sensitive Groups
74.89,111.26,102.75,1.44,0.895,77.96,22.3,90.3,8.97,165,Unhealthy
16.38,42.96,15.4,5.8,1.594,52.7,28.3,49.9,3.67,60,Moderate
91.75,163.25,54.0,1.0,0.295,46.39,15.2,83.2,0.22,174,Unhealthy
79.04,137.41,10.49,6.14,0.519,71.25,33.1,37.8,2.97,158,Unhealthy
16.55,32.23,35.92,13.94,0.901,42.19,21.9,27.2,3.97,68,Moderate
30.18,67.28,46.98,7.77,1.225,45.55,8.5,67.7,0.35,84,Moderate
6.45,17.98,25.32,1.16,0.828,61.0,22.1,93.8,1.05,31,Good
53.84,67.11,12.77,97.11,0.99,48.34,32.8,68.5,1.68,147,Unhealthy for Sensitive Groups
69.79,159.5,109.14,12.03,0.83,95.37,30.9,65.7,1.12,160,Unhealthy
28.73,31.72,15.6,11.72,0.773,73.33,28.8,53.2,2.19,92,Moderate
19.91,16.67,17.33,34.61,0.1,63.17,24.6,41.3,0.42,70,Moderate
18.85,37.6,21.94,30.39,1.333,95.11,25.4,52.3,1.77,61,Moderate
41.08,75.11,88.2,11.73,0.204,61.99,19.4,31.2,3.96,117,Unhealthy for Sensitive Groups
69.21,117.88,42.34,12.91,3.048,87.05,36.6,39.6,1.85,168,Unhealthy
123.14,236.37,10.64,52.68,0.6,35.14,24.5,56.6,0.71,195,Unhealthy
5.37,11.38,20.29,11.91,0.705,44.2,19.7,30.9,4.86,27,Good
70.26,127.27,63.92,28.9,1.012,36.05,42.9,79.4,1.5,160,Unhealthy
55.75,101.49,13.75,7.09,2.237,72.61,37.4,20.9,1.66,147,Unhealthy for Sensitive Groups
88.11,92.77,18.31,4.68,0.944,21.38,26.0,44.1,1.33,169,Unhealthy
64.46,121.98,16.48,20.39,0.161,67.94,21.5,58.7,1.03,155,Unhealthy
50.56,78.7,43.57,28.55,0.799,47.65,21.8,89.7,2.76,135,Unhealthy for Sensitive Groups
37.92,52.87,38.51,3.05,0.346,63.26,15.4,63.0,0.62,106,Unhealthy for Sensitive Groups
38.84,88.68,23.71,19.61,0.358,59.51,34.5,42.1,4.4,105,Unhealthy for Sensitive Groups
31.81,65.65,32.33,7.4,0.382,73.88,43.4,46.4,1.97,104,Unhealthy for Sensitive Groups
43.66,78.54,16.77,1.0,1.229,115.9,30.7,45.4,6.45,119,Unhealthy for Sensitive Groups
60.38,119.74,32.23,3.34,1.306,110.48,40.5,33.5,8.39,157,Unhealthy
21.31,41.8,28.84,8.7,1.529,80.42,33.6,30.9,1.45,70,Moderate
57.38,126.68,12.13,28.37,0.528,51.42,10.3,56.0,0.52,145,Unhealthy for Sensitive Groups
74.94,114.73,95.24,22.59,0.973,64.72,39.6,40.3,2.11,160,Unhealthy
29.92,41.9,83.05,2.82,1.388,50.06,22.8,26.9,0.95,88,Moderate
55.23,94.44,11.18,20.65,2.742,41.6,27.2,36.2,1.67,157,Unhealthy
50.89,64.33,48.71,5.15,0.177,11.18,15.9,59.1,1.42,138,Unhealthy for Sensitive Groups
27.75,43.4,50.3,18.97,0.982,54.3,7.5,39.3,1.8,78,Moderate
46.23,106.06,32.96,5.7,0.333,66.9,18.8,37.8,2.07,121,Unhealthy for Sensitive Groups
119.18,152.58,37.61,49.63,1.194,75.29,27.7,66.5,2.96,189,Unhealthy
95.18,93.29,53.05,6.34,0.226,62.82,26.3,71.7,0.1,168,Unhealthy
12.31,23.37,30.05,9.31,1.004,42.64,33.0,38.1,0.89,51,Moderate
52.02,105.15,19.85,5.15,0.548,47.54,27.9,55.4,0.56,133,Unhealthy for Sensitive Groups
66.16,91.27,48.08,20.88,0.162,83.09,26.5,77.3,3.72,164,Unhealthy
24.05,64.95,5.1,4.91,0.601,17.26,19.6,71.7,5.36,71,Moderate
57.39,89.76,46.51,1.16,0.783,47.26,45.0,25.2,3.88,156,Unhealthy
28.73,47.16,45.2,17.82,2.393,60.58,44.7,47.0,11.03,91,Moderate
34.74,43.49,27.16,17.16,0.941,49.74,27.7,74.2,0.24,109,Unhealthy for Sensitive Groups
29.56,50.41,73.97,3.85,0.558,22.04,11.1,33.5,1.88,82,Moderate
20.06,16.98,41.24,5.31,0.346,83.37,28.7,34.7,6.89,68,Moderate
53.35,108.64,95.65,10.29,2.385,89.1,12.4,67.3,1.15,159,Unhealthy
10.61,19.42,56.05,21.83,0.704,35.32,11.0,41.3,4.86,50,Good
26.25,79.8,12.34,59.72,1.969,5.0,35.0,44.3,2.47,80,Moderate
48.51,85.03,23.2,21.7,0.697,110.0,16.5,59.2,11.53,136,Unhealthy for Sensitive Groups
22.98,30.49,20.38,23.97,0.645,49.61,20.1,76.3,1.39,78,Moderate
103.08,172.43,26.72,25.09,0.77,35.68,34.2,57.4,1.62,185,Unhealthy
34.62,52.7,97.8,48.08,1.57,57.21,29.7,87.0,0.54,95,Moderate
100.45,242.74,10.86,14.37,0.688,68.02,32.0,28.0,0.52,171,Unhealthy
13.24,13.2,79.35,17.31,1.137,44.28,43.0,76.6,5.92,78,Moderate
54.7,86.69,109.58,5.24,3.165,63.25,19.7,60.8,1.57,156,Unhealthy
56.65,92.89,82.29,4.04,0.479,57.01,28.4,81.3,2.91,148,Unhealthy for Sensitive Groups
38.01,45.15,66.71,7.68,0.718,42.81,40.0,43.7,4.19,105,Unhealthy for Sensitive Groups
31.24,63.03,8.45,25.85,1.821,19.17,15.8,56.2,1.73,88,Moderate
59.91,110.05,9.67,27.02,1.611,93.3,23.7,81.8,9.22,152,Unhealthy
67.08,134.65,49.62,13.12,0.74,74.12,33.6,82.4,8.35,154,Unhealthy
46.01,87.98,36.6,32.52,2.035,40.8,12.7,48.2,3.42,128,Unhealthy for Sensitive Groups
50.14,86.39,11.74,8.59,0.656,70.14,27.3,81.7,16.02,135,Unhealthy for Sensitive Groups
16.99,35.87,46.59,3.51,1.035,38.27,22.1,71.2,0.1,66,Moderate
61.71,106.48,49.48,21.87,1.547,59.04,15.9,50.7,0.1,154,Unhealthy
97.6,131.69,64.21,16.57,3.047,74.84,37.0,92.7,0.21,163,Unhealthy
84.03,140.57,76.7,17.02,2.477,71.6,34.2,22.3,8.62,173,Unhealthy
18.22,40.64,58.77,49.56,0.702,49.84,30.3,48.7,2.79,67,Moderate
15.01,35.26,19.9,16.92,1.751,80.41,32.1,43.0,7.88,63,Moderate
152.1,235.12,14.24,29.49,2.097,60.26,21.0,90.2,0.41,201,Very Unhealthy
68.17,187.19,75.76,16.49,0.374,46.82,25.5,27.5,0.1,167,Unhealthy
79.45,146.69,11.41,2.45,1.305,101.88,16.8,67.1,2.35,167,Unhealthy
101.48,194.38,10.88,10.86,0.512,31.9,32.7,73.7,0.58,178,Unhealthy
49.66,76.91,26.52,8.04,1.164,70.0,16.0,33.8,5.89,125,Unhealthy for Sensitive Groups
78.55,139.3,112.34,41.98,1.969,95.42,20.0,31.2,1.64,162,Unhealthy
86.67,165.8,24.8,43.96,0.1,17.45,14.8,23.6,4.41,170,Unhealthy
25.44,41.63,7.99,47.16,2.65,100.92,27.2,31.9,2.18,80,Moderate
57.19,72.82,17.33,15.6,2.554,102.24,22.4,80.6,2.26,149,Unhealthy for Sensitive Groups
95.62,92.96,19.88,1.0,1.797,48.29,29.0,90.8,3.44,157,Unhealthy
23.08,25.8,50.81,19.61,0.592,67.23,18.4,87.6,1.23,75,Moderate
29.64,68.9,18.57,8.99,2.377,41.59,17.5,47.4,8.92,89,Moderate
94.32,117.88,6.5,14.93,1.571,39.37,29.4,74.4,1.53,178,Unhealthy
57.66,78.29,200.0,4.51,3.08,31.7,23.7,82.0,1.52,155,Unhealthy
52.78,96.09,6.5,41.32,0.735,102.36,45.0,80.9,3.69,144,Unhealthy for Sensitive Groups
41.24,81.96,8.5,25.38,0.198,54.19,31.5,24.7,3.03,115,Unhealthy for Sensitive Groups
100.31,162.59,73.85,10.81,0.892,25.35,26.4,36.1,16.4,175,Unhealthy
21.19,23.23,13.24,5.81,1.234,85.96,38.0,90.4,5.7,67,Moderate
31.07,45.49,58.59,28.07,1.135,76.83,35.0,75.5,1.0,88,Moderate
13.17,14.93,46.23,32.69,0.489,69.4,26.8,82.6,0.32,54,Moderate
40.46,42.91,28.36,8.96,0.833,43.54,45.0,58.6,0.34,119,Unhealthy for Sensitive Groups
55.83,70.67,68.73,6.06,0.804,49.92,36.6,49.5,1.35,155,Unhealthy
10.14,17.9,37.67,15.69,0.908,111.82,13.9,68.8,1.95,44,Good
27.93,20.52,75.76,18.91,1.691,69.63,21.7,55.5,3.04,77,Moderate
35.45,65.14,69.1,3.64,0.1,46.78,7.1,48.0,5.85,71,Moderate
66.92,75.4,14.84,30.23,0.991,78.59,10.4,46.1,13.68,158,Unhealthy
104.78,208.65,37.75,11.21,1.104,81.09,45.0,31.8,1.58,188,Unhealthy
62.01,109.03,43.47,36.4,0.275,105.33,38.5,59.7,2.37,154,Unhealthy
27.58,64.38,30.96,36.88,1.398,61.64,8.2,59.0,2.75,87,Moderate
54.86,57.89,70.15,34.45,1.116,78.31,24.9,64.3,2.45,151,Unhealthy
43.15,81.21,46.83,2.25,2.347,73.29,21.4,28.7,0.28,119,Unhealthy for Sensitive Groups
36.76,44.92,13.24,3.23,0.373,42.14,45.0,88.6,0.37,104,Unhealthy for Sensitive Groups
36.43,70.32,9.69,26.86,0.26,25.85,1.5,75.7,6.59,101,Unhealthy for Sensitive Groups
21.85,63.54,21.12,26.79,2.904,75.54,18.7,29.8,3.38,74,Moderate
47.01,115.31,38.29,4.01,0.571,77.31,18.8,26.0,3.41,123,Unhealthy for Sensitive Groups
41.21,80.29,44.22,12.7,1.995,5.0,17.9,68.2,5.06,129,Unhealthy for Sensitive Groups
33.43,88.76,42.79,31.63,0.896,73.25,27.6,45.6,0.26,95,Moderate
27.27,66.54,38.84,21.57,0.943,58.02,33.9,43.9,1.61,80,Moderate
80.91,71.79,61.82,26.34,0.543,70.89,19.8,83.0,0.85,163,Unhealthy
46.88,153.99,25.56,18.76,0.772,47.97,24.2,45.9,3.24,134,Unhealthy for Sensitive Groups
41.95,33.94,112.78,22.39,0.285,96.36,15.5,67.4,0.73,120,Unhealthy for Sensitive Groups
60.77,121.8,9.17,13.34,0.369,85.75,16.3,60.3,3.53,153,Unhealthy
29.58,55.29,5.0,11.0,1.143,25.27,29.1,39.7,1.47,85,Moderate
48.56,56.06,48.17,15.24,1.226,35.51,30.8,44.9,1.74,128,Unhealthy for Sensitive Groups
31.13,63.28,48.49,30.27,1.178,61.51,6.6,90.7,5.11,91,Moderate
108.09,177.96,40.67,8.07,1.899,44.53,17.7,44.9,1.28,180,Unhealthy
101.34,137.68,24.14,9.76,1.497,87.04,21.8,78.8,0.89,164,Unhealthy
31.43,45.92,59.6,3.66,0.283,34.69,21.1,84.6,5.7,96,Moderate
24.78,58.16,11.77,11.11,0.164,86.82,22.4,25.3,3.47,80,Moderate
39.48,120.18,6.55,3.75,1.592,5.0,-0.1,69.7,1.55,109,Unhealthy for Sensitive Groups
71.72,121.23,91.27,34.13,0.29,49.88,35.7,76.2,2.07,159,Unhealthy
23.45,43.7,25.99,12.31,1.077,94.71,24.2,52.6,1.28,70,Moderate
20.45,33.46,35.82,4.66,0.434,58.57,45.0,62.7,2.4,69,Moderate
2.26,5.2,23.46,30.57,0.488,60.69,31.3,32.1,0.45,12,Good
44.23,84.45,16.51,4.82,0.865,79.45,28.8,43.9,6.58,127,Unhealthy for Sensitive Groups
9.78,19.52,48.37,3.0,0.417,73.19,16.4,73.1,2.42,44,Good
31.63,38.24,43.6,1.01,0.928,57.2,19.2,65.2,1.46,82,Moderate
86.47,156.35,44.06,11.97,1.469,92.96,33.0,30.2,2.54,172,Unhealthy
84.04,93.85,10.45,13.28,1.012,63.23,22.2,94.1,0.53,163,Unhealthy
95.05,119.21,31.53,22.59,0.657,73.56,18.1,90.3,0.25,168,Unhealthy
91.4,209.02,13.96,15.51,0.369,83.63,43.9,36.8,2.38,167,Unhealthy
137.51,274.95,106.83,14.76,0.617,5.0,28.7,85.6,0.22,190,Unhealthy
33.38,56.3,17.52,4.34,1.396,42.02,32.9,40.0,3.24,98,Moderate
33.18,53.34,110.67,31.7,1.663,45.26,21.9,62.3,4.83,102,Unhealthy for Sensitive Groups
50.56,96.33,37.36,17.99,0.476,76.47,37.2,78.7,13.36,136,Unhealthy for Sensitive Groups
14.78,17.75,12.54,11.28,1.833,103.58,19.7,45.8,4.4,55,Moderate
33.01,42.82,60.25,16.24,1.072,13.35,36.9,61.6,10.96,101,Unhealthy for Sensitive Groups
55.74,95.77,106.4,24.59,1.177,49.6,20.5,53.8,0.1,148,Unhealthy for Sensitive Groups
42.4,137.95,85.93,3.77,1.271,87.36,41.3,77.0,2.46,117,Unhealthy for Sensitive Groups
56.63,94.6,40.74,6.45,0.589,16.5,38.1,55.9,0.54,146,Unhealthy for Sensitive Groups
42.01,44.18,22.87,1.0,2.499,69.58,20.8,62.5,0.84,123,Unhealthy for Sensitive Groups
16.66,16.18,18.94,12.84,2.817,71.39,45.0,83.4,3.98,57,Moderate
14.28,36.12,34.02,20.21,0.326,73.44,26.5,72.4,0.87,63,Moderate
5.53,15.94,6.21,18.38,0.224,31.89,42.2,59.6,0.59,35,Good
34.04,37.89,15.58,24.8,1.123,58.99,13.8,54.6,1.39,100,Moderate
10.54,27.86,27.01,23.17,0.425,29.95,32.1,29.5,0.26,40,Good
27.5,65.09,58.84,13.59,1.429,87.68,29.0,24.2,0.48,78,Moderate
40.19,112.37,20.77,21.73,1.139,33.39,21.1,91.5,0.48,118,Unhealthy for Sensitive Groups
15.43,23.95,105.98,44.4,0.618,60.94,34.6,34.0,0.77,103,Unhealthy for Sensitive Groups
45.44,66.78,50.37,29.67,0.213,112.27,38.1,40.8,6.14,125,Unhealthy for Sensitive Groups
32.08,38.55,24.35,27.91,1.003,88.19,30.4,65.8,1.05,95,Moderate
63.14,121.56,23.1,9.05,0.124,15.79,29.0,82.1,0.96,150,Unhealthy for Sensitive Groups
72.75,121.36,16.51,10.04,1.645,52.41,27.7,82.5,0.4,159,Unhealthy
24.57,62.01,42.86,32.54,0.347,61.65,30.3,82.2,0.1,72,Moderate
39.06,49.59,16.2,3.54,0.993,55.25,33.0,93.4,0.52,111,Unhealthy for Sensitive Groups
35.38,48.49,46.88,14.74,0.336,69.71,32.5,24.2,3.85,103,Unhealthy for Sensitive Groups
28.1,41.5,9.79,29.49,0.821,75.39,31.1,50.0,10.5,90,Moderate
23.44,48.71,11.97,15.05,0.21,105.84,20.6,88.5,4.09,71,Moderate
52.75,85.24,31.49,12.08,2.858,48.32,35.1,55.1,5.76,148,Unhealthy for Sensitive Groups
85.05,109.81,12.1,24.67,1.002,78.58,30.8,85.3,4.64,157,Unhealthy
63.19,163.02,57.6,20.17,0.233,55.45,28.9,21.3,1.05,149,Unhealthy for Sensitive Groups
14.28,24.71,6.0,27.68,0.426,99.21,22.8,57.8,3.94,59,Moderate
92.51,152.49,11.21,59.73,0.454,69.78,34.9,89.2,4.17,173,Unhealthy
25.45,25.66,98.69,10.74,1.44,61.02,4.6,39.6,0.9,100,Moderate
55.75,105.54,88.19,22.77,1.195,53.46,24.5,89.7,7.6,143,Unhealthy for Sensitive Groups
47.92,84.91,76.47,10.91,0.472,38.25,21.1,20.6,18.57,137,Unhealthy for Sensitive Groups
9.13,15.97,10.74,3.73,0.559,81.67,20.3,25.9,2.47,39,Good
44.92,60.07,39.97,12.32,0.713,39.48,22.4,55.8,1.14,125,Unhealthy for Sensitive Groups
69.82,215.1,29.91,2.42,0.439,13.34,14.7,28.0,1.33,162,Unhealthy
6.25,6.06,33.69,4.6,0.429,35.98,21.6,36.9,2.62,29,Good
144.6,276.97,49.61,22.08,0.966,63.82,13.2,42.3,0.1,203,Very Unhealthy
8.59,20.71,84.02,20.33,1.583,29.46,29.1,56.1,1.11,84,Moderate
51.85,78.68,32.8,37.77,0.67,39.87,34.4,49.3,0.15,143,Unhealthy for Sensitive Groups
11.89,21.8,11.17,32.76,0.559,12.73,35.5,89.2,2.94,53,Moderate
52.01,69.4,48.6,6.36,0.988,39.32,30.5,86.5,2.78,133,Unhealthy for Sensitive Groups
84.57,149.01,38.9,24.97,0.109,102.8,19.4,76.1,2.68,164,Unhealthy
64.47,135.98,59.65,20.16,1.225,44.17,13.9,69.4,0.49,153,Unhealthy
92.39,160.8,64.66,8.72,2.355,57.29,18.5,35.3,8.68,166,Unhealthy
35.49,38.28,86.68,16.53,0.901,116.04,21.8,65.1,2.29,87,Moderate
10.04,11.59,27.86,5.86,0.588,68.28,18.7,31.0,2.43,40,Good
95.6,122.11,102.13,35.42,0.635,67.3,45.0,54.0,2.36,176,Unhealthy
162.84,262.79,116.48,21.16,0.388,36.14,32.0,54.6,2.23,214,Very Unhealthy
33.18,59.56,43.78,38.45,0.842,65.67,30.8,71.7,8.36,91,Moderate
29.76,74.99,65.81,14.13,2.016,103.3,28.1,82.6,2.76,89,Moderate
17.41,22.56,63.49,5.89,0.963,29.79,20.0,44.0,1.99,57,Moderate
68.1,99.31,30.35,1.32,0.901,55.36,26.4,23.1,4.36,151,Unhealthy
73.16,171.99,80.26,7.12,1.074,30.65,32.0,23.5,0.87,158,Unhealthy
32.75,46.72,47.3,6.95,0.85,100.41,34.6,85.6,0.64,97,Moderate
108.33,125.56,62.24,24.93,0.605,30.5,28.0,56.5,1.74,181,Unhealthy
64.57,107.62,69.32,17.21,2.588,42.41,32.6,38.6,0.1,158,Unhealthy
45.27,69.27,60.19,28.83,1.556,31.01,20.2,22.4,1.04,122,Unhealthy for Sensitive Groups
62.58,108.54,47.7,8.28,0.486,25.44,9.3,59.7,1.63,151,Unhealthy
14.6,42.69,56.49,31.24,1.214,62.3,38.2,30.3,2.59,44,Good
67.61,92.29,170.21,11.81,0.471,51.25,19.1,51.3,2.35,150,Unhealthy for Sensitive Groups
15.36,29.03,129.48,6.39,0.466,68.77,19.0,58.7,1.37,115,Unhealthy for Sensitive Groups
21.69,32.61,36.49,1.44,0.107,75.53,16.2,37.2,1.26,71,Moderate
48.23,84.49,97.87,3.4,0.588,17.96,28.1,34.9,0.1,130,Unhealthy for Sensitive Groups
124.88,277.99,172.07,7.36,0.559,67.55,19.6,21.5,6.39,191,Unhealthy
50.22,115.3,27.58,16.19,0.928,37.18,39.9,63.9,0.79,139,Unhealthy for Sensitive Groups
16.56,41.14,44.85,6.07,1.295,63.6,39.6,35.0,1.33,62,Moderate
53.08,73.51,63.04,62.58,1.485,68.34,28.9,85.9,0.1,142,Unhealthy for Sensitive Groups
56.49,76.02,149.87,23.79,1.096,53.53,18.0,65.3,9.43,151,Unhealthy
104.8,166.96,113.73,4.35,0.921,92.92,43.6,61.7,2.05,179,Unhealthy
38.36,69.43,36.61,8.73,1.742,24.18,36.5,57.9,0.1,113,Unhealthy for Sensitive Groups
23.1,40.45,40.38,9.97,0.76,31.85,18.3,36.1,0.87,73,Moderate
171.26,309.98,25.06,18.25,0.112,66.1,29.2,92.7,6.34,224,Very Unhealthy
53.15,68.72,13.98,1.54,0.56,112.8,27.9,92.5,1.41,136,Unhealthy for Sensitive Groups
22.87,21.57,57.83,47.81,0.79,36.47,30.9,44.1,3.51,69,Moderate
38.13,44.25,48.63,59.51,0.606,58.37,26.5,78.2,2.85,105,Unhealthy for Sensitive Groups
29.83,42.81,34.15,20.29,0.118,89.77,25.2,28.9,1.92,82,Moderate
91.96,107.08,20.14,37.56,1.572,82.9,45.0,78.5,5.37,167,Unhealthy
61.77,103.15,28.07,16.82,0.473,75.38,31.0,41.5,0.12,167,Unhealthy
25.03,57.15,99.96,10.22,0.566,42.01,18.5,41.7,7.31,109,Unhealthy for Sensitive Groups
73.19,103.69,16.56,4.63,1.01,59.36,21.1,58.0,3.8,153,Unhealthy
28.85,76.94,6.69,19.77,1.097,60.74,44.0,49.4,5.98,85,Moderate
41.29,58.33,59.69,14.16,0.359,86.08,22.2,28.8,0.1,113,Unhealthy for Sensitive Groups
29.41,46.71,31.93,25.64,0.294,56.68,16.3,64.5,0.27,84,Moderate
24.74,37.63,68.61,5.38,0.154,93.9,26.2,36.0,0.69,70,Moderate
126.51,223.39,57.16,23.1,1.443,58.63,23.8,53.3,2.7,187,Unhealthy
71.07,171.65,10.1,8.2,1.072,63.49,39.7,37.3,0.29,155,Unhealthy
6.4,5.0,42.49,5.24,0.686,56.8,41.6,84.3,8.04,33,Good
18.84,28.76,27.03,7.54,0.149,55.56,22.8,45.4,4.14,61,Moderate
17.48,30.05,78.27,6.37,0.825,58.22,34.1,86.6,4.94,82,Moderate
32.49,74.56,56.91,18.65,2.966,60.86,24.5,44.5,2.63,91,Moderate
31.91,42.51,14.99,25.13,0.709,19.47,17.8,33.5,2.99,89,Moderate
103.25,158.73,10.11,2.52,0.768,53.0,43.8,63.2,0.75,175,Unhealthy
30.97,67.87,68.99,7.02,0.721,102.22,45.0,61.6,7.23,96,Moderate
154.44,281.24,82.26,22.8,0.32,14.66,29.4,66.4,3.14,197,Unhealthy
29.46,36.65,11.54,26.19,0.1,53.88,19.7,42.7,1.62,90,Moderate
147.83,174.19,76.57,17.25,1.422,45.97,16.2,44.0,6.4,199,Unhealthy
33.88,56.57,32.99,12.87,0.524,68.17,32.6,37.8,5.98,101,Unhealthy for Sensitive Groups
34.34,49.96,5.0,5.62,0.224,72.75,39.3,89.6,0.1,100,Moderate
56.08,107.96,18.3,3.06,0.767,63.65,27.5,71.2,7.76,160,Unhealthy
70.25,95.96,27.1,10.12,1.775,9.69,37.1,76.7,1.35,155,Unhealthy
13.79,23.88,5.0,10.36,0.459,9.3,24.0,34.6,1.65,50,Good
41.26,48.65,79.5,12.52,0.17,5.0,20.6,69.6,0.27,111,Unhealthy for Sensitive Groups
23.05,68.35,66.17,19.0,2.794,56.6,28.8,77.2,6.3,75,Moderate
30.16,45.59,101.62,18.04,0.817,18.91,6.1,45.7,2.32,106,Unhealthy for Sensitive Groups
32.91,67.37,9.93,22.12,1.432,5.0,21.4,31.8,7.08,101,Unhealthy for Sensitive Groups
41.41,52.68,30.01,13.5,1.764,37.01,34.5,72.3,4.55,112,Unhealthy for Sensitive Groups
57.27,108.98,36.91,5.44,0.205,42.93,2.0,65.8,6.85,160,Unhealthy
14.55,47.96,7.87,50.4,0.424,57.95,13.5,63.2,8.88,57,Moderate
11.19,34.51,43.4,3.79,0.885,60.18,25.0,33.7,6.51,46,Good
57.42,95.26,12.17,5.58,0.62,61.52,14.4,39.7,0.71,151,Unhealthy
78.7,175.16,34.56,17.81,0.405,80.5,21.6,66.9,0.22,169,Unhealthy
89.73,118.11,24.93,8.11,1.2,52.67,6.0,66.0,2.9,164,Unhealthy
43.91,77.02,57.64,38.23,1.15,78.72,32.7,61.6,0.51,123,Unhealthy for Sensitive Groups
24.13,50.92,53.3,13.64,1.108,51.25,37.3,77.6,5.97,77,Moderate
27.28,53.92,34.34,21.76,0.966,50.05,11.2,81.1,8.84,76,Moderate
17.2,40.51,23.42,11.54,1.151,45.72,28.5,40.7,0.39,48,Good
47.9,87.48,61.98,2.12,1.683,59.09,24.3,31.8,0.81,132,Unhealthy for Sensitive Groups
62.01,180.53,5.0,69.02,0.55,76.49,31.0,35.1,2.94,148,Unhealthy for Sensitive Groups
18.63,34.61,18.34,16.98,2.32,75.99,41.1,41.1,3.88,63,Moderate
62.08,126.12,12.31,5.43,0.559,75.23,14.9,91.1,2.15,154,Unhealthy
12.88,17.36,92.16,12.8,0.903,67.76,38.9,30.3,1.38,83,Moderate
36.45,112.88,117.35,25.71,0.756,31.19,43.3,85.9,1.1,103,Unhealthy for Sensitive Groups
67.43,70.75,13.26,1.47,0.298,128.93,9.0,35.3,3.29,154,Unhealthy
26.76,61.41,37.28,13.72,2.887,26.67,36.2,46.1,4.09,79,Moderate
22.44,27.29,16.17,10.04,1.018,63.06,17.8,29.4,1.02,70,Moderate
85.78,111.67,19.26,3.91,0.959,134.94,32.7,27.8,1.18,164,Unhealthy
32.1,49.99,30.09,26.23,1.35,82.06,18.5,27.1,1.85,87,Moderate
206.54,262.0,35.59,5.86,2.228,42.49,20.8,45.7,1.79,276,Very Unhealthy
62.59,190.41,29.7,35.66,0.82,90.46,19.9,59.3,5.55,146,Unhealthy for Sensitive Groups
62.9,92.89,11.42,8.32,0.531,64.88,16.7,35.1,1.72,156,Unhealthy
3.73,5.0,37.66,22.98,0.654,39.59,33.8,90.0,11.51,33,Good
30.72,33.83,105.63,17.53,2.239,65.45,31.2,64.0,1.12,97,Moderate
20.37,19.25,76.96,15.88,1.914,50.93,31.4,86.4,3.54,78,Moderate
5.23,5.0,6.91,12.98,2.981,54.63,22.7,31.2,4.27,27,Good
30.39,59.18,80.26,15.14,0.422,61.06,23.7,30.8,2.99,90,Moderate
64.96,154.56,12.83,22.84,0.809,77.49,30.1,83.5,1.37,156,Unhealthy
20.5,29.32,16.55,36.76,0.745,82.54,18.3,62.6,0.89,69,Moderate
5.55,7.91,53.41,8.1,4.452,41.79,21.4,90.4,2.78,21,Good
19.87,35.27,38.58,61.01,1.866,69.0,35.6,31.0,3.22,70,Moderate
27.93,44.02,24.49,28.83,0.82,53.31,30.2,22.0,0.89,78,Moderate
26.53,54.45,20.62,20.12,2.147,79.18,37.9,88.7,1.23,75,Moderate
31.42,69.13,21.36,18.9,0.761,34.47,1.0,72.4,5.94,97,Moderate
56.3,75.89,30.29,1.0,0.282,59.48,41.0,80.5,4.99,142,Unhealthy for Sensitive Groups
42.49,75.94,55.59,59.07,1.077,14.27,35.6,42.2,0.61,116,Unhealthy for Sensitive Groups
53.79,116.36,44.08,24.26,0.529,77.61,35.8,20.2,8.13,139,Unhealthy for Sensitive Groups
24.59,46.03,35.57,5.13,0.335,105.04,10.2,56.2,2.97,76,Moderate
32.2,75.75,88.68,2.35,0.374,98.67,20.8,94.3,2.06,90,Moderate
73.64,77.44,49.54,24.75,1.994,80.94,22.1,88.1,0.67,165,Unhealthy
61.02,69.2,55.95,8.55,4.263,74.37,28.0,25.4,3.93,162,Unhealthy
110.49,174.78,75.91,12.54,0.543,111.65,44.1,34.1,7.61,173,Unhealthy
15.63,31.07,15.47,12.06,1.696,46.08,28.4,43.3,0.2,54,Moderate
63.03,142.05,56.41,12.5,1.082,53.67,38.0,82.3,2.21,152,Unhealthy
19.66,43.89,13.54,1.87,0.196,95.32,40.2,81.9,6.29,65,Moderate
24.86,40.35,16.7,32.85,3.352,56.52,33.2,33.9,9.14,82,Moderate
60.29,145.19,75.34,8.21,2.547,36.87,28.6,60.0,0.22,148,Unhealthy for Sensitive Groups
38.34,45.89,111.96,10.59,0.925,21.99,38.7,57.6,4.7,106,Unhealthy for Sensitive Groups
60.34,93.46,55.64,6.44,1.01,39.01,10.5,51.1,0.99,152,Unhealthy
33.79,53.59,29.08,26.89,1.607,103.95,32.6,60.2,2.34,94,Moderate
35.23,53.51,64.3,6.29,6.331,57.42,41.6,42.0,4.59,102,Unhealthy for Sensitive Groups
14.3,14.38,47.27,4.43,1.273,40.99,27.7,59.9,2.36,54,Moderate
44.03,97.14,61.55,23.3,1.785,57.79,32.2,71.4,0.35,113,Unhealthy for Sensitive Groups
22.73,25.82,46.31,10.18,0.216,68.13,36.5,24.7,2.68,66,Moderate
38.9,65.73,39.5,18.54,2.431,13.54,22.5,92.5,0.38,108,Unhealthy for Sensitive Groups
67.19,127.94,15.5,7.64,0.823,37.73,45.0,32.4,1.28,166,Unhealthy
10.93,9.11,30.96,4.59,2.142,22.81,14.2,47.0,2.45,48,Good
202.6,393.48,33.25,9.15,1.864,96.58,7.4,55.3,14.27,257,Very Unhealthy
22.25,43.16,51.5,28.97,0.469,57.05,33.2,23.1,3.89,72,Moderate
46.89,38.09,27.16,9.0,0.823,55.62,19.9,61.1,1.08,129,Unhealthy for Sensitive Groups
60.29,113.85,134.61,30.99,0.705,55.49,27.8,85.2,6.28,154,Unhealthy
28.2,35.51,45.5,8.46,0.524,32.0,28.8,87.6,0.77,85,Moderate
27.81,55.98,10.37,20.08,0.393,72.95,30.4,44.5,1.45,85,Moderate
76.89,180.25,27.64,11.91,1.43,105.88,12.8,61.9,3.12,167,Unhealthy
81.5,110.4,74.1,8.58,0.438,44.56,18.5,78.3,1.59,164,Unhealthy
26.15,78.81,22.56,5.12,0.361,82.21,37.3,39.0,3.92,80,Moderate
38.95,56.81,15.34,8.09,0.927,57.21,20.5,59.6,3.15,117,Unhealthy for Sensitive Groups
47.11,62.43,27.33,14.68,0.548,40.91,24.7,47.5,3.3,132,Unhealthy for Sensitive Groups
61.28,120.68,22.63,1.95,0.785,82.64,20.0,48.4,1.64,145,Unhealthy for Sensitive Groups
46.61,137.42,40.47,4.67,0.913,19.47,30.5,27.1,0.17,124,Unhealthy for Sensitive Groups
63.02,142.92,22.01,19.64,2.255,24.44,21.4,50.5,6.18,148,Unhealthy for Sensitive Groups
32.03,63.86,6.26,3.17,0.685,104.19,41.8,32.1,0.23,95,Moderate
46.12,76.33,20.72,13.42,2.362,49.92,17.7,42.6,1.87,133,Unhealthy for Sensitive Groups
71.88,123.68,70.05,24.36,1.545,89.79,11.2,44.8,1.08,163,Unhealthy
144.69,326.74,53.75,36.88,1.906,57.06,13.4,52.3,1.05,196,Unhealthy
32.92,64.51,5.81,1.33,0.1,5.0,36.9,88.8,0.77,103,Unhealthy for Sensitive Groups
34.27,58.53,85.74,14.03,0.915,77.0,13.3,67.3,0.95,99,Moderate
21.39,46.01,78.88,48.5,0.739,69.2,11.8,93.1,9.33,82,Moderate
57.58,116.91,52.74,38.45,0.61,41.31,33.1,64.3,10.73,154,Unhealthy
8.44,27.18,13.17,2.3,1.246,87.4,43.4,80.4,2.54,29,Good
75.33,147.64,91.9,16.6,1.013,83.38,45.0,82.6,2.23,159,Unhealthy
58.59,116.46,29.97,6.92,2.91,41.12,24.2,75.4,0.15,155,Unhealthy
35.18,60.33,26.17,7.14,1.906,87.07,-5.3,70.2,4.88,101,Unhealthy for Sensitive Groups
45.71,54.4,30.04,7.82,0.691,65.5,23.6,51.3,0.56,125,Unhealthy for Sensitive Groups
26.75,65.38,36.79,23.92,0.544,61.73,37.7,62.5,0.46,79,Moderate
17.26,31.79,68.46,18.12,0.332,41.57,14.9,34.5,1.66,69,Moderate
44.23,123.07,31.5,18.07,1.799,37.1,19.8,66.4,1.28,127,Unhealthy for Sensitive Groups
67.81,124.81,43.33,17.31,1.627,95.47,28.6,58.6,0.3,158,Unhealthy
28.62,35.11,15.37,5.4,2.421,69.58,37.5,80.3,0.48,93,Moderate
130.31,160.02,48.94,4.67,0.912,83.61,15.8,87.7,14.61,195,Unhealthy
43.09,66.76,44.15,3.63,1.905,48.01,36.3,30.0,3.98,117,Unhealthy for Sensitive Groups
8.43,17.97,56.92,12.13,1.586,72.6,32.7,71.8,2.74,58,Moderate
59.37,172.83,25.42,1.28,0.868,51.29,23.0,91.3,1.09,167,Unhealthy
70.22,102.31,61.31,17.7,1.054,76.67,33.3,88.8,1.68,154,Unhealthy
89.15,124.21,66.85,42.25,0.27,24.93,35.7,82.6,2.97,171,Unhealthy
14.61,28.37,20.38,18.8,3.415,25.37,42.2,23.6,4.6,47,Good
58.39,86.2,44.18,20.77,0.972,32.36,40.7,38.9,8.78,156,Unhealthy
38.73,67.33,59.3,6.51,0.62,59.7,14.2,31.1,0.39,113,Unhealthy for Sensitive Groups
38.03,46.27,68.42,8.75,0.258,5.0,30.4,89.5,0.64,106,Unhealthy for Sensitive Groups
86.3,145.21,77.31,11.73,2.826,71.52,25.2,76.2,2.52,165,Unhealthy
43.49,65.91,21.92,11.23,0.704,75.33,29.3,59.9,8.37,120,Unhealthy for Sensitive Groups
29.34,78.13,26.58,17.78,0.34,16.32,26.1,93.5,1.81,81,Moderate
32.04,37.4,107.33,39.07,1.004,49.84,27.2,34.6,3.01,100,Moderate
22.33,32.75,166.66,11.47,1.298,106.42,25.5,68.1,1.04,112,Unhealthy for Sensitive Groups
42.13,108.8,43.05,32.64,1.961,49.02,19.4,65.7,5.01,121,Unhealthy for Sensitive Groups
99.39,206.44,36.93,13.15,0.143,34.81,28.0,45.5,2.79,162,Unhealthy
31.05,79.66,127.79,2.97,0.491,50.61,34.8,56.4,1.44,106,Unhealthy for Sensitive Groups
60.53,112.53,135.17,14.59,0.971,89.3,23.7,37.7,2.35,149,Unhealthy for Sensitive Groups
37.62,67.29,65.75,15.56,1.214,31.28,20.4,70.8,3.56,106,Unhealthy for Sensitive Groups
36.76,74.04,32.13,3.11,1.323,73.81,27.7,51.4,0.72,114,Unhealthy for Sensitive Groups
85.31,96.93,59.11,35.93,0.61,70.58,29.4,21.8,1.25,163,Unhealthy
17.0,29.72,8.13,21.36,0.454,59.73,18.7,91.3,0.87,54,Moderate
14.95,18.2,87.05,28.18,0.204,50.56,21.6,57.6,9.67,78,Moderate
81.7,131.95,23.17,29.44,1.129,83.18,14.3,72.9,0.13,165,Unhealthy
21.23,56.29,75.15,5.07,0.284,31.51,28.9,34.8,0.17,79,Moderate
38.46,64.88,7.65,29.52,0.735,70.09,22.3,29.5,1.32,99,Moderate
191.39,235.03,28.39,1.84,0.349,21.23,39.4,87.7,2.32,245,Very Unhealthy
63.59,143.5,38.95,13.74,0.764,84.12,30.9,64.3,1.2,151,Unhealthy
22.32,36.67,41.15,8.49,0.859,78.93,32.5,57.0,5.83,72,Moderate
85.24,108.86,21.29,3.16,1.296,49.57,27.2,59.1,0.56,173,Unhealthy
64.52,147.54,38.64,20.66,0.221,54.17,34.5,37.7,1.36,154,Unhealthy
1.45,10.94,31.67,23.1,1.426,71.95,9.4,88.5,2.01,32,Good
47.47,88.2,42.69,4.86,1.48,26.1,25.5,36.1,0.68,127,Unhealthy for Sensitive Groups
17.68,36.74,24.4,13.08,0.376,52.54,22.5,31.9,1.03,61,Moderate
29.36,64.23,60.19,19.9,0.349,59.95,37.1,89.8,8.84,86,Moderate
131.79,296.78,46.16,22.51,0.549,17.34,12.9,39.3,2.2,189,Unhealthy
53.89,134.61,20.33,4.03,2.366,82.44,27.9,84.7,6.11,135,Unhealthy for Sensitive Groups
73.05,118.95,55.4,4.3,0.187,112.01,38.6,77.9,0.94,160,Unhealthy
44.52,54.26,28.16,22.2,1.395,120.12,24.7,48.6,2.84,126,Unhealthy for Sensitive Groups
80.58,182.81,24.37,3.92,1.115,11.21,24.7,39.1,4.32,164,Unhealthy
29.69,28.69,9.16,29.79,2.572,89.01,28.5,76.9,1.64,92,Moderate
55.63,111.49,62.89,10.35,1.57,44.22,23.6,64.8,2.94,152,Unhealthy
65.44,107.15,40.96,7.64,1.849,57.23,29.8,39.1,5.97,149,Unhealthy for Sensitive Groups
70.62,132.4,19.0,25.51,0.529,35.45,36.8,86.8,0.46,156,Unhealthy
9.7,36.25,13.47,13.35,0.651,75.18,29.0,74.1,1.31,35,Good
149.16,158.02,63.76,14.91,0.286,5.0,25.5,88.2,5.21,186,Unhealthy
21.6,31.13,28.88,3.32,1.559,30.01,33.6,52.8,0.79,76,Moderate
212.0,349.69,63.85,55.1,0.156,5.0,41.0,29.6,2.44,276,Very Unhealthy
53.33,155.95,6.05,44.27,0.808,45.55,19.3,89.3,1.73,141,Unhealthy for Sensitive Groups
50.51,116.26,9.91,13.9,2.634,52.17,44.7,65.1,3.28,138,Unhealthy for Sensitive Groups
16.77,41.26,55.94,8.94,1.616,20.66,19.9,65.5,3.31,56,Moderate
35.55,54.18,55.9,18.78,1.209,73.04,29.5,63.8,2.59,102,Unhealthy for Sensitive Groups
120.09,255.11,64.89,2.03,0.59,70.83,29.0,55.4,8.8,190,Unhealthy
80.53,216.57,21.05,17.07,1.779,81.65,29.6,39.1,0.58,166,Unhealthy
34.91,55.5,18.88,1.0,0.487,95.16,9.3,66.0,5.41,104,Unhealthy for Sensitive Groups
36.19,83.61,73.19,9.71,1.352,53.35,13.3,73.9,2.02,110,Unhealthy for Sensitive Groups
33.57,53.93,5.0,3.57,1.912,65.56,21.7,88.7,3.25,104,Unhealthy for Sensitive Groups
77.82,94.96,34.65,22.65,0.453,34.43,19.1,25.4,0.96,164,Unhealthy
80.53,129.37,62.44,7.18,0.953,61.68,30.8,39.1,0.3,159,Unhealthy
55.24,70.74,28.73,2.94,0.926,62.82,37.6,78.3,4.51,146,Unhealthy for Sensitive Groups
43.08,59.14,136.62,30.26,1.456,98.13,5.1,78.1,0.87,118,Unhealthy for Sensitive Groups
34.64,55.31,35.4,117.11,0.388,73.4,14.1,35.9,1.48,97,Moderate
155.31,195.21,49.25,11.9,1.107,73.89,20.2,33.9,0.15,198,Unhealthy
14.64,37.86,19.2,18.53,0.759,52.45,14.3,47.5,3.15,56,Moderate
29.85,34.63,103.9,5.97,2.001,5.0,22.2,24.7,3.49,102,Unhealthy for Sensitive Groups
62.38,71.32,49.92,7.56,1.248,60.59,16.9,74.8,6.96,150,Unhealthy for Sensitive Groups
11.15,15.3,27.38,39.41,1.316,48.08,30.4,70.2,6.65,46,Good
20.82,38.42,29.52,21.39,1.176,32.21,45.0,84.4,3.66,63,Moderate
169.99,207.95,69.49,21.75,0.525,78.52,16.9,52.3,1.17,221,Very Unhealthy
77.22,136.27,24.36,6.64,0.42,84.68,38.0,67.8,1.41,158,Unhealthy
28.47,64.96,50.6,4.74,1.413,34.83,45.0,91.5,1.44,87,Moderate
32.9,60.82,9.53,45.48,0.111,60.95,18.8,91.9,0.42,97,Moderate
13.39,19.96,10.41,11.93,0.495,57.31,45.0,25.3,8.83,57,Moderate
28.55,32.85,38.0,20.41,0.903,88.4,16.7,20.1,5.11,94,Moderate
61.7,83.6,106.63,5.23,1.267,70.93,37.8,92.0,0.47,156,Unhealthy
65.07,62.22,8.19,1.18,0.267,77.82,17.4,60.1,8.78,155,Unhealthy
29.64,59.57,21.48,9.68,0.798,50.78,6.8,72.5,5.56,92,Moderate
15.54,28.82,9.67,46.24,0.954,70.33,35.8,88.4,7.53,50,Good
44.61,66.03,33.52,18.81,0.823,81.81,30.6,52.5,1.01,121,Unhealthy for Sensitive Groups
37.18,50.37,39.88,18.63,0.98,117.9,24.6,53.0,1.23,102,Unhealthy for Sensitive Groups
64.63,91.72,29.13,9.01,0.57,46.47,8.8,32.5,1.9,151,Unhealthy
45.44,112.82,5.0,12.19,1.717,50.87,38.5,87.9,0.76,124,Unhealthy for Sensitive Groups
41.51,77.51,7.6,14.28,1.204,41.53,36.2,68.6,1.88,126,Unhealthy for Sensitive Groups
90.27,186.96,13.6,16.44,0.769,48.82,7.1,33.5,0.1,167,Unhealthy
110.11,194.86,25.83,3.1,0.13,94.55,27.6,62.0,6.3,181,Unhealthy
64.56,117.03,23.26,34.31,1.087,39.28,30.8,44.6,0.53,151,Unhealthy
40.37,95.07,19.43,21.83,0.255,69.74,13.9,31.0,2.08,109,Unhealthy for Sensitive Groups
28.78,88.55,25.69,14.93,0.138,84.95,35.3,33.6,7.93,81,Moderate
22.83,27.29,29.73,26.25,0.375,89.98,45.0,61.9,5.16,69,Moderate
88.24,129.92,142.62,31.05,1.217,96.36,36.0,62.3,4.49,175,Unhealthy
77.75,129.01,145.87,26.26,1.219,71.76,42.8,79.2,2.79,160,Unhealthy
41.81,75.1,40.77,27.45,0.1,69.32,34.3,38.6,1.72,112,Unhealthy for Sensitive Groups
50.08,106.96,21.89,7.58,1.201,45.79,14.0,88.7,1.77,139,Unhealthy for Sensitive Groups
78.73,190.66,26.74,12.64,0.161,10.77,33.7,58.9,0.27,163,Unhealthy
69.54,161.05,33.37,29.86,1.749,45.11,12.1,35.3,0.2,166,Unhealthy
3.91,11.37,15.42,10.42,1.483,63.98,20.0,51.0,5.56,18,Good
27.1,47.78,46.47,24.94,0.124,85.34,22.6,89.3,1.58,89,Moderate
49.3,101.27,36.21,6.95,1.077,97.53,21.5,55.9,0.17,129,Unhealthy for Sensitive Groups
13.72,31.39,79.78,6.01,0.57,60.16,17.1,85.6,3.26,77,Moderate
60.22,59.55,19.57,16.67,1.724,88.11,22.5,32.0,3.45,157,Unhealthy
28.16,56.51,90.93,38.97,0.48,64.19,23.8,88.5,0.77,86,Moderate
37.88,65.32,33.56,22.04,2.269,65.2,37.9,52.3,1.59,107,Unhealthy for Sensitive Groups
28.79,48.14,20.78,15.39,1.551,52.52,29.3,90.2,2.56,80,Moderate
35.08,43.89,74.46,21.84,0.282,48.11,34.9,85.0,2.72,99,Moderate
51.83,92.87,25.64,18.2,2.49,45.45,22.7,69.5,2.15,133,Unhealthy for Sensitive Groups
69.73,170.52,28.64,6.1,1.069,46.24,34.7,70.5,1.36,154,Unhealthy
46.09,76.14,15.68,10.83,0.815,43.14,5.7,35.9,0.21,120,Unhealthy for Sensitive Groups
41.96,51.8,75.57,3.18,0.419,81.25,12.2,65.2,0.1,115,Unhealthy for Sensitive Groups
6.64,9.21,102.92,18.77,0.994,91.72,35.1,61.2,1.85,103,Unhealthy for Sensitive Groups
21.21,50.84,12.21,31.22,1.756,41.02,19.1,45.1,0.68,63,Moderate
31.78,43.71,84.46,35.05,1.207,37.69,26.1,57.9,8.37,94,Moderate
62.11,150.89,35.95,10.01,1.259,55.34,1.6,89.7,3.07,151,Unhealthy
43.33,97.47,60.61,5.7,0.936,38.18,21.2,20.4,2.64,109,Unhealthy for Sensitive Groups
48.84,105.84,45.19,19.8,2.009,34.56,12.5,51.3,1.57,137,Unhealthy for Sensitive Groups
17.19,54.68,23.81,2.9,1.075,51.28,18.2,45.0,1.2,63,Moderate
89.07,141.86,171.08,2.04,0.442,66.09,26.2,92.1,0.59,166,Unhealthy
48.62,67.04,43.04,23.31,0.528,65.78,26.0,93.0,0.19,137,Unhealthy for Sensitive Groups
22.57,22.6,70.77,15.05,0.877,52.16,22.6,63.9,3.02,83,Moderate
28.15,54.55,25.89,20.58,0.744,46.89,34.0,61.3,4.53,85,Moderate
38.79,99.31,76.05,2.63,1.838,75.22,20.6,87.7,5.85,114,Unhealthy for Sensitive Groups
25.9,32.36,45.19,50.32,1.279,69.71,22.4,20.5,3.87,71,Moderate
27.14,48.82,11.32,2.47,0.883,64.31,13.0,62.2,6.82,84,Moderate
21.44,31.76,33.0,38.35,0.491,45.89,37.1,21.8,12.19,72,Moderate
61.79,116.01,38.51,38.94,0.693,93.33,16.9,92.6,9.78,156,Unhealthy
16.23,48.75,29.65,29.39,0.62,27.23,10.9,44.0,2.69,52,Moderate
127.52,166.56,41.25,21.91,1.515,46.02,12.9,59.1,0.76,185,Unhealthy
41.96,131.12,28.85,19.29,0.1,35.33,27.0,51.3,0.34,118,Unhealthy for Sensitive Groups
13.15,30.72,11.25,3.97,0.479,60.04,24.0,87.0,15.31,52,Moderate
74.47,121.6,45.55,5.79,0.261,43.32,22.8,95.0,1.11,159,Unhealthy
98.08,220.07,25.15,9.26,0.472,62.35,35.0,25.1,0.1,176,Unhealthy
40.73,94.28,54.2,14.72,1.246,73.09,15.2,74.9,1.49,110,Unhealthy for Sensitive Groups
105.13,115.07,40.22,9.77,1.279,91.62,29.9,47.6,4.14,174,Unhealthy
53.09,85.57,20.81,11.52,1.181,65.36,25.9,30.4,6.64,147,Unhealthy for Sensitive Groups
28.18,48.45,56.29,3.95,0.244,64.98,29.1,50.4,1.95,90,Moderate
132.01,233.88,67.89,42.0,0.951,70.76,26.1,94.9,1.04,191,Unhealthy
10.47,31.63,34.66,17.33,2.112,5.0,17.5,46.8,4.52,51,Moderate
31.08,72.63,17.56,49.92,0.687,61.44,2.7,40.8,2.1,98,Moderate
30.52,56.12,93.87,2.8,0.782,32.32,33.1,83.5,0.27,102,Unhealthy for Sensitive Groups
94.96,210.29,26.33,3.14,0.52,43.77,24.9,85.1,6.56,166,Unhealthy
81.51,83.55,55.01,30.48,0.862,57.0,26.2,45.4,3.2,163,Unhealthy
44.94,127.71,5.0,9.01,0.929,83.81,24.7,42.4,0.11,124,Unhealthy for Sensitive Groups
29.64,58.79,46.69,34.24,0.878,15.81,10.2,68.5,0.1,82,Moderate
36.08,61.02,59.87,27.33,0.816,65.98,27.3,35.4,0.28,101,Unhealthy for Sensitive Groups
28.67,42.85,30.37,12.25,0.1,62.59,25.3,56.3,5.18,82,Moderate
71.47,128.04,61.26,4.61,3.144,70.78,24.3,30.6,1.97,148,Unhealthy for Sensitive Groups
88.66,176.44,53.03,5.04,2.242,115.92,42.2,42.9,1.23,162,Unhealthy
165.19,250.07,69.45,6.99,1.399,98.91,26.2,42.3,0.86,215,Very Unhealthy
28.22,67.7,33.76,14.18,0.766,67.28,23.8,72.1,2.12,93,Moderate
14.04,25.55,26.94,22.21,1.731,74.02,23.5,41.2,0.26,48,Good
40.88,65.53,15.07,4.81,1.355,59.08,14.3,87.4,2.88,120,Unhealthy for Sensitive Groups
81.28,144.9,53.43,5.64,2.003,78.99,26.4,93.7,1.44,164,Unhealthy
20.74,35.75,112.0,5.13,0.669,60.89,27.7,26.1,5.87,102,Unhealthy for Sensitive Groups
31.26,85.04,14.4,71.4,0.662,70.68,18.4,49.8,4.21,87,Moderate
73.62,97.29,74.31,8.2,2.852,43.39,32.4,42.6,0.1,158,Unhealthy
28.63,44.97,101.54,18.44,1.823,65.76,29.9,46.4,0.55,99,Moderate
59.11,60.17,25.97,28.81,1.548,94.05,23.9,39.9,1.93,156,Unhealthy
15.38,24.71,55.6,5.73,0.338,74.19,33.3,48.7,3.22,57,Moderate
92.47,121.56,11.17,20.89,0.474,62.91,21.2,30.6,3.77,179,Unhealthy
33.13,65.57,70.08,20.7,0.17,5.0,33.0,41.0,5.08,89,Moderate
35.68,86.78,5.01,4.78,0.258,69.59,20.1,76.1,0.15,108,Unhealthy for Sensitive Groups
11.22,23.73,6.5,8.23,0.761,57.82,40.8,45.8,0.1,43,Good
18.91,21.75,16.83,20.89,0.559,33.17,19.2,35.6,2.75,62,Moderate
57.89,132.07,39.7,11.31,0.854,58.32,23.4,28.1,3.86,154,Unhealthy
31.18,68.05,42.5,31.61,1.101,58.44,16.3,46.1,4.64,85,Moderate
19.99,33.52,71.44,3.05,0.395,60.15,30.5,68.3,0.51,77,Moderate
9.52,24.95,26.28,34.14,1.164,78.62,13.6,39.0,10.4,39,Good
66.47,136.8,10.98,12.15,1.021,54.72,23.8,51.7,0.78,157,Unhealthy
67.1,120.73,43.55,10.03,0.498,53.87,11.2,91.4,0.86,157,Unhealthy
64.33,79.24,58.49,22.73,1.743,51.17,30.4,61.4,0.5,160,Unhealthy
113.84,211.8,51.96,10.66,0.796,66.11,30.9,59.9,0.13,177,Unhealthy
31.1,77.57,48.76,15.14,0.23,73.54,26.2,50.7,4.98,84,Moderate
12.9,28.18,58.12,26.8,0.277,92.23,19.7,61.8,0.1,56,Moderate
44.7,104.98,38.48,18.0,1.511,73.23,31.9,93.8,1.87,123,Unhealthy for Sensitive Groups
92.43,177.44,57.14,29.6,0.974,86.92,15.6,39.0,0.29,168,Unhealthy
53.55,75.42,11.21,9.57,0.78,81.16,17.6,90.6,0.14,150,Unhealthy for Sensitive Groups
63.45,141.11,59.3,18.27,0.801,63.82,31.9,31.2,8.18,153,Unhealthy
10.66,22.43,57.8,43.81,0.375,41.85,30.4,28.3,5.24,48,Good
22.45,23.83,33.17,19.16,0.803,70.1,30.5,69.1,1.51,87,Moderate
69.7,160.3,43.83,25.33,0.373,98.96,45.0,38.8,1.84,154,Unhealthy
44.0,105.36,50.89,40.55,0.859,87.16,26.7,53.3,6.08,124,Unhealthy for Sensitive Groups
36.56,71.59,157.52,18.73,0.994,91.95,21.0,74.7,4.78,111,Unhealthy for Sensitive Groups
62.91,127.72,24.79,20.98,0.32,13.91,23.6,60.1,3.53,142,Unhealthy for Sensitive Groups
69.12,101.69,32.04,7.2,0.475,10.87,4.0,21.0,2.31,154,Unhealthy
49.27,97.16,13.67,35.63,1.288,47.88,28.9,42.9,2.81,133,Unhealthy for Sensitive Groups
3.97,8.03,92.85,23.11,1.642,71.86,39.1,24.9,1.5,79,Moderate
43.43,87.93,52.58,6.89,1.615,50.63,21.5,89.5,2.25,115,Unhealthy for Sensitive Groups
57.25,108.6,29.35,6.02,0.777,55.01,38.1,79.6,2.33,148,Unhealthy for Sensitive Groups
9.74,21.04,39.86,10.83,1.951,23.01,15.3,93.8,6.0,38,Good
66.19,105.41,81.27,14.28,0.473,44.82,17.2,86.4,0.74,162,Unhealthy
105.1,105.26,49.88,12.84,0.176,37.78,17.2,55.6,0.85,175,Unhealthy
51.27,101.3,61.85,13.41,0.589,38.58,10.4,86.2,0.71,136,Unhealthy for Sensitive Groups
23.74,31.66,18.88,10.59,0.546,41.6,39.6,70.4,2.6,79,Moderate
3.65,9.74,13.03,13.36,0.451,32.59,30.2,59.3,3.56,10,Good
67.04,100.06,102.86,30.36,1.474,5.0,31.2,47.8,0.82,165,Unhealthy
12.88,26.84,27.07,22.82,0.902,95.29,17.8,71.1,3.39,48,Good
75.63,73.34,21.54,2.61,1.963,57.08,33.0,64.3,2.97,159,Unhealthy
123.39,226.31,5.62,32.86,0.573,42.82,19.9,66.1,1.16,184,Unhealthy
18.6,54.44,56.05,18.68,0.721,56.41,20.4,50.0,0.78,67,Moderate
37.08,68.94,25.44,4.7,1.278,68.33,35.7,75.4,6.41,109,Unhealthy for Sensitive Groups
127.67,263.51,110.23,15.14,1.687,62.83,16.5,26.1,2.53,189,Unhealthy
46.98,59.42,20.99,6.84,2.704,41.62,15.0,74.5,3.65,126,Unhealthy for Sensitive Groups
22.84,60.86,8.45,6.87,0.74,84.83,13.8,74.8,7.78,67,Moderate
59.11,184.29,14.08,10.58,0.1,45.14,23.5,58.7,0.69,154,Unhealthy
38.59,47.03,46.81,32.65,0.1,54.18,45.0,39.7,1.29,111,Unhealthy for Sensitive Groups
24.3,56.34,162.04,8.16,3.472,103.09,22.4,58.9,1.71,116,Unhealthy for Sensitive Groups
63.37,94.56,99.76,23.89,0.695,111.5,12.0,29.2,0.8,148,Unhealthy for Sensitive Groups
62.06,162.82,55.03,62.85,2.707,88.69,18.7,41.4,5.51,154,Unhealthy
17.58,35.26,81.39,86.1,0.952,43.28,20.3,51.6,0.26,74,Moderate
49.6,103.1,34.66,10.99,2.105,49.37,25.5,70.5,0.82,136,Unhealthy for Sensitive Groups
45.17,34.98,30.43,3.88,1.642,40.52,28.6,34.0,0.64,121,Unhealthy for Sensitive Groups
30.95,72.43,57.93,19.86,0.307,54.06,4.1,31.9,9.2,87,Moderate
14.72,38.89,27.51,22.86,2.536,73.35,12.8,65.6,2.96,63,Moderate
48.33,99.83,13.56,31.05,0.383,13.01,12.0,71.0,3.78,138,Unhealthy for Sensitive Groups
107.63,202.65,5.5,19.84,1.755,34.14,35.2,26.3,0.34,178,Unhealthy
23.75,37.5,16.89,3.38,1.47,62.73,14.9,22.5,0.65,72,Moderate
66.43,130.37,55.55,1.0,1.913,57.6,27.8,31.0,4.98,160,Unhealthy
94.68,179.62,22.13,34.86,0.886,48.79,29.7,87.6,2.52,175,Unhealthy
49.35,96.68,69.03,27.9,1.72,25.08,20.0,70.4,0.14,135,Unhealthy for Sensitive Groups
64.65,146.35,11.05,4.95,0.412,45.1,0.7,89.1,2.5,159,Unhealthy
25.88,41.87,17.33,4.65,0.826,47.89,36.7,69.9,1.94,80,Moderate
75.61,148.6,81.91,52.46,1.665,26.73,38.1,92.4,0.5,158,Unhealthy
77.95,140.07,68.27,31.31,2.01,39.12,24.8,52.9,2.7,164,Unhealthy
66.77,111.38,29.06,10.7,0.41,55.14,18.2,64.9,0.57,151,Unhealthy
20.78,33.64,47.18,5.97,1.679,71.81,43.0,65.1,5.01,64,Moderate
54.11,84.32,17.85,10.37,1.594,82.87,17.8,20.2,2.89,138,Unhealthy for Sensitive Groups
24.85,45.21,80.33,8.19,1.459,33.82,32.9,22.1,6.15,86,Moderate
129.28,137.26,105.69,23.0,0.714,51.25,10.0,30.9,1.66,186,Unhealthy
24.14,52.23,34.33,17.05,0.1,53.85,29.6,58.3,2.15,82,Moderate
36.86,64.98,24.52,7.24,1.575,55.05,12.0,52.3,4.29,94,Moderate
8.61,7.4,29.01,24.65,2.025,53.33,28.8,60.5,2.37,48,Good
59.69,107.5,55.77,6.38,2.256,30.73,25.0,80.0,2.55,152,Unhealthy
20.98,28.78,7.19,7.51,0.24,71.87,21.3,81.7,2.42,71,Moderate
55.89,114.47,33.48,11.64,0.1,52.15,21.1,93.3,2.03,145,Unhealthy for Sensitive Groups
28.37,59.55,55.28,31.74,0.614,60.82,35.8,61.8,4.92,84,Moderate
39.4,41.54,51.33,6.64,1.312,61.99,24.1,46.0,1.99,107,Unhealthy for Sensitive Groups
80.78,243.54,45.6,27.37,1.518,44.84,29.0,43.1,6.93,159,Unhealthy
137.55,238.35,46.2,52.15,0.652,79.11,45.0,45.6,4.96,191,Unhealthy
9.95,26.51,32.52,8.64,0.765,48.71,12.5,44.3,3.54,32,Good
40.31,54.54,46.21,29.25,0.834,64.21,17.3,49.5,6.87,122,Unhealthy for Sensitive Groups
66.5,132.09,62.99,34.46,0.298,62.38,8.5,25.6,2.31,155,Unhealthy
50.11,83.49,29.59,91.73,1.28,66.43,8.0,67.5,5.18,142,Unhealthy for Sensitive Groups
64.22,101.25,14.79,20.65,3.052,86.89,44.1,62.6,0.83,170,Unhealthy
37.24,75.5,86.39,12.11,1.183,41.97,20.8,54.6,0.23,101,Unhealthy for Sensitive Groups
103.93,138.08,76.31,43.7,1.796,59.73,-1.3,26.1,3.47,177,Unhealthy
58.19,78.26,6.5,25.06,0.589,58.96,22.2,27.0,1.08,154,Unhealthy
57.24,108.26,47.87,23.42,0.632,52.69,20.1,60.9,3.02,145,Unhealthy for Sensitive Groups
12.92,27.23,5.0,21.13,0.883,72.21,14.5,22.7,0.24,56,Moderate
41.78,54.62,10.97,54.11,0.65,30.88,20.6,74.4,9.35,123,Unhealthy for Sensitive Groups
53.56,119.11,37.57,8.21,0.373,94.95,26.6,94.5,2.17,143,Unhealthy for Sensitive Groups
48.33,84.02,83.92,29.62,1.229,96.12,20.9,64.8,0.1,134,Unhealthy for Sensitive Groups
34.42,49.08,103.37,21.23,0.414,44.19,33.5,74.3,1.94,102,Unhealthy for Sensitive Groups
43.32,81.74,82.2,36.59,0.508,57.55,24.4,52.9,4.68,119,Unhealthy for Sensitive Groups
57.97,50.44,9.21,7.69,1.625,15.19,25.1,70.1,6.01,157,Unhealthy
41.9,99.36,122.96,3.82,1.548,43.65,23.1,68.9,1.86,113,Unhealthy for Sensitive Groups
68.26,149.89,62.89,54.0,0.674,117.76,12.7,81.8,0.4,155,Unhealthy
39.94,46.85,73.13,1.85,1.156,75.01,13.1,73.4,7.1,104,Unhealthy for Sensitive Groups
12.27,17.16,17.1,7.02,4.153,77.1,26.2,76.2,11.92,48,Good
78.57,208.64,40.24,2.6,0.1,47.62,17.4,61.7,0.2,167,Unhealthy
25.41,45.04,47.61,32.36,0.564,57.45,31.0,56.3,0.24,78,Moderate
13.09,22.59,54.79,5.11,1.595,58.5,21.6,54.4,2.5,49,Good
46.78,133.42,45.06,19.11,0.493,24.97,17.3,49.4,2.29,119,Unhealthy for Sensitive Groups
105.88,215.23,35.0,5.06,0.522,62.96,27.6,40.0,2.66,169,Unhealthy
65.29,83.74,32.62,3.49,0.197,78.76,25.3,22.5,1.14,149,Unhealthy for Sensitive Groups
71.82,199.86,30.35,51.0,0.708,104.15,8.4,70.3,0.15,159,Unhealthy
26.16,50.57,100.67,24.96,0.461,65.99,6.8,87.6,2.61,89,Moderate
20.17,31.94,85.54,10.0,0.763,56.63,30.7,89.8,0.49,87,Moderate
34.02,58.67,81.97,15.58,0.664,56.68,17.6,63.5,1.25,96,Moderate
61.06,116.7,38.23,3.64,0.89,69.21,26.5,27.1,2.62,157,Unhealthy
72.83,92.07,20.61,62.38,0.882,79.23,27.3,85.9,0.7,157,Unhealthy
46.95,128.44,17.68,6.74,1.604,86.67,37.0,76.1,2.35,115,Unhealthy for Sensitive Groups
55.91,99.85,85.02,27.41,0.911,6.9,41.5,38.9,3.76,154,Unhealthy
40.77,61.5,103.55,2.75,0.506,86.63,13.6,80.3,0.2,118,Unhealthy for Sensitive Groups
44.31,109.31,72.44,17.28,1.884,29.99,23.5,55.4,2.9,116,Unhealthy for Sensitive Groups
35.45,41.22,38.12,21.46,0.426,35.42,23.8,86.6,2.14,36,Good
38.78,40.24,55.01,13.76,1.66,54.75,40.2,38.6,0.31,114,Unhealthy for Sensitive Groups
40.8,105.96,31.13,26.74,0.432,72.53,10.6,80.1,3.68,107,Unhealthy for Sensitive Groups
36.46,47.15,9.81,10.25,4.239,27.15,39.4,73.4,1.12,109,Unhealthy for Sensitive Groups
37.83,92.24,11.32,7.08,0.513,45.13,30.6,21.1,0.6,111,Unhealthy for Sensitive Groups
7.38,17.5,54.78,14.43,1.941,67.16,19.5,62.3,1.0,58,Moderate
44.75,100.02,27.95,3.91,0.234,72.07,33.7,73.7,2.37,134,Unhealthy for Sensitive Groups
42.9,72.52,6.5,4.08,4.969,71.47,21.3,31.7,2.6,114,Unhealthy for Sensitive Groups
74.19,168.16,31.6,6.79,0.669,83.53,8.8,59.9,0.56,164,Unhealthy
9.15,13.12,12.27,45.17,0.365,88.59,26.2,42.8,8.28,31,Good
55.35,81.81,17.55,12.66,1.212,62.69,22.4,72.2,1.2,146,Unhealthy for Sensitive Groups
74.2,167.44,9.48,67.47,1.29,58.28,20.1,60.5,0.94,170,Unhealthy
36.43,68.14,18.71,11.75,0.961,40.16,17.1,66.6,0.62,107,Unhealthy for Sensitive Groups
35.44,40.21,5.5,7.15,0.564,45.54,31.2,25.4,0.39,2,Good
53.85,84.06,12.25,49.37,0.614,25.94,24.9,30.3,12.07,141,Unhealthy for Sensitive Groups
71.69,93.41,71.82,6.78,0.49,94.72,20.2,61.4,3.37,159,Unhealthy
75.15,89.73,60.1,11.37,1.156,58.29,18.9,33.6,4.64,157,Unhealthy
23.9,65.39,58.17,3.45,0.578,78.6,20.4,57.4,1.54,66,Moderate
35.43,65.13,63.97,38.71,1.842,126.93,19.2,71.8,1.61,60,Moderate
61.52,75.16,6.5,13.27,1.501,115.66,20.9,80.7,13.0,147,Unhealthy for Sensitive Groups
70.81,116.6,27.42,37.28,1.393,87.72,32.3,30.7,0.67,156,Unhealthy
13.76,18.35,25.58,21.89,0.457,50.58,21.3,75.6,1.19,63,Moderate
37.32,83.71,13.85,12.92,0.331,80.03,26.5,47.2,0.65,103,Unhealthy for Sensitive Groups
30.95,54.67,9.48,18.99,1.374,59.87,21.2,70.9,1.0,83,Moderate
40.41,74.42,52.81,42.03,1.103,36.5,7.3,30.9,3.27,116,Unhealthy for Sensitive Groups
69.88,109.2,36.84,15.37,1.273,37.2,27.2,58.6,1.11,159,Unhealthy
17.3,30.92,9.57,11.53,0.668,81.3,17.8,82.8,6.25,66,Moderate
65.04,93.92,8.28,1.08,0.538,78.41,31.7,28.0,0.15,155,Unhealthy
30.59,45.83,63.9,21.06,1.461,90.51,41.6,82.1,1.31,90,Moderate
62.21,162.95,44.92,13.36,0.473,54.11,18.4,54.0,5.91,156,Unhealthy
18.07,47.91,45.8,47.14,1.619,48.96,34.1,81.7,2.91,69,Moderate
56.17,108.27,43.63,3.35,1.199,32.77,20.9,91.9,4.42,145,Unhealthy for Sensitive Groups
12.01,24.57,43.61,21.63,0.521,18.57,21.9,32.0,1.17,46,Good
36.22,80.47,40.13,2.14,1.188,38.81,28.8,70.6,1.38,103,Unhealthy for Sensitive Groups
59.91,103.42,20.68,10.63,1.404,43.7,5.3,37.6,6.57,157,Unhealthy
25.35,39.57,59.31,44.45,1.853,31.57,7.8,30.2,4.15,72,Moderate
4.42,12.14,30.04,43.78,0.509,47.17,25.6,67.1,1.45,24,Good
31.69,35.44,17.33,20.77,0.657,107.4,-1.2,28.1,0.73,83,Moderate
32.56,55.57,27.2,21.02,2.091,42.8,35.9,54.9,0.34,90,Moderate
35.35,48.49,87.63,30.06,1.193,13.77,38.4,67.7,5.94,98,Moderate
34.97,51.25,55.34,13.4,0.536,63.8,28.5,57.5,3.59,92,Moderate
67.95,121.72,46.65,11.98,1.715,76.02,23.7,72.3,2.8,153,Unhealthy
107.44,178.9,16.8,3.47,2.133,37.85,36.1,80.1,4.5,179,Unhealthy
79.69,124.39,16.67,15.63,1.002,78.95,20.4,85.4,7.39,168,Unhealthy
53.69,105.03,37.64,3.93,1.726,105.12,21.2,62.0,4.3,145,Unhealthy for Sensitive Groups
46.69,138.11,23.99,9.83,0.754,54.17,23.6,40.7,1.64,129,Unhealthy for Sensitive Groups
26.32,46.27,34.31,31.74,1.111,78.58,16.7,58.2,0.58,79,Moderate
49.68,90.58,17.05,19.61,1.194,83.11,37.9,49.1,3.75,132,Unhealthy for Sensitive Groups
47.24,101.4,17.97,6.35,0.429,70.27,37.6,36.9,0.85,128,Unhealthy for Sensitive Groups
38.75,104.95,6.39,9.28,0.553,82.71,15.6,59.7,4.58,107,Unhealthy for Sensitive Groups
62.26,76.45,28.74,16.39,1.203,73.31,17.5,21.7,1.24,157,Unhealthy
40.77,56.29,30.15,23.67,2.856,36.32,21.5,65.4,0.51,118,Unhealthy for Sensitive Groups
58.63,60.66,35.13,5.49,0.505,5.0,37.0,81.6,0.88,152,Unhealthy
46.52,99.89,77.85,39.74,0.822,64.67,21.5,95.0,0.93,124,Unhealthy for Sensitive Groups
46.46,104.92,5.0,14.69,1.579,54.22,26.6,89.1,1.43,117,Unhealthy for Sensitive Groups
26.63,30.85,120.0,5.36,1.26,19.33,14.3,26.7,0.89,99,Moderate
16.79,29.81,54.6,6.99,0.551,54.62,40.2,32.2,0.77,62,Moderate
53.45,104.36,39.66,38.33,2.935,56.63,13.3,30.4,1.49,143,Unhealthy for Sensitive Groups
32.68,67.46,16.73,24.26,1.09,67.48,20.9,61.9,6.08,93,Moderate
20.04,59.12,18.6,32.75,1.019,87.87,7.9,23.4,0.22,59,Moderate
66.96,158.82,59.11,20.12,1.037,39.82,37.3,90.3,1.05,155,Unhealthy
30.8,53.33,14.27,5.66,0.747,8.39,24.7,24.6,2.48,94,Moderate
99.03,151.71,63.17,39.17,2.942,49.95,42.8,49.3,6.23,164,Unhealthy
45.51,112.71,26.73,4.84,0.171,80.35,15.2,87.0,1.0,106,Unhealthy for Sensitive Groups
30.05,41.97,43.31,15.9,0.748,93.45,35.5,91.1,1.29,82,Moderate
67.48,70.43,59.2,3.29,0.367,44.93,28.9,54.9,4.8,158,Unhealthy
67.22,110.01,15.6,9.69,0.726,74.62,17.1,56.6,1.4,152,Unhealthy
29.21,45.18,33.65,10.45,2.179,32.5,18.4,67.7,5.72,90,Moderate
29.93,56.97,33.32,4.56,3.208,60.17,30.5,50.6,1.82,93,Moderate
65.5,92.12,57.18,6.67,0.466,5.0,24.6,44.3,2.53,148,Unhealthy for Sensitive Groups
12.25,17.14,95.34,18.13,1.046,51.81,18.2,75.5,2.47,99,Moderate
7.01,5.0,12.14,8.7,1.104,68.0,42.5,64.7,0.38,33,Good
35.82,53.66,26.89,107.27,0.535,48.52,25.4,56.1,1.32,102,Unhealthy for Sensitive Groups
55.41,76.06,13.27,25.42,1.101,24.9,21.2,27.6,0.83,11,Good
52.12,65.51,36.73,27.2,2.735,61.94,14.2,25.2,3.45,147,Unhealthy for Sensitive Groups
55.51,52.29,60.99,33.25,0.279,105.33,19.8,58.3,8.14,159,Unhealthy
68.73,116.82,30.26,21.02,1.149,39.23,3.6,66.5,0.72,157,Unhealthy
83.34,106.44,75.97,7.25,1.356,42.13,25.0,69.3,0.29,166,Unhealthy
44.21,106.29,52.06,26.95,2.377,54.0,32.3,87.1,2.12,126,Unhealthy for Sensitive Groups
10.28,11.38,35.77,11.13,0.536,101.59,39.4,81.2,1.49,51,Moderate
6.73,16.66,29.64,3.7,0.313,26.67,20.8,30.6,0.11,34,Good
25.25,38.74,42.56,22.62,0.519,40.77,29.8,79.6,7.64,76,Moderate
32.14,65.25,80.19,20.53,0.782,76.89,21.5,70.7,8.45,99,Moderate
11.78,16.1,31.05,27.4,1.275,29.11,7.1,82.1,5.7,38,Good
4.18,7.09,19.48,13.32,2.09,38.56,4.6,83.3,0.99,21,Good
23.97,50.68,115.66,30.24,1.365,104.37,23.9,45.9,0.39,117,Unhealthy for Sensitive Groups
116.1,162.83,41.88,5.0,0.448,103.65,4.7,39.7,2.69,176,Unhealthy
66.96,121.11,39.12,2.14,0.889,74.76,22.4,61.4,0.99,156,Unhealthy
63.29,84.35,66.6,15.9,0.944,68.21,20.7,42.4,0.68,152,Unhealthy
28.56,45.31,5.0,8.78,1.131,45.32,7.4,46.2,3.08,83,Moderate
34.68,54.8,11.31,6.15,0.848,60.11,-2.2,25.2,4.16,103,Unhealthy for Sensitive Groups
60.31,112.72,5.5,11.68,1.272,40.93,17.6,94.4,2.25,157,Unhealthy
17.79,28.07,5.69,23.97,0.625,97.95,39.7,43.2,1.16,66,Moderate
122.19,204.04,14.24,1.0,2.307,63.67,27.5,78.5,2.16,186,Unhealthy
18.87,29.57,25.62,10.09,1.645,56.12,17.5,94.5,2.75,69,Moderate
75.34,102.83,29.12,48.38,1.289,61.36,16.8,92.7,0.16,158,Unhealthy
18.43,34.83,30.76,3.12,0.716,44.11,28.3,67.5,1.76,67,Moderate
47.74,74.27,47.15,8.18,0.982,72.84,25.7,60.4,2.74,133,Unhealthy for Sensitive Groups
61.86,111.39,24.04,37.64,0.564,54.49,31.5,43.2,0.42,150,Unhealthy for Sensitive Groups
10.8,5.0,43.96,12.52,1.801,132.68,42.4,84.6,1.79,44,Good
16.02,29.15,63.77,17.71,2.365,49.08,35.9,45.3,1.28,61,Moderate
23.16,33.46,132.51,10.31,1.979,80.88,35.6,28.0,6.07,106,Unhealthy for Sensitive Groups
43.4,65.94,116.09,40.12,0.238,106.14,23.6,42.1,2.02,117,Unhealthy for Sensitive Groups
51.66,85.18,120.83,7.62,1.022,5.0,2.2,43.6,1.67,136,Unhealthy for Sensitive Groups
85.47,258.51,25.05,15.44,0.194,49.25,3.3,73.9,0.84,161,Unhealthy
21.63,31.94,5.0,27.95,1.939,98.22,29.5,32.7,9.47,69,Moderate
113.04,201.49,32.08,6.36,0.826,5.0,19.0,43.8,9.74,181,Unhealthy
65.47,89.74,16.96,2.8,0.105,89.86,41.0,25.7,1.37,163,Unhealthy
18.37,26.79,34.81,23.91,0.869,68.2,39.2,83.6,7.94,55,Moderate
35.81,85.79,10.13,4.42,2.494,98.54,25.8,74.4,2.89,105,Unhealthy for Sensitive Groups
10.43,19.78,29.13,20.62,2.742,52.52,19.8,52.8,4.56,53,Moderate
31.58,42.02,17.04,19.71,0.722,66.62,15.5,52.3,0.28,81,Moderate
33.08,63.45,18.61,4.04,1.277,30.75,40.7,32.5,0.1,104,Unhealthy for Sensitive Groups
43.87,75.86,73.33,16.64,0.804,54.3,26.3,48.8,2.17,129,Unhealthy for Sensitive Groups
58.08,75.41,37.2,61.6,2.218,40.57,17.6,88.0,0.24,152,Unhealthy
41.49,48.89,36.43,24.95,1.11,45.37,23.7,30.4,6.67,114,Unhealthy for Sensitive Groups
23.7,24.94,79.21,97.85,0.586,63.71,22.2,77.4,5.15,74,Moderate
98.78,178.61,47.65,8.69,1.337,40.42,42.6,23.5,3.76,171,Unhealthy
110.98,157.97,60.11,17.44,1.34,5.0,26.7,43.4,0.1,178,Unhealthy
45.86,57.92,38.48,5.94,0.894,66.11,25.2,83.5,1.84,124,Unhealthy for Sensitive Groups
63.63,94.0,74.62,48.61,0.845,65.43,11.3,53.4,0.24,152,Unhealthy
27.17,70.93,5.32,11.02,2.258,78.57,29.6,72.7,7.92,93,Moderate
44.1,109.7,29.18,3.93,1.042,59.84,25.4,27.8,2.85,121,Unhealthy for Sensitive Groups
50.21,57.89,44.97,17.27,0.276,32.93,30.3,71.3,0.51,135,Unhealthy for Sensitive Groups
16.4,40.58,25.53,8.16,0.414,98.13,25.5,81.4,2.47,61,Moderate
25.59,53.26,24.06,20.2,1.089,51.53,21.5,80.4,0.38,86,Moderate
81.39,165.47,68.83,12.91,0.863,35.75,25.5,52.9,0.47,161,Unhealthy
56.07,128.22,51.16,25.33,0.845,96.36,17.3,87.8,0.25,156,Unhealthy
41.06,53.32,52.95,1.02,0.299,102.55,26.5,63.1,6.16,116,Unhealthy for Sensitive Groups
36.97,102.14,66.04,14.63,1.481,5.0,37.9,81.3,2.37,102,Unhealthy for Sensitive Groups
33.25,77.71,12.52,5.79,1.186,36.81,33.8,36.0,1.19,98,Moderate
65.43,89.53,29.4,33.65,0.965,55.42,22.1,35.8,0.1,163,Unhealthy
10.72,11.09,27.54,45.26,0.228,66.96,22.9,76.6,1.92,46,Good
71.39,111.81,100.49,7.73,0.47,76.36,30.9,68.5,2.16,163,Unhealthy
93.44,219.09,47.37,20.53,0.28,122.95,28.7,70.7,1.23,172,Unhealthy
31.22,33.11,120.16,5.28,0.334,32.61,25.0,37.7,1.99,121,Unhealthy for Sensitive Groups
111.61,175.33,9.18,18.92,0.378,63.93,19.4,50.0,0.32,181,Unhealthy
62.03,105.72,54.12,5.6,0.355,23.13,16.1,39.4,7.66,166,Unhealthy
37.66,83.4,33.65,19.8,0.463,65.67,16.0,25.1,0.9,113,Unhealthy for Sensitive Groups
25.13,63.15,5.0,22.34,2.99,101.44,23.4,35.3,8.9,79,Moderate
96.45,146.74,18.28,51.98,1.021,5.0,28.4,94.6,2.04,169,Unhealthy
43.33,89.33,16.44,2.79,0.762,24.08,7.8,37.6,5.83,120,Unhealthy for Sensitive Groups
132.5,206.12,61.08,21.21,1.338,79.58,32.3,31.9,2.58,194,Unhealthy
75.95,209.09,59.8,1.47,0.125,80.22,14.3,72.3,5.58,164,Unhealthy
36.87,48.57,32.22,13.09,0.871,39.27,18.2,65.2,0.1,100,Moderate
28.04,76.7,9.7,12.54,1.419,80.42,22.5,76.0,0.62,86,Moderate
10.38,7.89,12.87,12.38,2.782,92.62,28.8,69.0,1.31,39,Good
30.79,56.0,76.58,2.45,0.901,73.79,40.1,36.7,1.05,98,Moderate
45.93,95.63,20.35,13.69,0.571,96.51,20.3,57.6,8.8,121,Unhealthy for Sensitive Groups
102.47,155.81,6.5,13.35,0.306,68.1,35.8,33.2,1.51,168,Unhealthy
127.45,199.0,26.46,1.0,0.907,53.45,21.0,39.0,10.74,189,Unhealthy
81.9,98.91,8.87,1.28,0.575,67.12,38.3,94.0,3.16,162,Unhealthy
97.39,146.05,45.36,16.49,0.648,81.08,24.3,74.7,5.42,174,Unhealthy
35.03,58.76,32.29,31.65,0.961,19.7,10.1,78.7,1.5,106,Unhealthy for Sensitive Groups
15.69,32.44,24.61,15.76,0.522,66.75,17.9,22.3,0.63,67,Moderate
61.95,80.91,10.53,17.57,0.223,56.78,25.1,48.7,0.16,147,Unhealthy for Sensitive Groups
62.41,168.43,25.15,6.75,1.115,46.73,22.9,61.6,3.2,153,Unhealthy
4.01,5.33,35.83,12.3,0.471,31.62,14.8,31.2,10.71,37,Good
34.46,68.82,24.08,2.65,1.577,12.98,11.8,83.6,0.38,103,Unhealthy for Sensitive Groups
7.25,12.62,17.83,21.57,0.359,47.08,33.0,30.5,4.43,22,Good
22.59,48.59,54.61,5.18,1.981,45.11,1.9,67.7,1.36,70,Moderate
48.64,100.02,71.72,2.97,0.561,83.55,30.0,61.5,15.09,142,Unhealthy for Sensitive Groups
79.2,199.04,7.9,13.7,2.543,88.24,14.0,83.7,6.12,161,Unhealthy
52.35,88.04,67.48,33.7,0.217,38.67,44.0,43.4,0.79,147,Unhealthy for Sensitive Groups
66.5,95.72,74.66,15.82,1.827,38.44,4.8,41.3,4.35,163,Unhealthy
47.36,87.28,128.46,33.59,0.504,45.95,4.0,83.5,3.98,136,Unhealthy for Sensitive Groups
23.63,32.99,36.99,8.63,0.174,87.98,20.7,36.6,4.32,74,Moderate
58.79,68.95,24.89,17.35,0.405,43.21,35.2,76.0,0.26,159,Unhealthy
15.35,35.71,58.37,10.91,2.602,109.09,45.0,34.3,4.97,56,Moderate
51.85,54.51,29.88,23.8,0.636,63.14,34.9,85.7,0.91,131,Unhealthy for Sensitive Groups
69.34,204.69,56.42,19.54,1.183,71.07,26.4,82.9,2.68,146,Unhealthy for Sensitive Groups
36.02,96.16,23.87,6.06,0.642,48.24,15.3,79.1,0.37,100,Moderate
61.58,108.71,22.17,53.91,0.903,100.48,17.4,56.9,2.45,156,Unhealthy
41.01,69.01,45.88,3.21,0.633,70.86,18.4,22.5,7.11,110,Unhealthy for Sensitive Groups
11.41,14.44,26.79,15.28,0.451,48.0,20.9,29.9,0.59,50,Good
44.33,79.03,32.32,5.25,1.223,27.04,22.5,54.2,5.79,117,Unhealthy for Sensitive Groups
54.33,90.62,5.0,13.33,0.171,77.18,27.0,23.3,1.72,151,Unhealthy
66.68,65.13,87.16,4.83,0.308,43.99,19.2,24.8,1.17,163,Unhealthy
12.87,43.17,53.38,13.23,1.355,55.56,26.6,29.4,0.18,55,Moderate
